Trade Date,Display,Shares In Issue,Open Price,Close Price
13/01/2021,REIZ,"56,460,198.00",0.39,0.39
13/01/2021,ZMFA,"27,090,100.00",4.78,4.78
13/01/2021,ZNCO,"1,443,750,041.28",0.47,0.47
13/01/2021,ZCCM,"160,800,286.00",38.80,38.8
13/01/2021,ZFCO,"400,000,000.00",2.12,2.12
13/01/2021,BATZ,"212,456,304.00",1.80,1.8
13/01/2021,NATB,"63,000,000.00",9.21,9.21
13/01/2021,PUMA,"500,000,000.00",0.80,0.8
13/01/2021,SHOP,"2,700,000.00",63.00,63
13/01/2021,CCAF,"1,625,000,597.00",0.14,0.14
13/01/2021,PMDZ,"100,000,000.00",0.62,0.62
13/01/2021,ATEL,"104,000,000.00",29.49,29.49
13/01/2021,CECZ,"1,625,000,597.00",1.10,1.1
13/01/2021,ZABR,"546,000,000.00",7.23,7.23
13/01/2021,MAFS,"50,000,000.00",2.88,2.88
13/01/2021,ZMBF,"300,579,610.00",1.10,1.1
13/01/2021,SCBL,"1,666,980,000.00",1.40,1.4
13/01/2021,ZSUG,"316,571,385.40",2.55,2.55
13/01/2021,ZMRE,"45,000,000.00",2.80,2.8
13/01/2021,AECI,"20,406,600.00",20.50,20.5
13/01/2021,BATA,"76,107,600.00",2.60,2.6
13/01/2021,CHIL,"200,039,904.00",2.07,2.07
14/01/2021,REIZ,"56,460,198.00",0.39,0.39
14/01/2021,ZMFA,"27,090,100.00",4.78,4.78
14/01/2021,ZNCO,"1,443,750,041.28",0.47,0.47
14/01/2021,ZCCM,"160,800,286.00",38.80,38.8
14/01/2021,ZFCO,"400,000,000.00",2.12,2.12
14/01/2021,BATZ,"212,456,304.00",1.80,1.8
14/01/2021,NATB,"63,000,000.00",9.21,9.21
14/01/2021,PUMA,"500,000,000.00",0.80,0.8
14/01/2021,SHOP,"2,700,000.00",63.00,63
14/01/2021,CCAF,"1,625,000,597.00",0.14,0.14
14/01/2021,PMDZ,"100,000,000.00",0.62,0.62
14/01/2021,ATEL,"104,000,000.00",29.49,29.49
14/01/2021,CECZ,"1,625,000,597.00",1.10,1.1
14/01/2021,ZABR,"546,000,000.00",7.23,7.23
14/01/2021,MAFS,"50,000,000.00",2.88,2.88
14/01/2021,ZMBF,"300,579,610.00",1.10,1.1
14/01/2021,SCBL,"1,666,980,000.00",1.40,1.4
14/01/2021,ZSUG,"316,571,385.40",2.55,2.55
14/01/2021,ZMRE,"45,000,000.00",2.80,2.8
14/01/2021,AECI,"20,406,600.00",20.50,20.5
14/01/2021,BATA,"76,107,600.00",2.60,2.6
14/01/2021,CHIL,"200,039,904.00",2.07,2.07
15/01/2021,REIZ,"56,460,198.00",0.39,0.39
15/01/2021,ZMFA,"27,090,100.00",4.78,4.78
15/01/2021,ZNCO,"1,443,750,041.28",0.47,0.47
15/01/2021,ZCCM,"160,800,286.00",38.80,38.8
15/01/2021,ZFCO,"400,000,000.00",2.12,2.12
15/01/2021,BATZ,"212,456,304.00",1.80,1.8
15/01/2021,NATB,"63,000,000.00",9.21,9.21
15/01/2021,PUMA,"500,000,000.00",0.80,0.8
15/01/2021,SHOP,"2,700,000.00",63.00,63
15/01/2021,CCAF,"1,625,000,597.00",0.14,0.14
15/01/2021,PMDZ,"100,000,000.00",0.62,0.62
15/01/2021,ATEL,"104,000,000.00",29.49,29.49
15/01/2021,CECZ,"1,625,000,597.00",1.10,1.1
15/01/2021,ZABR,"546,000,000.00",7.23,7.23
15/01/2021,MAFS,"50,000,000.00",2.88,2.88
15/01/2021,ZMBF,"300,579,610.00",1.10,1.1
15/01/2021,SCBL,"1,666,980,000.00",1.40,1.4
15/01/2021,ZSUG,"316,571,385.40",2.55,2.55
15/01/2021,ZMRE,"45,000,000.00",2.80,2.8
15/01/2021,AECI,"20,406,600.00",20.50,20.5
15/01/2021,BATA,"76,107,600.00",2.60,2.6
15/01/2021,CHIL,"200,039,904.00",2.07,2.07
18/01/2021,REIZ,"56,460,198.00",0.39,0.39
18/01/2021,ZMFA,"27,090,100.00",4.78,4.78
18/01/2021,ZNCO,"1,443,750,041.28",0.47,0.47
18/01/2021,ZCCM,"160,800,286.00",38.80,38.8
18/01/2021,ZFCO,"400,000,000.00",2.12,2.12
18/01/2021,BATZ,"212,456,304.00",1.80,1.8
18/01/2021,NATB,"63,000,000.00",9.21,9.21
18/01/2021,PUMA,"500,000,000.00",0.80,0.8
18/01/2021,SHOP,"2,700,000.00",63.00,63
18/01/2021,CCAF,"1,625,000,597.00",0.14,0.14
18/01/2021,PMDZ,"100,000,000.00",0.62,0.62
18/01/2021,ATEL,"104,000,000.00",29.49,29.49
18/01/2021,CECZ,"1,625,000,597.00",1.10,1.1
18/01/2021,ZABR,"546,000,000.00",7.23,7.23
18/01/2021,MAFS,"50,000,000.00",2.88,2.88
18/01/2021,ZMBF,"300,579,610.00",1.10,1.1
18/01/2021,SCBL,"1,666,980,000.00",1.40,1.4
18/01/2021,ZSUG,"316,571,385.40",2.55,2.55
18/01/2021,ZMRE,"45,000,000.00",2.80,2.8
18/01/2021,AECI,"20,406,600.00",20.50,20.5
18/01/2021,BATA,"76,107,600.00",2.60,2.6
18/01/2021,CHIL,"200,039,904.00",2.07,2.07
19/01/2021,REIZ,"56,460,198.00",0.39,0.39
19/01/2021,ZMFA,"27,090,100.00",4.78,4.78
19/01/2021,ZNCO,"1,443,750,041.28",0.47,0.47
19/01/2021,ZCCM,"160,800,286.00",38.80,38.8
19/01/2021,ZFCO,"400,000,000.00",2.12,2.12
19/01/2021,BATZ,"212,456,304.00",1.80,1.8
19/01/2021,NATB,"63,000,000.00",9.21,9.21
19/01/2021,PUMA,"500,000,000.00",0.80,0.8
19/01/2021,SHOP,"2,700,000.00",63.00,63
19/01/2021,CCAF,"1,625,000,597.00",0.14,0.14
19/01/2021,PMDZ,"100,000,000.00",0.62,0.62
19/01/2021,ATEL,"104,000,000.00",29.49,29.49
19/01/2021,CECZ,"1,625,000,597.00",1.10,1.1
19/01/2021,ZABR,"546,000,000.00",7.23,7.23
19/01/2021,MAFS,"50,000,000.00",2.88,2.88
19/01/2021,ZMBF,"300,579,610.00",1.10,1.1
19/01/2021,SCBL,"1,666,980,000.00",1.40,1.4
19/01/2021,ZSUG,"316,571,385.40",2.55,2.55
19/01/2021,ZMRE,"45,000,000.00",2.80,2.8
19/01/2021,AECI,"20,406,600.00",20.50,20.5
19/01/2021,BATA,"76,107,600.00",2.60,2.6
19/01/2021,CHIL,"200,039,904.00",2.07,2.07
20/01/2021,REIZ,"56,460,198.00",0.39,0.39
20/01/2021,ZMFA,"27,090,100.00",4.78,4.78
20/01/2021,ZNCO,"1,443,750,041.28",0.47,0.47
20/01/2021,ZCCM,"160,800,286.00",38.80,38.8
20/01/2021,ZFCO,"400,000,000.00",2.12,2.12
20/01/2021,BATZ,"212,456,304.00",1.80,1.8
20/01/2021,NATB,"63,000,000.00",9.21,9.21
20/01/2021,PUMA,"500,000,000.00",0.80,0.8
20/01/2021,SHOP,"2,700,000.00",63.00,63
20/01/2021,CCAF,"1,625,000,597.00",0.14,0.14
20/01/2021,PMDZ,"100,000,000.00",0.62,0.62
20/01/2021,ATEL,"104,000,000.00",29.49,29.49
20/01/2021,CECZ,"1,625,000,597.00",1.10,1.1
20/01/2021,ZABR,"546,000,000.00",7.23,7.23
20/01/2021,MAFS,"50,000,000.00",2.88,2.88
20/01/2021,ZMBF,"300,579,610.00",1.10,1.1
20/01/2021,SCBL,"1,666,980,000.00",1.40,1.4
20/01/2021,ZSUG,"316,571,385.40",2.55,2.55
20/01/2021,ZMRE,"45,000,000.00",2.80,2.8
20/01/2021,AECI,"20,406,600.00",20.50,20.5
20/01/2021,BATA,"76,107,600.00",2.60,2.6
20/01/2021,CHIL,"200,039,904.00",2.07,2.07
21/01/2021,REIZ,"56,460,198.00",0.39,0.39
21/01/2021,ZMFA,"27,090,100.00",4.78,4.78
21/01/2021,ZNCO,"1,443,750,041.28",0.47,0.47
21/01/2021,ZCCM,"160,800,286.00",38.80,38.8
21/01/2021,ZFCO,"400,000,000.00",2.12,2.12
21/01/2021,BATZ,"212,456,304.00",1.80,1.8
21/01/2021,NATB,"63,000,000.00",9.21,9.21
21/01/2021,PUMA,"500,000,000.00",0.80,0.8
21/01/2021,SHOP,"2,700,000.00",63.00,63
21/01/2021,CCAF,"1,625,000,597.00",0.14,0.14
21/01/2021,PMDZ,"100,000,000.00",0.62,0.62
21/01/2021,ATEL,"104,000,000.00",29.49,29.49
21/01/2021,CECZ,"1,625,000,597.00",1.10,1.1
21/01/2021,ZABR,"546,000,000.00",7.23,7.23
21/01/2021,MAFS,"50,000,000.00",2.88,2.88
21/01/2021,ZMBF,"300,579,610.00",1.10,1.1
21/01/2021,SCBL,"1,666,980,000.00",1.40,1.4
21/01/2021,ZSUG,"316,571,385.40",2.55,2.55
21/01/2021,ZMRE,"45,000,000.00",2.80,2.8
21/01/2021,AECI,"20,406,600.00",20.50,20.5
21/01/2021,BATA,"76,107,600.00",2.60,2.6
21/01/2021,CHIL,"200,039,904.00",2.07,2.07
22/01/2021,REIZ,"56,460,198.00",0.39,0.39
22/01/2021,ZMFA,"27,090,100.00",4.78,4.78
22/01/2021,ZNCO,"1,443,750,041.28",0.47,0.47
22/01/2021,ZCCM,"160,800,286.00",38.80,38.8
22/01/2021,ZFCO,"400,000,000.00",2.12,2.12
22/01/2021,BATZ,"212,456,304.00",1.80,1.8
22/01/2021,NATB,"63,000,000.00",9.21,9.21
22/01/2021,PUMA,"500,000,000.00",0.80,0.8
22/01/2021,SHOP,"2,700,000.00",63.00,63
22/01/2021,CCAF,"1,625,000,597.00",0.14,0.14
22/01/2021,PMDZ,"100,000,000.00",0.62,0.62
22/01/2021,ATEL,"104,000,000.00",29.49,29.49
22/01/2021,CECZ,"1,625,000,597.00",1.10,1.1
22/01/2021,ZABR,"546,000,000.00",7.23,7.23
22/01/2021,MAFS,"50,000,000.00",2.88,2.88
22/01/2021,ZMBF,"300,579,610.00",1.10,1.1
22/01/2021,SCBL,"1,666,980,000.00",1.40,1.4
22/01/2021,ZSUG,"316,571,385.40",2.55,2.55
22/01/2021,ZMRE,"45,000,000.00",2.80,2.8
22/01/2021,AECI,"20,406,600.00",20.50,20.5
22/01/2021,BATA,"76,107,600.00",2.60,2.6
22/01/2021,CHIL,"200,039,904.00",2.07,2.07
25/01/2021,REIZ,"56,460,198.00",0.39,0.39
25/01/2021,ZMFA,"27,090,100.00",4.78,4.78
25/01/2021,ZNCO,"1,443,750,041.28",0.47,0.47
25/01/2021,ZCCM,"160,800,286.00",38.80,38.8
25/01/2021,ZFCO,"400,000,000.00",2.12,2.12
25/01/2021,BATZ,"212,456,304.00",1.80,1.8
25/01/2021,NATB,"63,000,000.00",9.21,9.21
25/01/2021,PUMA,"500,000,000.00",0.80,0.8
25/01/2021,SHOP,"2,700,000.00",63.00,63
25/01/2021,CCAF,"1,625,000,597.00",0.14,0.14
25/01/2021,PMDZ,"100,000,000.00",0.62,0.62
25/01/2021,ATEL,"104,000,000.00",29.49,29.49
25/01/2021,CECZ,"1,625,000,597.00",1.10,1.1
25/01/2021,ZABR,"546,000,000.00",7.23,7.23
25/01/2021,MAFS,"50,000,000.00",2.88,2.88
25/01/2021,ZMBF,"300,579,610.00",1.10,1.1
25/01/2021,SCBL,"1,666,980,000.00",1.40,1.4
25/01/2021,ZSUG,"316,571,385.40",2.55,2.55
25/01/2021,ZMRE,"45,000,000.00",2.80,2.8
25/01/2021,AECI,"20,406,600.00",20.50,20.5
25/01/2021,BATA,"76,107,600.00",2.60,2.6
25/01/2021,CHIL,"200,039,904.00",2.07,2.07
26/01/2021,REIZ,"56,460,198.00",0.39,0.39
26/01/2021,ZMFA,"27,090,100.00",4.78,4.78
26/01/2021,ZNCO,"1,443,750,041.28",0.47,0.47
26/01/2021,ZCCM,"160,800,286.00",38.80,38.8
26/01/2021,ZFCO,"400,000,000.00",2.12,2.12
26/01/2021,BATZ,"212,456,304.00",1.80,1.8
26/01/2021,NATB,"63,000,000.00",9.21,9.21
26/01/2021,PUMA,"500,000,000.00",0.80,0.8
26/01/2021,SHOP,"2,700,000.00",63.00,63
26/01/2021,CCAF,"1,625,000,597.00",0.14,0.13
26/01/2021,PMDZ,"100,000,000.00",0.62,0.62
26/01/2021,ATEL,"104,000,000.00",29.49,29.49
26/01/2021,CECZ,"1,625,000,597.00",1.10,1.1
26/01/2021,ZABR,"546,000,000.00",7.23,7.23
26/01/2021,MAFS,"50,000,000.00",2.88,2.88
26/01/2021,ZMBF,"300,579,610.00",1.10,1.1
26/01/2021,SCBL,"1,666,980,000.00",1.40,1.4
26/01/2021,ZSUG,"316,571,385.40",2.55,2.55
26/01/2021,ZMRE,"45,000,000.00",2.80,2.8
26/01/2021,AECI,"20,406,600.00",20.50,20.5
26/01/2021,BATA,"76,107,600.00",2.60,2.6
26/01/2021,CHIL,"200,039,904.00",2.07,2.07
27/01/2021,REIZ,"56,460,198.00",0.39,0.39
27/01/2021,ZMFA,"27,090,100.00",4.78,4.78
27/01/2021,ZNCO,"1,443,750,041.28",0.47,0.47
27/01/2021,ZCCM,"160,800,286.00",38.80,38.8
27/01/2021,ZFCO,"400,000,000.00",2.12,2.12
27/01/2021,BATZ,"212,456,304.00",1.80,1.8
27/01/2021,NATB,"63,000,000.00",9.21,9.21
27/01/2021,PUMA,"500,000,000.00",0.80,0.8
27/01/2021,SHOP,"2,700,000.00",63.00,63
27/01/2021,CCAF,"1,625,000,597.00",0.13,0.13
27/01/2021,PMDZ,"100,000,000.00",0.62,0.62
27/01/2021,ATEL,"104,000,000.00",29.49,29.49
27/01/2021,CECZ,"1,625,000,597.00",1.10,1.1
27/01/2021,ZABR,"546,000,000.00",7.23,7.23
27/01/2021,MAFS,"50,000,000.00",2.88,2.88
27/01/2021,ZMBF,"300,579,610.00",1.10,1.1
27/01/2021,SCBL,"1,666,980,000.00",1.40,1.4
27/01/2021,ZSUG,"316,571,385.40",2.55,2.55
27/01/2021,ZMRE,"45,000,000.00",2.80,2.8
27/01/2021,AECI,"20,406,600.00",20.50,20.5
27/01/2021,BATA,"76,107,600.00",2.60,2.6
27/01/2021,CHIL,"200,039,904.00",2.07,2.07
28/01/2021,REIZ,"56,460,198.00",0.39,0.39
28/01/2021,ZMFA,"27,090,100.00",4.78,4.78
28/01/2021,ZNCO,"1,443,750,041.28",0.47,0.47
28/01/2021,ZCCM,"160,800,286.00",38.80,38.8
28/01/2021,ZFCO,"400,000,000.00",2.12,2.12
28/01/2021,BATZ,"212,456,304.00",1.80,1.8
28/01/2021,NATB,"63,000,000.00",9.21,9.21
28/01/2021,PUMA,"500,000,000.00",0.80,0.8
28/01/2021,SHOP,"2,700,000.00",63.00,62.99
28/01/2021,CCAF,"1,625,000,597.00",0.13,0.13
28/01/2021,PMDZ,"100,000,000.00",0.62,0.62
28/01/2021,ATEL,"104,000,000.00",29.49,29.49
28/01/2021,CECZ,"1,625,000,597.00",1.10,1.11
28/01/2021,ZABR,"546,000,000.00",7.23,7.23
28/01/2021,MAFS,"50,000,000.00",2.88,2.88
28/01/2021,ZMBF,"300,579,610.00",1.10,1.1
28/01/2021,SCBL,"1,666,980,000.00",1.40,1.37
28/01/2021,ZSUG,"316,571,385.40",2.55,2.55
28/01/2021,ZMRE,"45,000,000.00",2.80,2.8
28/01/2021,AECI,"20,406,600.00",20.50,20.5
28/01/2021,BATA,"76,107,600.00",2.60,2.6
28/01/2021,CHIL,"200,039,904.00",2.07,2.07
29/01/2021,REIZ,"56,460,198.00",0.39,0.39
29/01/2021,ZMFA,"27,090,100.00",4.78,4.78
29/01/2021,ZNCO,"1,443,750,041.28",0.47,0.47
29/01/2021,ZCCM,"160,800,286.00",38.80,38.8
29/01/2021,ZFCO,"400,000,000.00",2.12,2.12
29/01/2021,BATZ,"212,456,304.00",1.80,1.8
29/01/2021,NATB,"63,000,000.00",9.21,9.21
29/01/2021,PUMA,"500,000,000.00",0.80,0.8
29/01/2021,SHOP,"2,700,000.00",62.99,62.99
29/01/2021,CCAF,"1,625,000,597.00",0.13,0.13
29/01/2021,PMDZ,"100,000,000.00",0.62,0.62
29/01/2021,ATEL,"104,000,000.00",29.49,29.49
29/01/2021,CECZ,"1,625,000,597.00",1.11,1.11
29/01/2021,ZABR,"546,000,000.00",7.23,7.23
29/01/2021,MAFS,"50,000,000.00",2.88,2.88
29/01/2021,ZMBF,"300,579,610.00",1.10,1.1
29/01/2021,SCBL,"1,666,980,000.00",1.37,1.37
29/01/2021,ZSUG,"316,571,385.40",2.55,2.55
29/01/2021,ZMRE,"45,000,000.00",2.80,2.8
29/01/2021,AECI,"20,406,600.00",20.50,20.5
29/01/2021,BATA,"76,107,600.00",2.60,2.6
29/01/2021,CHIL,"200,039,904.00",2.07,2.07
01/02/2021,REIZ,"56,460,198.00",0.39,0.39
01/02/2021,ZMFA,"27,090,100.00",4.78,4.78
01/02/2021,ZNCO,"1,443,750,041.28",0.47,0.47
01/02/2021,ZCCM,"160,800,286.00",38.80,38.8
01/02/2021,ZFCO,"400,000,000.00",2.12,2.12
01/02/2021,BATZ,"212,456,304.00",1.80,1.8
01/02/2021,NATB,"63,000,000.00",9.21,9.21
01/02/2021,PUMA,"500,000,000.00",0.80,0.8
01/02/2021,SHOP,"2,700,000.00",62.99,62.99
01/02/2021,CCAF,"1,625,000,597.00",0.13,0.13
01/02/2021,PMDZ,"100,000,000.00",0.62,0.62
01/02/2021,ATEL,"104,000,000.00",29.49,29.49
01/02/2021,CECZ,"1,625,000,597.00",1.11,1.11
01/02/2021,ZABR,"546,000,000.00",7.23,7.23
01/02/2021,MAFS,"50,000,000.00",2.88,2.88
01/02/2021,ZMBF,"300,579,610.00",1.10,1.1
01/02/2021,SCBL,"1,666,980,000.00",1.37,1.37
01/02/2021,ZSUG,"316,571,385.40",2.55,2.55
01/02/2021,ZMRE,"45,000,000.00",2.80,2.8
01/02/2021,AECI,"20,406,600.00",20.50,20.5
01/02/2021,BATA,"76,107,600.00",2.60,2.6
01/02/2021,CHIL,"200,039,904.00",2.07,2.07
02/02/2021,REIZ,"56,460,198.00",0.39,0.39
02/02/2021,ZMFA,"27,090,100.00",4.78,4.78
02/02/2021,ZNCO,"1,443,750,041.28",0.47,0.47
02/02/2021,ZCCM,"160,800,286.00",38.80,38.8
02/02/2021,ZFCO,"400,000,000.00",2.12,2.12
02/02/2021,BATZ,"212,456,304.00",1.80,1.8
02/02/2021,NATB,"63,000,000.00",9.21,9.21
02/02/2021,PUMA,"500,000,000.00",0.80,0.8
02/02/2021,SHOP,"2,700,000.00",62.99,62.99
02/02/2021,CCAF,"1,625,000,597.00",0.13,0.13
02/02/2021,PMDZ,"100,000,000.00",0.62,0.62
02/02/2021,ATEL,"104,000,000.00",29.49,29.49
02/02/2021,CECZ,"1,625,000,597.00",1.11,1.11
02/02/2021,ZABR,"546,000,000.00",7.23,7.23
02/02/2021,MAFS,"50,000,000.00",2.88,2.88
02/02/2021,ZMBF,"300,579,610.00",1.10,1.1
02/02/2021,SCBL,"1,666,980,000.00",1.37,1.37
02/02/2021,ZSUG,"316,571,385.40",2.55,2.55
02/02/2021,ZMRE,"45,000,000.00",2.80,2.8
02/02/2021,AECI,"20,406,600.00",20.50,20.5
02/02/2021,BATA,"76,107,600.00",2.60,2.6
02/02/2021,CHIL,"200,039,904.00",2.07,2.07
03/02/2021,REIZ,"56,460,198.00",0.39,0.39
03/02/2021,ZMFA,"27,090,100.00",4.78,4.78
03/02/2021,ZNCO,"1,443,750,041.28",0.47,0.47
03/02/2021,ZCCM,"160,800,286.00",38.80,38.8
03/02/2021,ZFCO,"400,000,000.00",2.12,2.12
03/02/2021,BATZ,"212,456,304.00",1.80,1.8
03/02/2021,NATB,"63,000,000.00",9.21,9.21
03/02/2021,PUMA,"500,000,000.00",0.80,0.8
03/02/2021,SHOP,"2,700,000.00",62.99,62.99
03/02/2021,CCAF,"1,625,000,597.00",0.13,0.13
03/02/2021,PMDZ,"100,000,000.00",0.62,0.62
03/02/2021,ATEL,"104,000,000.00",29.49,29.49
03/02/2021,CECZ,"1,625,000,597.00",1.11,1.11
03/02/2021,ZABR,"546,000,000.00",7.23,7.23
03/02/2021,MAFS,"50,000,000.00",2.88,2.88
03/02/2021,ZMBF,"300,579,610.00",1.10,1.1
03/02/2021,SCBL,"1,666,980,000.00",1.37,1.37
03/02/2021,ZSUG,"316,571,385.40",2.55,2.55
03/02/2021,ZMRE,"45,000,000.00",2.80,2.8
03/02/2021,AECI,"20,406,600.00",20.50,20.5
03/02/2021,BATA,"76,107,600.00",2.60,2.6
03/02/2021,CHIL,"200,039,904.00",2.07,2.07
04/02/2021,REIZ,"56,460,198.00",0.39,0.39
04/02/2021,ZMFA,"27,090,100.00",4.78,4.78
04/02/2021,ZNCO,"1,443,750,041.28",0.47,0.47
04/02/2021,ZCCM,"160,800,286.00",38.80,38.8
04/02/2021,ZFCO,"400,000,000.00",2.12,2.12
04/02/2021,BATZ,"212,456,304.00",1.80,1.8
04/02/2021,NATB,"63,000,000.00",9.21,9.21
04/02/2021,PUMA,"500,000,000.00",0.80,0.8
04/02/2021,SHOP,"2,700,000.00",62.99,62.99
04/02/2021,CCAF,"1,625,000,597.00",0.13,0.13
04/02/2021,PMDZ,"100,000,000.00",0.62,0.62
04/02/2021,ATEL,"104,000,000.00",29.49,29.49
04/02/2021,CECZ,"1,625,000,597.00",1.11,1.11
04/02/2021,ZABR,"546,000,000.00",7.23,7.23
04/02/2021,MAFS,"50,000,000.00",2.88,2.88
04/02/2021,ZMBF,"300,579,610.00",1.10,1.1
04/02/2021,SCBL,"1,666,980,000.00",1.37,1.37
04/02/2021,ZSUG,"316,571,385.40",2.55,2.55
04/02/2021,ZMRE,"45,000,000.00",2.80,2.8
04/02/2021,AECI,"20,406,600.00",20.50,20.5
04/02/2021,BATA,"76,107,600.00",2.60,2.6
04/02/2021,CHIL,"200,039,904.00",2.07,2.07
05/02/2021,REIZ,"56,460,198.00",0.39,0.39
05/02/2021,ZMFA,"27,090,100.00",4.78,4.78
05/02/2021,ZNCO,"1,443,750,041.28",0.47,0.47
05/02/2021,ZCCM,"160,800,286.00",38.80,38.8
05/02/2021,ZFCO,"400,000,000.00",2.12,2.12
05/02/2021,BATZ,"212,456,304.00",1.80,1.8
05/02/2021,NATB,"63,000,000.00",9.21,9.21
05/02/2021,PUMA,"500,000,000.00",0.80,0.8
05/02/2021,SHOP,"2,700,000.00",62.99,62.99
05/02/2021,CCAF,"1,625,000,597.00",0.13,0.13
05/02/2021,PMDZ,"100,000,000.00",0.62,0.62
05/02/2021,ATEL,"104,000,000.00",29.49,29.49
05/02/2021,CECZ,"1,625,000,597.00",1.11,1.11
05/02/2021,ZABR,"546,000,000.00",7.23,7.23
05/02/2021,MAFS,"50,000,000.00",2.88,2.88
05/02/2021,ZMBF,"300,579,610.00",1.10,1.1
05/02/2021,SCBL,"1,666,980,000.00",1.37,1.37
05/02/2021,ZSUG,"316,571,385.40",2.55,2.55
05/02/2021,ZMRE,"45,000,000.00",2.80,2.8
05/02/2021,AECI,"20,406,600.00",20.50,20.5
05/02/2021,BATA,"76,107,600.00",2.60,2.6
05/02/2021,CHIL,"200,039,904.00",2.07,2.07
08/02/2021,REIZ,"56,460,198.00",0.39,0.39
08/02/2021,ZMFA,"27,090,100.00",4.78,4.78
08/02/2021,ZNCO,"1,443,750,041.28",0.47,0.47
08/02/2021,ZCCM,"160,800,286.00",38.80,38.8
08/02/2021,ZFCO,"400,000,000.00",2.12,2.12
08/02/2021,BATZ,"212,456,304.00",1.80,1.8
08/02/2021,NATB,"63,000,000.00",9.21,9.21
08/02/2021,PUMA,"500,000,000.00",0.80,0.8
08/02/2021,SHOP,"2,700,000.00",62.99,62.99
08/02/2021,CCAF,"1,625,000,597.00",0.13,0.13
08/02/2021,PMDZ,"100,000,000.00",0.62,0.62
08/02/2021,ATEL,"104,000,000.00",29.49,29.49
08/02/2021,CECZ,"1,625,000,597.00",1.11,1.11
08/02/2021,ZABR,"546,000,000.00",7.23,7.23
08/02/2021,MAFS,"50,000,000.00",2.88,2.88
08/02/2021,ZMBF,"300,579,610.00",1.10,1.1
08/02/2021,SCBL,"1,666,980,000.00",1.37,1.37
08/02/2021,ZSUG,"316,571,385.40",2.55,2.55
08/02/2021,ZMRE,"45,000,000.00",2.80,2.8
08/02/2021,AECI,"20,406,600.00",20.50,20.5
08/02/2021,BATA,"76,107,600.00",2.60,2.6
08/02/2021,CHIL,"200,039,904.00",2.07,2.07
09/02/2021,REIZ,"56,460,198.00",0.39,0.43
09/02/2021,ZMFA,"27,090,100.00",4.78,4.78
09/02/2021,ZNCO,"1,443,750,041.28",0.47,0.47
09/02/2021,ZCCM,"160,800,286.00",38.80,38.8
09/02/2021,ZFCO,"400,000,000.00",2.12,2.12
09/02/2021,BATZ,"212,456,304.00",1.80,1.8
09/02/2021,NATB,"63,000,000.00",9.21,9.21
09/02/2021,PUMA,"500,000,000.00",0.80,0.8
09/02/2021,SHOP,"2,700,000.00",62.99,62.99
09/02/2021,CCAF,"1,625,000,597.00",0.13,0.13
09/02/2021,PMDZ,"100,000,000.00",0.62,0.62
09/02/2021,ATEL,"104,000,000.00",29.49,29.49
09/02/2021,CECZ,"1,625,000,597.00",1.10,1.1
09/02/2021,ZABR,"546,000,000.00",7.23,7.23
09/02/2021,MAFS,"50,000,000.00",2.88,2.88
09/02/2021,ZMBF,"300,579,610.00",1.10,1.1
09/02/2021,SCBL,"1,666,980,000.00",1.37,1.37
09/02/2021,ZSUG,"316,571,385.40",2.55,2.55
09/02/2021,ZMRE,"45,000,000.00",2.80,2.8
09/02/2021,AECI,"20,406,600.00",20.50,20.5
09/02/2021,BATA,"76,107,600.00",2.60,2.6
09/02/2021,CHIL,"200,039,904.00",2.07,2.07
10/02/2021,REIZ,"56,460,198.00",0.43,0.43
10/02/2021,ZMFA,"27,090,100.00",4.78,4.78
10/02/2021,ZNCO,"1,443,750,041.28",0.47,0.5
10/02/2021,ZCCM,"160,800,286.00",38.80,38.8
10/02/2021,ZFCO,"400,000,000.00",2.12,2.12
10/02/2021,BATZ,"212,456,304.00",1.80,1.8
10/02/2021,NATB,"63,000,000.00",9.21,9.21
10/02/2021,PUMA,"500,000,000.00",0.80,0.8
10/02/2021,SHOP,"2,700,000.00",62.99,62.99
10/02/2021,CCAF,"1,625,000,597.00",0.13,0.13
10/02/2021,PMDZ,"100,000,000.00",0.62,0.62
10/02/2021,ATEL,"104,000,000.00",29.49,29.49
10/02/2021,CECZ,"1,625,000,597.00",1.10,1.1
10/02/2021,ZABR,"546,000,000.00",7.23,7.23
10/02/2021,MAFS,"50,000,000.00",2.88,2.88
10/02/2021,ZMBF,"300,579,610.00",1.10,1.1
10/02/2021,SCBL,"1,666,980,000.00",1.37,1.37
10/02/2021,ZSUG,"316,571,385.40",2.55,2.55
10/02/2021,ZMRE,"45,000,000.00",2.80,2.8
10/02/2021,AECI,"20,406,600.00",20.50,20.5
10/02/2021,BATA,"76,107,600.00",2.60,2.6
10/02/2021,CHIL,"200,039,904.00",2.07,2.07
11/02/2021,REIZ,"56,460,198.00",0.43,0.43
11/02/2021,ZMFA,"27,090,100.00",4.78,4.78
11/02/2021,ZNCO,"1,443,750,041.28",0.50,0.5
11/02/2021,ZCCM,"160,800,286.00",38.80,38.8
11/02/2021,ZFCO,"400,000,000.00",2.12,2.12
11/02/2021,BATZ,"212,456,304.00",1.80,1.8
11/02/2021,NATB,"63,000,000.00",9.21,9.21
11/02/2021,PUMA,"500,000,000.00",0.80,0.8
11/02/2021,SHOP,"2,700,000.00",62.99,62.99
11/02/2021,CCAF,"1,625,000,597.00",0.13,0.13
11/02/2021,PMDZ,"100,000,000.00",0.62,0.62
11/02/2021,ATEL,"104,000,000.00",29.49,29.49
11/02/2021,CECZ,"1,625,000,597.00",1.10,1.19
11/02/2021,ZABR,"546,000,000.00",7.23,7.23
11/02/2021,MAFS,"50,000,000.00",2.88,2.88
11/02/2021,ZMBF,"300,579,610.00",1.10,1.1
11/02/2021,SCBL,"1,666,980,000.00",1.37,1.37
11/02/2021,ZSUG,"316,571,385.40",2.55,2.55
11/02/2021,ZMRE,"45,000,000.00",2.80,2.8
11/02/2021,AECI,"20,406,600.00",20.50,20.5
11/02/2021,BATA,"76,107,600.00",2.60,2.6
11/02/2021,CHIL,"200,039,904.00",2.07,2.07
12/02/2021,REIZ,"56,460,198.00",0.43,0.43
12/02/2021,ZMFA,"27,090,100.00",4.78,4.78
12/02/2021,ZNCO,"1,443,750,041.28",0.50,0.51
12/02/2021,ZCCM,"160,800,286.00",38.80,38.8
12/02/2021,ZFCO,"400,000,000.00",2.12,2.12
12/02/2021,BATZ,"212,456,304.00",1.80,1.8
12/02/2021,NATB,"63,000,000.00",9.21,9.21
12/02/2021,PUMA,"500,000,000.00",0.80,0.8
12/02/2021,SHOP,"2,700,000.00",62.99,62.99
12/02/2021,CCAF,"1,625,000,597.00",0.13,0.13
12/02/2021,PMDZ,"100,000,000.00",0.62,0.62
12/02/2021,ATEL,"104,000,000.00",29.49,29.49
12/02/2021,CECZ,"1,625,000,597.00",1.19,1.19
12/02/2021,ZABR,"546,000,000.00",7.23,7.23
12/02/2021,MAFS,"50,000,000.00",2.88,2.88
12/02/2021,ZMBF,"300,579,610.00",1.10,1.1
12/02/2021,SCBL,"1,666,980,000.00",1.37,1.37
12/02/2021,ZSUG,"316,571,385.40",2.55,2.55
12/02/2021,ZMRE,"45,000,000.00",2.80,2.8
12/02/2021,AECI,"20,406,600.00",20.50,20.5
12/02/2021,BATA,"76,107,600.00",2.60,2.6
12/02/2021,CHIL,"200,039,904.00",2.07,2.07
15/02/2021,REIZ,"56,460,198.00",0.43,0.43
15/02/2021,ZMFA,"27,090,100.00",4.78,4.78
15/02/2021,ZNCO,"1,443,750,041.28",0.51,0.51
15/02/2021,ZCCM,"160,800,286.00",38.80,38.8
15/02/2021,ZFCO,"400,000,000.00",2.12,2.12
15/02/2021,BATZ,"212,456,304.00",1.80,1.8
15/02/2021,NATB,"63,000,000.00",9.21,9.21
15/02/2021,PUMA,"500,000,000.00",0.80,0.8
15/02/2021,SHOP,"2,700,000.00",62.99,62.99
15/02/2021,CCAF,"1,625,000,597.00",0.13,0.13
15/02/2021,PMDZ,"100,000,000.00",0.62,0.62
15/02/2021,ATEL,"104,000,000.00",29.49,29.49
15/02/2021,CECZ,"1,625,000,597.00",1.19,1.19
15/02/2021,ZABR,"546,000,000.00",7.23,7.23
15/02/2021,MAFS,"50,000,000.00",2.88,2.88
15/02/2021,ZMBF,"300,579,610.00",1.10,1.1
15/02/2021,SCBL,"1,666,980,000.00",1.37,1.37
15/02/2021,ZSUG,"316,571,385.40",2.55,2.55
15/02/2021,ZMRE,"45,000,000.00",2.80,2.8
15/02/2021,AECI,"20,406,600.00",20.50,20.5
15/02/2021,BATA,"76,107,600.00",2.60,2.6
15/02/2021,CHIL,"200,039,904.00",2.07,2.07
16/02/2021,REIZ,"56,460,198.00",0.43,0.43
16/02/2021,ZMFA,"27,090,100.00",4.78,4.78
16/02/2021,ZNCO,"1,443,750,041.28",0.51,0.51
16/02/2021,ZCCM,"160,800,286.00",38.80,38.8
16/02/2021,ZFCO,"400,000,000.00",2.12,2.12
16/02/2021,BATZ,"212,456,304.00",1.80,1.8
16/02/2021,NATB,"63,000,000.00",9.21,9.21
16/02/2021,PUMA,"500,000,000.00",0.80,0.8
16/02/2021,SHOP,"2,700,000.00",62.99,62.99
16/02/2021,CCAF,"1,625,000,597.00",0.13,0.13
16/02/2021,PMDZ,"100,000,000.00",0.62,0.62
16/02/2021,ATEL,"104,000,000.00",29.49,29.49
16/02/2021,CECZ,"1,625,000,597.00",1.19,1.25
16/02/2021,ZABR,"546,000,000.00",7.23,7.23
16/02/2021,MAFS,"50,000,000.00",2.88,2.88
16/02/2021,ZMBF,"300,579,610.00",1.10,1.11
16/02/2021,SCBL,"1,666,980,000.00",1.37,1.37
16/02/2021,ZSUG,"316,571,385.40",2.55,2.55
16/02/2021,ZMRE,"45,000,000.00",2.80,2.8
16/02/2021,AECI,"20,406,600.00",20.50,20.5
16/02/2021,BATA,"76,107,600.00",2.60,2.6
16/02/2021,CHIL,"200,039,904.00",2.07,2.07
17/02/2021,REIZ,"56,460,198.00",0.43,0.43
17/02/2021,ZMFA,"27,090,100.00",4.78,4.78
17/02/2021,ZNCO,"1,443,750,041.28",0.51,0.51
17/02/2021,ZCCM,"160,800,286.00",38.80,38.8
17/02/2021,ZFCO,"400,000,000.00",2.12,2.12
17/02/2021,BATZ,"212,456,304.00",1.80,1.8
17/02/2021,NATB,"63,000,000.00",9.21,9.21
17/02/2021,PUMA,"500,000,000.00",0.80,0.8
17/02/2021,SHOP,"2,700,000.00",62.99,62.99
17/02/2021,CCAF,"1,625,000,597.00",0.13,0.13
17/02/2021,PMDZ,"100,000,000.00",0.62,0.62
17/02/2021,ATEL,"104,000,000.00",29.49,29.49
17/02/2021,CECZ,"1,625,000,597.00",1.25,1.25
17/02/2021,ZABR,"546,000,000.00",7.23,7.23
17/02/2021,MAFS,"50,000,000.00",2.88,2.88
17/02/2021,ZMBF,"300,579,610.00",1.11,1.11
17/02/2021,SCBL,"1,666,980,000.00",1.37,1.37
17/02/2021,ZSUG,"316,571,385.40",2.55,2.55
17/02/2021,ZMRE,"45,000,000.00",2.80,2.8
17/02/2021,AECI,"20,406,600.00",20.50,20.5
17/02/2021,BATA,"76,107,600.00",2.60,2.6
17/02/2021,CHIL,"200,039,904.00",2.07,2.07
18/02/2021,REIZ,"56,460,198.00",0.43,0.43
18/02/2021,ZMFA,"27,090,100.00",4.78,4.78
18/02/2021,ZNCO,"1,443,750,041.28",0.51,0.51
18/02/2021,ZCCM,"160,800,286.00",38.80,38.8
18/02/2021,ZFCO,"400,000,000.00",2.12,2.12
18/02/2021,BATZ,"212,456,304.00",1.80,1.8
18/02/2021,NATB,"63,000,000.00",9.21,9.21
18/02/2021,PUMA,"500,000,000.00",0.80,0.8
18/02/2021,SHOP,"2,700,000.00",62.99,62.99
18/02/2021,CCAF,"1,625,000,597.00",0.13,0.13
18/02/2021,PMDZ,"100,000,000.00",0.62,0.62
18/02/2021,ATEL,"104,000,000.00",29.49,29.49
18/02/2021,CECZ,"1,625,000,597.00",1.25,1.25
18/02/2021,ZABR,"546,000,000.00",7.23,7.23
18/02/2021,MAFS,"50,000,000.00",2.88,2.88
18/02/2021,ZMBF,"300,579,610.00",1.11,1.11
18/02/2021,SCBL,"1,666,980,000.00",1.37,1.36
18/02/2021,ZSUG,"316,571,385.40",2.55,2.55
18/02/2021,ZMRE,"45,000,000.00",2.80,2.8
18/02/2021,AECI,"20,406,600.00",20.50,20.5
18/02/2021,BATA,"76,107,600.00",2.60,2.6
18/02/2021,CHIL,"200,039,904.00",2.07,2.07
19/02/2021,REIZ,"56,460,198.00",0.43,0.43
19/02/2021,ZMFA,"27,090,100.00",4.78,4.78
19/02/2021,ZNCO,"1,443,750,041.28",0.51,0.51
19/02/2021,ZCCM,"160,800,286.00",38.80,38.8
19/02/2021,ZFCO,"400,000,000.00",2.12,2.12
19/02/2021,BATZ,"212,456,304.00",1.80,1.8
19/02/2021,NATB,"63,000,000.00",9.21,9.21
19/02/2021,PUMA,"500,000,000.00",0.80,0.8
19/02/2021,SHOP,"2,700,000.00",62.99,62.99
19/02/2021,CCAF,"1,625,000,597.00",0.13,0.13
19/02/2021,PMDZ,"100,000,000.00",0.62,0.62
19/02/2021,ATEL,"104,000,000.00",29.49,29.49
19/02/2021,CECZ,"1,625,000,597.00",1.25,1.25
19/02/2021,ZABR,"546,000,000.00",7.23,7.23
19/02/2021,MAFS,"50,000,000.00",2.88,2.88
19/02/2021,ZMBF,"300,579,610.00",1.11,1.11
19/02/2021,SCBL,"1,666,980,000.00",1.37,1.37
19/02/2021,ZSUG,"316,571,385.40",2.55,2.55
19/02/2021,ZMRE,"45,000,000.00",2.80,2.8
19/02/2021,AECI,"20,406,600.00",20.50,20.5
19/02/2021,BATA,"76,107,600.00",2.60,2.6
19/02/2021,CHIL,"200,039,904.00",2.07,2.07
22/02/2021,REIZ,"56,460,198.00",0.43,0.43
22/02/2021,ZMFA,"27,090,100.00",4.78,4.78
22/02/2021,ZNCO,"1,443,750,041.28",0.51,0.63
22/02/2021,ZCCM,"160,800,286.00",38.80,38.8
22/02/2021,ZFCO,"400,000,000.00",2.12,2.12
22/02/2021,BATZ,"212,456,304.00",1.80,1.8
22/02/2021,NATB,"63,000,000.00",9.21,9.21
22/02/2021,PUMA,"500,000,000.00",0.80,0.8
22/02/2021,SHOP,"2,700,000.00",62.99,62.99
22/02/2021,CCAF,"1,625,000,597.00",0.13,0.13
22/02/2021,PMDZ,"100,000,000.00",0.62,0.62
22/02/2021,ATEL,"104,000,000.00",29.49,29.49
22/02/2021,CECZ,"1,625,000,597.00",1.25,1.25
22/02/2021,ZABR,"546,000,000.00",7.23,7.23
22/02/2021,MAFS,"50,000,000.00",2.88,2.88
22/02/2021,ZMBF,"300,579,610.00",1.11,1.11
22/02/2021,SCBL,"1,666,980,000.00",1.37,1.37
22/02/2021,ZSUG,"316,571,385.40",2.55,2.55
22/02/2021,ZMRE,"45,000,000.00",2.80,2.8
22/02/2021,AECI,"20,406,600.00",20.50,20.5
22/02/2021,BATA,"76,107,600.00",2.60,2.6
22/02/2021,CHIL,"200,039,904.00",2.07,2.07
23/02/2021,REIZ,"56,460,198.00",0.43,0.43
23/02/2021,ZMFA,"27,090,100.00",4.78,4.78
23/02/2021,ZNCO,"1,443,750,041.28",0.55,0.56
23/02/2021,ZCCM,"160,800,286.00",38.80,38.8
23/02/2021,ZFCO,"400,000,000.00",2.12,2.12
23/02/2021,BATZ,"212,456,304.00",1.80,1.8
23/02/2021,NATB,"63,000,000.00",9.21,9.21
23/02/2021,PUMA,"500,000,000.00",0.80,0.8
23/02/2021,SHOP,"2,700,000.00",62.99,62.99
23/02/2021,CCAF,"1,625,000,597.00",0.13,0.13
23/02/2021,PMDZ,"100,000,000.00",0.62,0.62
23/02/2021,ATEL,"104,000,000.00",29.49,29.49
23/02/2021,CECZ,"1,625,000,597.00",1.25,1.25
23/02/2021,ZABR,"546,000,000.00",7.23,7.23
23/02/2021,MAFS,"50,000,000.00",2.88,2.88
23/02/2021,ZMBF,"300,579,610.00",1.11,1.11
23/02/2021,SCBL,"1,666,980,000.00",1.37,1.36
23/02/2021,ZSUG,"316,571,385.40",2.55,2.55
23/02/2021,ZMRE,"45,000,000.00",2.80,2.8
23/02/2021,AECI,"20,406,600.00",20.50,20.5
23/02/2021,BATA,"76,107,600.00",2.60,2.6
23/02/2021,CHIL,"200,039,904.00",2.07,2.07
24/02/2021,REIZ,"56,460,198.00",0.43,0.43
24/02/2021,ZMFA,"27,090,100.00",4.78,4.78
24/02/2021,ZNCO,"1,443,750,041.28",0.56,0.56
24/02/2021,ZCCM,"160,800,286.00",38.80,38.8
24/02/2021,ZFCO,"400,000,000.00",2.12,2.12
24/02/2021,BATZ,"212,456,304.00",1.80,1.8
24/02/2021,NATB,"63,000,000.00",9.21,9.21
24/02/2021,PUMA,"500,000,000.00",0.80,0.8
24/02/2021,SHOP,"2,700,000.00",62.99,62.99
24/02/2021,CCAF,"1,625,000,597.00",0.13,0.13
24/02/2021,PMDZ,"100,000,000.00",0.62,0.62
24/02/2021,ATEL,"104,000,000.00",29.49,29.49
24/02/2021,CECZ,"1,625,000,597.00",1.25,1.25
24/02/2021,ZABR,"546,000,000.00",7.23,7.23
24/02/2021,MAFS,"50,000,000.00",2.88,2.88
24/02/2021,ZMBF,"300,579,610.00",1.11,1.11
24/02/2021,SCBL,"1,666,980,000.00",1.36,1.36
24/02/2021,ZSUG,"316,571,385.40",2.55,2.55
24/02/2021,ZMRE,"45,000,000.00",2.80,2.8
24/02/2021,AECI,"20,406,600.00",20.50,20.5
24/02/2021,BATA,"76,107,600.00",2.60,2.6
24/02/2021,CHIL,"200,039,904.00",2.07,2.07
25/02/2021,REIZ,"56,460,198.00",0.43,0.43
25/02/2021,ZMFA,"27,090,100.00",4.78,4.78
25/02/2021,ZNCO,"1,443,750,041.28",0.56,0.56
25/02/2021,ZCCM,"160,800,286.00",38.80,38.8
25/02/2021,ZFCO,"400,000,000.00",2.12,2.12
25/02/2021,BATZ,"212,456,304.00",1.80,1.8
25/02/2021,NATB,"63,000,000.00",9.21,9.21
25/02/2021,PUMA,"500,000,000.00",0.80,0.8
25/02/2021,SHOP,"2,700,000.00",62.99,62.99
25/02/2021,CCAF,"1,625,000,597.00",0.13,0.13
25/02/2021,PMDZ,"100,000,000.00",0.62,0.62
25/02/2021,ATEL,"104,000,000.00",29.49,29.49
25/02/2021,CECZ,"1,625,000,597.00",1.25,1.25
25/02/2021,ZABR,"546,000,000.00",7.23,7.23
25/02/2021,MAFS,"50,000,000.00",2.88,2.88
25/02/2021,ZMBF,"300,579,610.00",1.11,1.11
25/02/2021,SCBL,"1,666,980,000.00",1.36,1.36
25/02/2021,ZSUG,"316,571,385.40",2.55,2.55
25/02/2021,ZMRE,"45,000,000.00",2.80,2.8
25/02/2021,AECI,"20,406,600.00",20.50,20.5
25/02/2021,BATA,"76,107,600.00",2.60,2.6
25/02/2021,CHIL,"200,039,904.00",2.07,2.07
26/02/2021,REIZ,"56,460,198.00",0.43,0.43
26/02/2021,ZMFA,"27,090,100.00",4.78,4.78
26/02/2021,ZNCO,"1,443,750,041.28",0.56,0.56
26/02/2021,ZCCM,"160,800,286.00",38.80,38.8
26/02/2021,ZFCO,"400,000,000.00",2.12,2.12
26/02/2021,BATZ,"212,456,304.00",1.80,1.8
26/02/2021,NATB,"63,000,000.00",9.21,9.21
26/02/2021,PUMA,"500,000,000.00",0.80,0.8
26/02/2021,SHOP,"2,700,000.00",62.99,62.99
26/02/2021,CCAF,"1,625,000,597.00",0.13,0.13
26/02/2021,PMDZ,"100,000,000.00",0.62,0.62
26/02/2021,ATEL,"104,000,000.00",29.49,29.49
26/02/2021,CECZ,"1,625,000,597.00",1.25,1.25
26/02/2021,ZABR,"546,000,000.00",7.23,7.23
26/02/2021,MAFS,"50,000,000.00",2.88,2.88
26/02/2021,ZMBF,"300,579,610.00",1.11,1.11
26/02/2021,SCBL,"1,666,980,000.00",1.36,1.36
26/02/2021,ZSUG,"316,571,385.40",2.55,2.55
26/02/2021,ZMRE,"45,000,000.00",2.80,2.8
26/02/2021,AECI,"20,406,600.00",20.50,20.5
26/02/2021,BATA,"76,107,600.00",2.60,2.6
26/02/2021,CHIL,"200,039,904.00",2.07,2.07
01/03/2021,REIZ,"56,460,198.00",0.43,0.43
01/03/2021,ZMFA,"27,090,100.00",4.78,4.78
01/03/2021,ZNCO,"1,443,750,041.28",0.56,0.56
01/03/2021,ZCCM,"160,800,286.00",38.80,38.8
01/03/2021,ZFCO,"400,000,000.00",2.12,2.12
01/03/2021,BATZ,"212,456,304.00",1.80,1.8
01/03/2021,NATB,"63,000,000.00",9.21,9.21
01/03/2021,PUMA,"500,000,000.00",0.80,0.8
01/03/2021,SHOP,"2,700,000.00",62.99,62.99
01/03/2021,CCAF,"1,625,000,597.00",0.13,0.13
01/03/2021,PMDZ,"100,000,000.00",0.62,0.62
01/03/2021,ATEL,"104,000,000.00",29.49,29.49
01/03/2021,CECZ,"1,625,000,597.00",1.25,1.25
01/03/2021,ZABR,"546,000,000.00",7.23,7.23
01/03/2021,MAFS,"50,000,000.00",2.88,2.88
01/03/2021,ZMBF,"300,579,610.00",1.11,1.11
01/03/2021,SCBL,"1,666,980,000.00",1.36,1.36
01/03/2021,ZSUG,"316,571,385.40",2.55,2.55
01/03/2021,ZMRE,"45,000,000.00",2.80,2.8
01/03/2021,AECI,"20,406,600.00",20.50,20.5
01/03/2021,BATA,"76,107,600.00",2.60,2.6
01/03/2021,CHIL,"200,039,904.00",2.07,2.07
02/03/2021,REIZ,"56,460,198.00",0.43,0.43
02/03/2021,ZMFA,"27,090,100.00",4.78,4.78
02/03/2021,ZNCO,"1,443,750,041.28",0.56,0.56
02/03/2021,ZCCM,"160,800,286.00",38.80,38.8
02/03/2021,ZFCO,"400,000,000.00",2.12,2.12
02/03/2021,BATZ,"212,456,304.00",1.80,1.8
02/03/2021,NATB,"63,000,000.00",9.21,9.21
02/03/2021,PUMA,"500,000,000.00",0.80,0.8
02/03/2021,SHOP,"2,700,000.00",62.99,62.99
02/03/2021,CCAF,"1,625,000,597.00",0.13,0.13
02/03/2021,PMDZ,"100,000,000.00",0.62,0.62
02/03/2021,ATEL,"104,000,000.00",29.49,29.49
02/03/2021,CECZ,"1,625,000,597.00",1.25,1.25
02/03/2021,ZABR,"546,000,000.00",7.23,7.23
02/03/2021,MAFS,"50,000,000.00",2.88,2.88
02/03/2021,ZMBF,"300,579,610.00",1.11,1.11
02/03/2021,SCBL,"1,666,980,000.00",1.36,1.36
02/03/2021,ZSUG,"316,571,385.40",2.55,2.55
02/03/2021,ZMRE,"45,000,000.00",2.80,2.8
02/03/2021,AECI,"20,406,600.00",20.50,20.5
02/03/2021,BATA,"76,107,600.00",2.60,2.6
02/03/2021,CHIL,"200,039,904.00",2.07,2.07
03/03/2021,REIZ,"56,460,198.00",0.43,0.43
03/03/2021,ZMFA,"27,090,100.00",4.78,4.78
03/03/2021,ZNCO,"1,443,750,041.28",0.56,0.56
03/03/2021,ZCCM,"160,800,286.00",38.80,38.8
03/03/2021,ZFCO,"400,000,000.00",2.12,2.12
03/03/2021,BATZ,"212,456,304.00",1.80,1.8
03/03/2021,NATB,"63,000,000.00",9.21,9.21
03/03/2021,PUMA,"500,000,000.00",0.80,0.8
03/03/2021,SHOP,"2,700,000.00",62.99,62.99
03/03/2021,CCAF,"1,625,000,597.00",0.13,0.13
03/03/2021,PMDZ,"100,000,000.00",0.62,0.62
03/03/2021,ATEL,"104,000,000.00",29.49,29.49
03/03/2021,CECZ,"1,625,000,597.00",1.25,1.25
03/03/2021,ZABR,"546,000,000.00",7.23,7.23
03/03/2021,MAFS,"50,000,000.00",2.88,2.88
03/03/2021,ZMBF,"300,579,610.00",1.11,1.11
03/03/2021,SCBL,"1,666,980,000.00",1.36,1.36
03/03/2021,ZSUG,"316,571,385.40",2.55,2.55
03/03/2021,ZMRE,"45,000,000.00",2.80,2.8
03/03/2021,AECI,"20,406,600.00",20.50,20.5
03/03/2021,BATA,"76,107,600.00",2.60,2.6
03/03/2021,CHIL,"200,039,904.00",2.07,2.07
04/03/2021,REIZ,"56,460,198.00",0.43,0.53
04/03/2021,ZMFA,"27,090,100.00",4.78,4.78
04/03/2021,ZNCO,"1,443,750,041.28",0.56,0.5
04/03/2021,ZCCM,"160,800,286.00",38.80,38.8
04/03/2021,ZFCO,"400,000,000.00",2.12,2.11
04/03/2021,BATZ,"212,456,304.00",1.80,1.8
04/03/2021,NATB,"63,000,000.00",9.21,9.21
04/03/2021,PUMA,"500,000,000.00",0.80,0.8
04/03/2021,SHOP,"2,700,000.00",62.99,62.99
04/03/2021,CCAF,"1,625,000,597.00",0.13,0.13
04/03/2021,PMDZ,"100,000,000.00",0.62,0.62
04/03/2021,ATEL,"104,000,000.00",29.49,29.49
04/03/2021,CECZ,"1,625,000,597.00",1.25,1.25
04/03/2021,ZABR,"546,000,000.00",7.23,7.23
04/03/2021,MAFS,"50,000,000.00",2.88,2.88
04/03/2021,ZMBF,"300,579,610.00",1.11,1.11
04/03/2021,SCBL,"1,666,980,000.00",1.36,1.36
04/03/2021,ZSUG,"316,571,385.40",2.55,2.55
04/03/2021,ZMRE,"45,000,000.00",2.80,2.8
04/03/2021,AECI,"20,406,600.00",20.50,20.5
04/03/2021,BATA,"76,107,600.00",2.60,2.6
04/03/2021,CHIL,"200,039,904.00",2.07,2.14
05/03/2021,REIZ,"56,460,198.00",0.53,0.53
05/03/2021,ZMFA,"27,090,100.00",4.78,4.78
05/03/2021,ZNCO,"1,443,750,041.28",0.54,0.54
05/03/2021,ZCCM,"160,800,286.00",38.80,38.8
05/03/2021,ZFCO,"400,000,000.00",1.94,1.94
05/03/2021,BATZ,"212,456,304.00",1.80,1.8
05/03/2021,NATB,"63,000,000.00",9.21,9.21
05/03/2021,PUMA,"500,000,000.00",0.80,0.8
05/03/2021,SHOP,"2,700,000.00",62.99,62.99
05/03/2021,CCAF,"1,625,000,597.00",0.13,0.13
05/03/2021,PMDZ,"100,000,000.00",0.62,0.62
05/03/2021,ATEL,"104,000,000.00",29.49,29.49
05/03/2021,CECZ,"1,625,000,597.00",1.25,1.25
05/03/2021,ZABR,"546,000,000.00",7.23,7.23
05/03/2021,MAFS,"50,000,000.00",2.88,2.88
05/03/2021,ZMBF,"300,579,610.00",1.11,1.11
05/03/2021,SCBL,"1,666,980,000.00",1.36,1.36
05/03/2021,ZSUG,"316,571,385.40",2.55,2.55
05/03/2021,ZMRE,"45,000,000.00",2.80,2.8
05/03/2021,AECI,"20,406,600.00",20.50,20.5
05/03/2021,BATA,"76,107,600.00",2.60,2.6
05/03/2021,CHIL,"200,039,904.00",2.14,2.14
09/03/2021,REIZ,"56,460,198.00",0.53,0.53
09/03/2021,ZMFA,"27,090,100.00",4.78,4.78
09/03/2021,ZNCO,"1,443,750,041.28",0.54,0.54
09/03/2021,ZCCM,"160,800,286.00",38.80,38.8
09/03/2021,ZFCO,"400,000,000.00",1.94,1.94
09/03/2021,BATZ,"212,456,304.00",1.80,1.8
09/03/2021,NATB,"63,000,000.00",9.21,9.21
09/03/2021,PUMA,"500,000,000.00",0.80,0.8
09/03/2021,SHOP,"2,700,000.00",62.99,62.99
09/03/2021,CCAF,"1,625,000,597.00",0.13,0.13
09/03/2021,PMDZ,"100,000,000.00",0.62,0.62
09/03/2021,ATEL,"104,000,000.00",29.49,29.49
09/03/2021,CECZ,"1,625,000,597.00",1.25,1.25
09/03/2021,ZABR,"546,000,000.00",7.23,7.23
09/03/2021,MAFS,"50,000,000.00",2.88,2.88
09/03/2021,ZMBF,"300,579,610.00",1.11,1.11
09/03/2021,SCBL,"1,666,980,000.00",1.36,1.35
09/03/2021,ZSUG,"316,571,385.40",2.55,2.55
09/03/2021,ZMRE,"45,000,000.00",2.80,2.8
09/03/2021,AECI,"20,406,600.00",20.50,20.5
09/03/2021,BATA,"76,107,600.00",2.60,2.6
09/03/2021,CHIL,"200,039,904.00",2.14,2.14
10/03/2021,REIZ,"56,460,198.00",0.53,0.53
10/03/2021,ZMFA,"27,090,100.00",4.78,4.78
10/03/2021,ZNCO,"1,443,750,041.28",0.54,0.54
10/03/2021,ZCCM,"160,800,286.00",38.80,38.8
10/03/2021,ZFCO,"400,000,000.00",1.94,1.95
10/03/2021,BATZ,"212,456,304.00",1.80,1.8
10/03/2021,NATB,"63,000,000.00",9.21,9.21
10/03/2021,PUMA,"500,000,000.00",0.80,0.8
10/03/2021,SHOP,"2,700,000.00",62.99,62.99
10/03/2021,CCAF,"1,625,000,597.00",0.13,0.13
10/03/2021,PMDZ,"100,000,000.00",0.62,0.62
10/03/2021,ATEL,"104,000,000.00",29.49,29.49
10/03/2021,CECZ,"1,625,000,597.00",1.25,1.25
10/03/2021,ZABR,"546,000,000.00",7.23,7.23
10/03/2021,MAFS,"50,000,000.00",2.88,2.88
10/03/2021,ZMBF,"300,579,610.00",1.11,1.11
10/03/2021,SCBL,"1,666,980,000.00",1.35,1.35
10/03/2021,ZSUG,"316,571,385.40",2.55,2.55
10/03/2021,ZMRE,"45,000,000.00",2.80,2.8
10/03/2021,AECI,"20,406,600.00",20.50,20.5
10/03/2021,BATA,"76,107,600.00",2.60,2.6
10/03/2021,CHIL,"200,039,904.00",2.14,2.14
11/03/2021,REIZ,"56,460,198.00",0.53,0.54
11/03/2021,ZMFA,"27,090,100.00",4.78,4.78
11/03/2021,ZNCO,"1,443,750,041.28",0.54,0.54
11/03/2021,ZCCM,"160,800,286.00",38.80,38.8
11/03/2021,ZFCO,"400,000,000.00",1.95,1.95
11/03/2021,BATZ,"212,456,304.00",1.80,1.8
11/03/2021,NATB,"63,000,000.00",9.21,9.21
11/03/2021,PUMA,"500,000,000.00",0.80,0.8
11/03/2021,SHOP,"2,700,000.00",62.99,62.99
11/03/2021,CCAF,"1,625,000,597.00",0.13,0.13
11/03/2021,PMDZ,"100,000,000.00",0.62,0.62
11/03/2021,ATEL,"104,000,000.00",29.49,29.49
11/03/2021,CECZ,"1,625,000,597.00",1.25,1.25
11/03/2021,ZABR,"546,000,000.00",7.23,7.23
11/03/2021,MAFS,"50,000,000.00",2.88,2.88
11/03/2021,ZMBF,"300,579,610.00",1.11,1.11
11/03/2021,SCBL,"1,666,980,000.00",1.35,1.3
11/03/2021,ZSUG,"316,571,385.40",2.55,2.55
11/03/2021,ZMRE,"45,000,000.00",2.80,2.8
11/03/2021,AECI,"20,406,600.00",20.50,20.5
11/03/2021,BATA,"76,107,600.00",2.60,2.6
11/03/2021,CHIL,"200,039,904.00",2.14,2.14
15/03/2021,REIZ,"56,460,198.00",0.54,0.54
15/03/2021,ZMFA,"27,090,100.00",4.78,4.78
15/03/2021,ZNCO,"1,443,750,041.28",0.54,0.56
15/03/2021,ZCCM,"160,800,286.00",38.80,38.8
15/03/2021,ZFCO,"400,000,000.00",1.95,1.95
15/03/2021,BATZ,"212,456,304.00",1.80,1.8
15/03/2021,NATB,"63,000,000.00",9.21,9.21
15/03/2021,PUMA,"500,000,000.00",0.80,0.8
15/03/2021,SHOP,"2,700,000.00",62.99,62.99
15/03/2021,CCAF,"1,625,000,597.00",0.13,0.14
15/03/2021,PMDZ,"100,000,000.00",0.62,0.62
15/03/2021,ATEL,"104,000,000.00",29.49,29.49
15/03/2021,CECZ,"1,625,000,597.00",1.25,1.25
15/03/2021,ZABR,"546,000,000.00",7.23,7.23
15/03/2021,MAFS,"50,000,000.00",2.88,2.88
15/03/2021,ZMBF,"300,579,610.00",1.11,1.11
15/03/2021,SCBL,"1,666,980,000.00",1.30,1.3
15/03/2021,ZSUG,"316,571,385.40",2.55,2.55
15/03/2021,ZMRE,"45,000,000.00",2.80,2.8
15/03/2021,AECI,"20,406,600.00",20.50,20.5
15/03/2021,BATA,"76,107,600.00",2.60,2.6
15/03/2021,CHIL,"200,039,904.00",2.14,2.14
16/03/2021,REIZ,"56,460,198.00",0.54,0.54
16/03/2021,ZMFA,"27,090,100.00",4.78,4.78
16/03/2021,ZNCO,"1,443,750,041.28",0.56,0.56
16/03/2021,ZCCM,"160,800,286.00",38.80,38.8
16/03/2021,ZFCO,"400,000,000.00",1.95,1.95
16/03/2021,BATZ,"212,456,304.00",1.80,1.8
16/03/2021,NATB,"63,000,000.00",9.21,9.21
16/03/2021,PUMA,"500,000,000.00",0.80,0.8
16/03/2021,SHOP,"2,700,000.00",62.99,62.99
16/03/2021,CCAF,"1,625,000,597.00",0.14,0.14
16/03/2021,PMDZ,"100,000,000.00",0.62,0.62
16/03/2021,ATEL,"104,000,000.00",29.49,29.49
16/03/2021,CECZ,"1,625,000,597.00",1.25,1.25
16/03/2021,ZABR,"546,000,000.00",7.23,7.23
16/03/2021,MAFS,"50,000,000.00",2.88,2.88
16/03/2021,ZMBF,"300,579,610.00",1.11,1.11
16/03/2021,SCBL,"1,666,980,000.00",1.30,1.3
16/03/2021,ZSUG,"316,571,385.40",2.55,2.55
16/03/2021,ZMRE,"45,000,000.00",2.80,2.8
16/03/2021,AECI,"20,406,600.00",20.50,20.5
16/03/2021,BATA,"76,107,600.00",2.60,2.6
16/03/2021,CHIL,"200,039,904.00",2.14,2.14
17/03/2021,REIZ,"56,460,198.00",0.54,0.54
17/03/2021,ZMFA,"27,090,100.00",4.78,4.78
17/03/2021,ZNCO,"1,443,750,041.28",0.56,0.56
17/03/2021,ZCCM,"160,800,286.00",38.80,38.8
17/03/2021,ZFCO,"400,000,000.00",1.95,1.95
17/03/2021,BATZ,"212,456,304.00",1.80,1.8
17/03/2021,NATB,"63,000,000.00",9.21,9.21
17/03/2021,PUMA,"500,000,000.00",0.80,0.8
17/03/2021,SHOP,"2,700,000.00",62.99,62.99
17/03/2021,CCAF,"1,625,000,597.00",0.14,0.15
17/03/2021,PMDZ,"100,000,000.00",0.62,0.62
17/03/2021,ATEL,"104,000,000.00",29.49,29.49
17/03/2021,CECZ,"1,625,000,597.00",1.25,1.25
17/03/2021,ZABR,"546,000,000.00",7.23,7.23
17/03/2021,MAFS,"50,000,000.00",2.88,2.88
17/03/2021,ZMBF,"300,579,610.00",1.11,1.11
17/03/2021,SCBL,"1,666,980,000.00",1.30,1.35
17/03/2021,ZSUG,"316,571,385.40",2.55,2.55
17/03/2021,ZMRE,"45,000,000.00",2.80,2.8
17/03/2021,AECI,"20,406,600.00",20.50,20.5
17/03/2021,BATA,"76,107,600.00",2.60,2.6
17/03/2021,CHIL,"200,039,904.00",2.14,2.14
18/03/2021,REIZ,"56,460,198.00",0.54,0.54
18/03/2021,ZMFA,"27,090,100.00",4.78,4.78
18/03/2021,ZNCO,"1,443,750,041.28",0.56,0.56
18/03/2021,ZCCM,"160,800,286.00",38.80,38.8
18/03/2021,ZFCO,"400,000,000.00",1.95,1.95
18/03/2021,BATZ,"212,456,304.00",1.80,1.8
18/03/2021,NATB,"63,000,000.00",9.21,9.21
18/03/2021,PUMA,"500,000,000.00",0.80,0.8
18/03/2021,SHOP,"2,700,000.00",62.99,62.99
18/03/2021,CCAF,"1,625,000,597.00",0.15,0.15
18/03/2021,PMDZ,"100,000,000.00",0.62,0.62
18/03/2021,ATEL,"104,000,000.00",29.49,29.49
18/03/2021,CECZ,"1,625,000,597.00",1.25,1.25
18/03/2021,ZABR,"546,000,000.00",7.23,7.23
18/03/2021,MAFS,"50,000,000.00",2.88,2.88
18/03/2021,ZMBF,"300,579,610.00",1.11,1.11
18/03/2021,SCBL,"1,666,980,000.00",1.35,1.35
18/03/2021,ZSUG,"316,571,385.40",2.55,2.55
18/03/2021,ZMRE,"45,000,000.00",2.80,2.8
18/03/2021,AECI,"20,406,600.00",20.50,20.5
18/03/2021,BATA,"76,107,600.00",2.60,2.6
18/03/2021,CHIL,"200,039,904.00",2.14,2.14
19/03/2021,REIZ,"56,460,198.00",0.54,0.54
19/03/2021,ZMFA,"27,090,100.00",4.78,4.78
19/03/2021,ZNCO,"1,443,750,041.28",0.56,0.56
19/03/2021,ZCCM,"160,800,286.00",38.80,38.8
19/03/2021,ZFCO,"400,000,000.00",1.95,1.95
19/03/2021,BATZ,"212,456,304.00",1.80,1.8
19/03/2021,NATB,"63,000,000.00",9.21,9.21
19/03/2021,PUMA,"500,000,000.00",0.80,0.8
19/03/2021,SHOP,"2,700,000.00",62.99,62.99
19/03/2021,CCAF,"1,625,000,597.00",0.15,0.15
19/03/2021,PMDZ,"100,000,000.00",0.62,0.62
19/03/2021,ATEL,"104,000,000.00",29.49,29.49
19/03/2021,CECZ,"1,625,000,597.00",1.25,1.25
19/03/2021,ZABR,"546,000,000.00",7.23,7.23
19/03/2021,MAFS,"50,000,000.00",2.88,2.88
19/03/2021,ZMBF,"300,579,610.00",1.11,1.11
19/03/2021,SCBL,"1,666,980,000.00",1.35,1.35
19/03/2021,ZSUG,"316,571,385.40",2.55,2.55
19/03/2021,ZMRE,"45,000,000.00",2.80,2.8
19/03/2021,AECI,"20,406,600.00",20.50,20.5
19/03/2021,BATA,"76,107,600.00",2.60,2.6
19/03/2021,CHIL,"200,039,904.00",2.14,2.14
22/03/2021,REIZ,"56,460,198.00",0.54,0.54
22/03/2021,ZMFA,"27,090,100.00",4.78,4.78
22/03/2021,ZNCO,"1,443,750,041.28",0.56,0.56
22/03/2021,ZCCM,"160,800,286.00",38.80,38.8
22/03/2021,ZFCO,"400,000,000.00",1.95,1.95
22/03/2021,BATZ,"212,456,304.00",1.80,1.8
22/03/2021,NATB,"63,000,000.00",9.21,9.21
22/03/2021,PUMA,"500,000,000.00",0.80,0.8
22/03/2021,SHOP,"2,700,000.00",62.99,63
22/03/2021,CCAF,"1,625,000,597.00",0.15,0.15
22/03/2021,PMDZ,"100,000,000.00",0.62,0.62
22/03/2021,ATEL,"104,000,000.00",29.49,29.49
22/03/2021,CECZ,"1,625,000,597.00",1.25,1.25
22/03/2021,ZABR,"546,000,000.00",7.23,7.23
22/03/2021,MAFS,"50,000,000.00",2.88,2.88
22/03/2021,ZMBF,"300,579,610.00",1.11,1.11
22/03/2021,SCBL,"1,666,980,000.00",1.35,1.35
22/03/2021,ZSUG,"316,571,385.40",2.55,2.55
22/03/2021,ZMRE,"45,000,000.00",2.80,2.8
22/03/2021,AECI,"20,406,600.00",20.50,20.5
22/03/2021,BATA,"76,107,600.00",2.60,2.6
22/03/2021,CHIL,"200,039,904.00",2.14,2.14
23/03/2021,REIZ,"56,460,198.00",0.54,0.54
23/03/2021,ZMFA,"27,090,100.00",4.78,4.78
23/03/2021,ZNCO,"1,443,750,041.28",0.56,0.56
23/03/2021,ZCCM,"160,800,286.00",38.80,38.8
23/03/2021,ZFCO,"400,000,000.00",1.95,1.95
23/03/2021,BATZ,"212,456,304.00",1.80,1.8
23/03/2021,NATB,"63,000,000.00",9.21,9.21
23/03/2021,PUMA,"500,000,000.00",0.80,0.8
23/03/2021,SHOP,"2,700,000.00",63.00,63
23/03/2021,CCAF,"1,625,000,597.00",0.15,0.17
23/03/2021,PMDZ,"100,000,000.00",0.62,0.62
23/03/2021,ATEL,"104,000,000.00",29.49,29.49
23/03/2021,CECZ,"1,625,000,597.00",1.25,1.25
23/03/2021,ZABR,"546,000,000.00",7.23,7.23
23/03/2021,MAFS,"50,000,000.00",2.88,2.88
23/03/2021,ZMBF,"300,579,610.00",1.11,1.11
23/03/2021,SCBL,"1,666,980,000.00",1.35,1.35
23/03/2021,ZSUG,"316,571,385.40",2.55,2.55
23/03/2021,ZMRE,"45,000,000.00",2.80,2.8
23/03/2021,AECI,"20,406,600.00",20.50,20.5
23/03/2021,BATA,"76,107,600.00",2.60,2.6
23/03/2021,CHIL,"200,039,904.00",2.14,2.14
24/03/2021,REIZ,"56,460,198.00",0.54,0.54
24/03/2021,ZMFA,"27,090,100.00",4.78,4.78
24/03/2021,ZNCO,"1,443,750,041.28",0.56,0.56
24/03/2021,ZCCM,"160,800,286.00",38.80,38.8
24/03/2021,ZFCO,"400,000,000.00",1.95,1.95
24/03/2021,BATZ,"212,456,304.00",1.80,1.8
24/03/2021,NATB,"63,000,000.00",9.21,9.21
24/03/2021,PUMA,"500,000,000.00",0.80,0.8
24/03/2021,SHOP,"2,700,000.00",63.00,63.01
24/03/2021,CCAF,"1,625,000,597.00",0.17,0.17
24/03/2021,PMDZ,"100,000,000.00",0.62,0.62
24/03/2021,ATEL,"104,000,000.00",29.49,29.49
24/03/2021,CECZ,"1,625,000,597.00",1.25,1.25
24/03/2021,ZABR,"546,000,000.00",7.23,7.23
24/03/2021,MAFS,"50,000,000.00",2.88,2.88
24/03/2021,ZMBF,"300,579,610.00",1.11,1.11
24/03/2021,SCBL,"1,666,980,000.00",1.35,1.35
24/03/2021,ZSUG,"316,571,385.40",2.55,2.55
24/03/2021,ZMRE,"45,000,000.00",2.80,2.8
24/03/2021,AECI,"20,406,600.00",20.50,20.5
24/03/2021,BATA,"76,107,600.00",2.60,2.6
24/03/2021,CHIL,"200,039,904.00",2.14,2.14
25/03/2021,REIZ,"56,460,198.00",0.54,0.54
25/03/2021,ZMFA,"27,090,100.00",4.78,4.78
25/03/2021,ZNCO,"1,443,750,041.28",0.56,0.56
25/03/2021,ZCCM,"160,800,286.00",38.80,38.8
25/03/2021,ZFCO,"400,000,000.00",1.95,1.95
25/03/2021,BATZ,"212,456,304.00",1.80,1.8
25/03/2021,NATB,"63,000,000.00",9.21,9.21
25/03/2021,PUMA,"500,000,000.00",0.80,0.8
25/03/2021,SHOP,"2,700,000.00",63.01,63.01
25/03/2021,CCAF,"1,625,000,597.00",0.17,0.17
25/03/2021,PMDZ,"100,000,000.00",0.62,0.62
25/03/2021,ATEL,"104,000,000.00",29.49,29.49
25/03/2021,CECZ,"1,625,000,597.00",1.25,1.25
25/03/2021,ZABR,"546,000,000.00",7.23,7.23
25/03/2021,MAFS,"50,000,000.00",2.88,2.88
25/03/2021,ZMBF,"300,579,610.00",1.11,1.11
25/03/2021,SCBL,"1,666,980,000.00",1.35,1.35
25/03/2021,ZSUG,"316,571,385.40",2.55,2.55
25/03/2021,ZMRE,"45,000,000.00",2.80,2.8
25/03/2021,AECI,"20,406,600.00",20.50,20.5
25/03/2021,BATA,"76,107,600.00",2.60,2.6
25/03/2021,CHIL,"200,039,904.00",2.14,2.14
26/03/2021,REIZ,"56,460,198.00",0.54,0.54
26/03/2021,ZMFA,"27,090,100.00",4.78,4.78
26/03/2021,ZNCO,"1,443,750,041.28",0.56,0.7
26/03/2021,ZCCM,"160,800,286.00",38.80,38.8
26/03/2021,ZFCO,"400,000,000.00",1.95,1.95
26/03/2021,BATZ,"212,456,304.00",1.80,1.8
26/03/2021,NATB,"63,000,000.00",9.21,9.21
26/03/2021,PUMA,"500,000,000.00",0.80,0.8
26/03/2021,SHOP,"2,700,000.00",63.01,63.01
26/03/2021,CCAF,"1,625,000,597.00",0.17,0.17
26/03/2021,PMDZ,"100,000,000.00",0.62,0.62
26/03/2021,ATEL,"104,000,000.00",29.49,29.49
26/03/2021,CECZ,"1,625,000,597.00",1.25,1.25
26/03/2021,ZABR,"546,000,000.00",7.23,7.23
26/03/2021,MAFS,"50,000,000.00",2.88,2.88
26/03/2021,ZMBF,"300,579,610.00",1.11,1.11
26/03/2021,SCBL,"1,666,980,000.00",1.35,1.35
26/03/2021,ZSUG,"316,571,385.40",2.55,2.55
26/03/2021,ZMRE,"45,000,000.00",2.80,2.8
26/03/2021,AECI,"20,406,600.00",20.50,20.5
26/03/2021,BATA,"76,107,600.00",2.60,2.6
26/03/2021,CHIL,"200,039,904.00",2.14,2.14
29/03/2021,REIZ,"56,460,198.00",0.54,0.54
29/03/2021,ZMFA,"27,090,100.00",4.78,4.78
29/03/2021,ZNCO,"1,443,750,041.28",0.70,0.7
29/03/2021,ZCCM,"160,800,286.00",38.80,38.8
29/03/2021,ZFCO,"400,000,000.00",1.95,1.95
29/03/2021,BATZ,"212,456,304.00",1.80,1.8
29/03/2021,NATB,"63,000,000.00",9.21,9.21
29/03/2021,PUMA,"500,000,000.00",0.80,0.8
29/03/2021,SHOP,"2,700,000.00",63.01,63.01
29/03/2021,CCAF,"1,625,000,597.00",0.17,0.17
29/03/2021,PMDZ,"100,000,000.00",0.62,0.62
29/03/2021,ATEL,"104,000,000.00",29.49,29.49
29/03/2021,CECZ,"1,625,000,597.00",1.25,1.25
29/03/2021,ZABR,"546,000,000.00",7.23,7.23
29/03/2021,MAFS,"50,000,000.00",2.88,2.88
29/03/2021,ZMBF,"300,579,610.00",1.11,1.11
29/03/2021,SCBL,"1,666,980,000.00",1.35,1.35
29/03/2021,ZSUG,"316,571,385.40",2.55,2.55
29/03/2021,ZMRE,"45,000,000.00",2.80,2.8
29/03/2021,AECI,"20,406,600.00",20.50,20.5
29/03/2021,BATA,"76,107,600.00",2.60,2.6
29/03/2021,CHIL,"200,039,904.00",2.14,2.14
30/03/2021,REIZ,"56,460,198.00",0.54,0.54
30/03/2021,ZMFA,"27,090,100.00",4.78,4.78
30/03/2021,ZNCO,"1,443,750,041.28",0.70,0.7
30/03/2021,ZCCM,"160,800,286.00",38.80,38.8
30/03/2021,ZFCO,"400,000,000.00",1.95,1.95
30/03/2021,BATZ,"212,456,304.00",1.80,1.8
30/03/2021,NATB,"63,000,000.00",9.21,9.21
30/03/2021,PUMA,"500,000,000.00",0.80,0.8
30/03/2021,SHOP,"2,700,000.00",63.01,63.01
30/03/2021,CCAF,"1,625,000,597.00",0.17,0.17
30/03/2021,PMDZ,"100,000,000.00",0.62,0.62
30/03/2021,ATEL,"104,000,000.00",29.49,29.49
30/03/2021,CECZ,"1,625,000,597.00",1.25,1.25
30/03/2021,ZABR,"546,000,000.00",7.23,7.23
30/03/2021,MAFS,"50,000,000.00",2.88,2.88
30/03/2021,ZMBF,"300,579,610.00",1.11,1.11
30/03/2021,SCBL,"1,666,980,000.00",1.35,1.35
30/03/2021,ZSUG,"316,571,385.40",2.55,2.55
30/03/2021,ZMRE,"45,000,000.00",2.80,2.8
30/03/2021,AECI,"20,406,600.00",20.50,20.5
30/03/2021,BATA,"76,107,600.00",2.60,2.6
30/03/2021,CHIL,"200,039,904.00",2.14,2.14
31/03/2021,REIZ,"56,460,198.00",0.54,0.54
31/03/2021,ZMFA,"27,090,100.00",4.78,4.78
31/03/2021,ZNCO,"1,443,750,041.28",0.70,0.7
31/03/2021,ZCCM,"160,800,286.00",38.80,38.8
31/03/2021,ZFCO,"400,000,000.00",1.95,1.95
31/03/2021,BATZ,"212,456,304.00",1.80,1.8
31/03/2021,NATB,"63,000,000.00",9.21,9.21
31/03/2021,PUMA,"500,000,000.00",0.80,0.8
31/03/2021,SHOP,"2,700,000.00",63.01,63.01
31/03/2021,CCAF,"1,625,000,597.00",0.17,0.17
31/03/2021,PMDZ,"100,000,000.00",0.62,0.62
31/03/2021,ATEL,"104,000,000.00",29.49,29.49
31/03/2021,CECZ,"1,625,000,597.00",1.25,1.25
31/03/2021,ZABR,"546,000,000.00",7.23,7.23
31/03/2021,MAFS,"50,000,000.00",2.88,2.88
31/03/2021,ZMBF,"300,579,610.00",1.11,1.11
31/03/2021,SCBL,"1,666,980,000.00",1.35,1.35
31/03/2021,ZSUG,"316,571,385.40",2.55,2.55
31/03/2021,ZMRE,"45,000,000.00",2.80,2.8
31/03/2021,AECI,"20,406,600.00",20.50,20.5
31/03/2021,BATA,"76,107,600.00",2.60,2.6
31/03/2021,CHIL,"200,039,904.00",2.14,2.14
01/04/2021,REIZ,"56,460,198.00",0.54,0.54
01/04/2021,ZMFA,"27,090,100.00",4.78,4.78
01/04/2021,ZNCO,"1,443,750,041.28",0.70,0.7
01/04/2021,ZCCM,"160,800,286.00",38.80,38.8
01/04/2021,ZFCO,"400,000,000.00",1.95,1.95
01/04/2021,BATZ,"212,456,304.00",1.80,1.8
01/04/2021,NATB,"63,000,000.00",9.21,9.21
01/04/2021,PUMA,"500,000,000.00",0.80,0.8
01/04/2021,SHOP,"2,700,000.00",63.01,63.01
01/04/2021,CCAF,"1,625,000,597.00",0.17,0.17
01/04/2021,PMDZ,"100,000,000.00",0.62,0.62
01/04/2021,ATEL,"104,000,000.00",29.49,29.49
01/04/2021,CECZ,"1,625,000,597.00",1.25,1.25
01/04/2021,ZABR,"546,000,000.00",7.23,7.23
01/04/2021,MAFS,"50,000,000.00",2.88,2.88
01/04/2021,ZMBF,"300,579,610.00",1.11,1.11
01/04/2021,SCBL,"1,666,980,000.00",1.35,1.35
01/04/2021,ZSUG,"316,571,385.40",2.55,2.55
01/04/2021,ZMRE,"45,000,000.00",2.80,2.8
01/04/2021,AECI,"20,406,600.00",20.50,20.5
01/04/2021,BATA,"76,107,600.00",2.60,2.6
01/04/2021,CHIL,"200,039,904.00",2.14,2.14
06/04/2021,REIZ,"56,460,198.00",0.54,0.54
06/04/2021,ZMFA,"27,090,100.00",4.78,4.78
06/04/2021,ZNCO,"1,443,750,041.28",0.70,0.7
06/04/2021,ZCCM,"160,800,286.00",38.80,38.8
06/04/2021,ZFCO,"400,000,000.00",1.95,1.95
06/04/2021,BATZ,"212,456,304.00",1.80,1.8
06/04/2021,NATB,"63,000,000.00",9.21,9.21
06/04/2021,PUMA,"500,000,000.00",0.80,0.8
06/04/2021,SHOP,"2,700,000.00",63.01,63.01
06/04/2021,CCAF,"1,625,000,597.00",0.17,0.17
06/04/2021,PMDZ,"100,000,000.00",0.62,0.62
06/04/2021,ATEL,"104,000,000.00",29.49,29.49
06/04/2021,CECZ,"1,625,000,597.00",1.25,1.25
06/04/2021,ZABR,"546,000,000.00",7.23,7.23
06/04/2021,MAFS,"50,000,000.00",2.88,2.88
06/04/2021,ZMBF,"300,579,610.00",1.11,1.11
06/04/2021,SCBL,"1,666,980,000.00",1.35,1.35
06/04/2021,ZSUG,"316,571,385.40",2.55,2.55
06/04/2021,ZMRE,"45,000,000.00",2.80,2.8
06/04/2021,AECI,"20,406,600.00",20.50,20.5
06/04/2021,BATA,"76,107,600.00",2.60,2.6
06/04/2021,CHIL,"200,039,904.00",2.14,2.14
07/04/2021,REIZ,"56,460,198.00",0.54,0.54
07/04/2021,ZMFA,"27,090,100.00",4.78,4.78
07/04/2021,ZNCO,"1,443,750,041.28",0.70,0.7
07/04/2021,ZCCM,"160,800,286.00",38.80,38.8
07/04/2021,ZFCO,"400,000,000.00",1.95,1.95
07/04/2021,BATZ,"212,456,304.00",1.80,1.8
07/04/2021,NATB,"63,000,000.00",9.21,9.21
07/04/2021,PUMA,"500,000,000.00",0.80,0.8
07/04/2021,SHOP,"2,700,000.00",63.01,63.01
07/04/2021,CCAF,"1,625,000,597.00",0.17,0.17
07/04/2021,PMDZ,"100,000,000.00",0.62,0.62
07/04/2021,ATEL,"104,000,000.00",29.49,29.49
07/04/2021,CECZ,"1,625,000,597.00",1.25,1.25
07/04/2021,ZABR,"546,000,000.00",7.23,7.23
07/04/2021,MAFS,"50,000,000.00",2.88,2.88
07/04/2021,ZMBF,"300,579,610.00",1.11,1.11
07/04/2021,SCBL,"1,666,980,000.00",1.35,1.35
07/04/2021,ZSUG,"316,571,385.40",2.55,2.55
07/04/2021,ZMRE,"45,000,000.00",2.80,2.8
07/04/2021,AECI,"20,406,600.00",20.50,20.5
07/04/2021,BATA,"76,107,600.00",2.60,2.6
07/04/2021,CHIL,"200,039,904.00",2.14,2.15
08/04/2021,REIZ,"56,460,198.00",0.54,0.54
08/04/2021,ZMFA,"27,090,100.00",4.78,4.78
08/04/2021,ZNCO,"1,443,750,041.28",0.70,0.7
08/04/2021,ZCCM,"160,800,286.00",38.80,38.8
08/04/2021,ZFCO,"400,000,000.00",1.95,1.95
08/04/2021,BATZ,"212,456,304.00",1.80,1.8
08/04/2021,NATB,"63,000,000.00",9.21,9.21
08/04/2021,PUMA,"500,000,000.00",0.80,0.8
08/04/2021,SHOP,"2,700,000.00",63.01,63.01
08/04/2021,CCAF,"1,625,000,597.00",0.17,0.17
08/04/2021,PMDZ,"100,000,000.00",0.62,0.62
08/04/2021,ATEL,"104,000,000.00",29.49,29.49
08/04/2021,CECZ,"1,625,000,597.00",1.25,1.25
08/04/2021,ZABR,"546,000,000.00",7.23,7.23
08/04/2021,MAFS,"50,000,000.00",2.88,2.88
08/04/2021,ZMBF,"300,579,610.00",1.11,1.11
08/04/2021,SCBL,"1,666,980,000.00",1.35,1.35
08/04/2021,ZSUG,"316,571,385.40",2.55,2.55
08/04/2021,ZMRE,"45,000,000.00",2.80,2.8
08/04/2021,AECI,"20,406,600.00",20.50,20.5
08/04/2021,BATA,"76,107,600.00",2.60,2.6
08/04/2021,CHIL,"200,039,904.00",2.15,2.15
09/04/2021,REIZ,"56,460,198.00",0.54,0.54
09/04/2021,ZMFA,"27,090,100.00",4.78,4.78
09/04/2021,ZNCO,"1,443,750,041.28",0.70,0.7
09/04/2021,ZCCM,"160,800,286.00",38.80,38.8
09/04/2021,ZFCO,"400,000,000.00",1.95,1.95
09/04/2021,BATZ,"212,456,304.00",1.80,1.8
09/04/2021,NATB,"63,000,000.00",9.21,9.21
09/04/2021,PUMA,"500,000,000.00",0.80,0.8
09/04/2021,SHOP,"2,700,000.00",63.01,63.01
09/04/2021,CCAF,"1,625,000,597.00",0.17,0.17
09/04/2021,PMDZ,"100,000,000.00",0.62,0.62
09/04/2021,ATEL,"104,000,000.00",29.49,29.49
09/04/2021,CECZ,"1,625,000,597.00",1.25,1.25
09/04/2021,ZABR,"546,000,000.00",7.23,7.23
09/04/2021,MAFS,"50,000,000.00",2.88,2.88
09/04/2021,ZMBF,"300,579,610.00",1.11,1.11
09/04/2021,SCBL,"1,666,980,000.00",1.35,1.35
09/04/2021,ZSUG,"316,571,385.40",2.55,2.55
09/04/2021,ZMRE,"45,000,000.00",2.80,2.8
09/04/2021,AECI,"20,406,600.00",20.50,20.5
09/04/2021,BATA,"76,107,600.00",2.60,2.6
09/04/2021,CHIL,"200,039,904.00",2.15,2.15
12/04/2021,REIZ,"56,460,198.00",0.54,0.54
12/04/2021,ZMFA,"27,090,100.00",4.78,4.78
12/04/2021,ZNCO,"1,443,750,041.28",0.70,0.7
12/04/2021,ZCCM,"160,800,286.00",38.80,38.8
12/04/2021,ZFCO,"400,000,000.00",1.95,1.95
12/04/2021,BATZ,"212,456,304.00",1.80,1.8
12/04/2021,NATB,"63,000,000.00",9.21,9.21
12/04/2021,PUMA,"500,000,000.00",0.80,0.8
12/04/2021,SHOP,"2,700,000.00",63.01,63.01
12/04/2021,CCAF,"1,625,000,597.00",0.17,0.17
12/04/2021,PMDZ,"100,000,000.00",0.62,0.62
12/04/2021,ATEL,"104,000,000.00",29.49,29.49
12/04/2021,CECZ,"1,625,000,597.00",1.26,1.25
12/04/2021,ZABR,"546,000,000.00",7.23,7.23
12/04/2021,MAFS,"50,000,000.00",2.88,2.88
12/04/2021,ZMBF,"300,579,610.00",1.11,1.11
12/04/2021,SCBL,"1,666,980,000.00",1.35,1.35
12/04/2021,ZSUG,"316,571,385.40",2.55,2.55
12/04/2021,ZMRE,"45,000,000.00",2.80,2.8
12/04/2021,AECI,"20,406,600.00",20.50,20.5
12/04/2021,BATA,"76,107,600.00",2.60,2.6
12/04/2021,CHIL,"200,039,904.00",2.15,2.15
13/04/2021,REIZ,"56,460,198.00",0.54,0.54
13/04/2021,ZMFA,"27,090,100.00",4.78,4.78
13/04/2021,ZNCO,"1,443,750,041.28",0.70,0.7
13/04/2021,ZCCM,"160,800,286.00",38.80,38.8
13/04/2021,ZFCO,"400,000,000.00",1.95,1.95
13/04/2021,BATZ,"212,456,304.00",1.80,1.8
13/04/2021,NATB,"63,000,000.00",9.21,9.21
13/04/2021,PUMA,"500,000,000.00",0.80,0.8
13/04/2021,SHOP,"2,700,000.00",63.01,63.01
13/04/2021,CCAF,"1,625,000,597.00",0.17,0.17
13/04/2021,PMDZ,"100,000,000.00",0.62,0.62
13/04/2021,ATEL,"104,000,000.00",29.49,29.49
13/04/2021,CECZ,"1,625,000,597.00",1.25,1.24
13/04/2021,ZABR,"546,000,000.00",7.23,7.23
13/04/2021,MAFS,"50,000,000.00",2.88,2.88
13/04/2021,ZMBF,"300,579,610.00",1.11,1.11
13/04/2021,SCBL,"1,666,980,000.00",1.35,1.35
13/04/2021,ZSUG,"316,571,385.40",2.55,2.55
13/04/2021,ZMRE,"45,000,000.00",2.80,2.8
13/04/2021,AECI,"20,406,600.00",20.50,20.5
13/04/2021,BATA,"76,107,600.00",2.60,2.6
13/04/2021,CHIL,"200,039,904.00",2.15,2.15
14/04/2021,REIZ,"56,460,198.00",0.54,0.54
14/04/2021,ZMFA,"27,090,100.00",4.78,4.78
14/04/2021,ZNCO,"1,443,750,041.28",0.70,0.7
14/04/2021,ZCCM,"160,800,286.00",38.80,38.8
14/04/2021,ZFCO,"400,000,000.00",1.95,1.95
14/04/2021,BATZ,"212,456,304.00",1.80,1.8
14/04/2021,NATB,"63,000,000.00",9.21,9.21
14/04/2021,PUMA,"500,000,000.00",0.99,0.95
14/04/2021,SHOP,"2,700,000.00",63.01,63.01
14/04/2021,CCAF,"1,625,000,597.00",0.17,0.17
14/04/2021,PMDZ,"100,000,000.00",0.62,0.62
14/04/2021,ATEL,"104,000,000.00",29.49,29.49
14/04/2021,CECZ,"1,625,000,597.00",1.25,1.25
14/04/2021,ZABR,"546,000,000.00",7.23,7.23
14/04/2021,MAFS,"50,000,000.00",2.88,2.88
14/04/2021,ZMBF,"300,579,610.00",1.11,1.11
14/04/2021,SCBL,"1,666,980,000.00",1.35,1.35
14/04/2021,ZSUG,"316,571,385.40",2.55,2.55
14/04/2021,ZMRE,"45,000,000.00",2.80,2.8
14/04/2021,AECI,"20,406,600.00",20.50,20.5
14/04/2021,BATA,"76,107,600.00",2.60,2.6
14/04/2021,CHIL,"200,039,904.00",2.15,2.15
15/04/2021,REIZ,"56,460,198.00",0.54,0.54
15/04/2021,ZMFA,"27,090,100.00",4.78,4.78
15/04/2021,ZNCO,"1,443,750,041.28",0.61,0.7
15/04/2021,ZCCM,"160,800,286.00",38.80,38.8
15/04/2021,ZFCO,"400,000,000.00",1.95,1.95
15/04/2021,BATZ,"212,456,304.00",1.80,1.8
15/04/2021,NATB,"63,000,000.00",9.21,9.21
15/04/2021,PUMA,"500,000,000.00",0.84,0.95
15/04/2021,SHOP,"2,700,000.00",63.01,63.01
15/04/2021,CCAF,"1,625,000,597.00",0.17,0.17
15/04/2021,PMDZ,"100,000,000.00",0.62,0.62
15/04/2021,ATEL,"104,000,000.00",29.49,29.49
15/04/2021,CECZ,"1,625,000,597.00",1.25,1.25
15/04/2021,ZABR,"546,000,000.00",7.23,7.23
15/04/2021,MAFS,"50,000,000.00",2.88,2.88
15/04/2021,ZMBF,"300,579,610.00",1.11,1.11
15/04/2021,SCBL,"1,666,980,000.00",1.35,1.35
15/04/2021,ZSUG,"316,571,385.40",2.55,2.55
15/04/2021,ZMRE,"45,000,000.00",2.80,2.8
15/04/2021,AECI,"20,406,600.00",20.50,20.5
15/04/2021,BATA,"76,107,600.00",2.60,2.6
15/04/2021,CHIL,"200,039,904.00",2.15,2.15
16/04/2021,REIZ,"56,460,198.00",0.54,0.54
16/04/2021,ZMFA,"27,090,100.00",4.78,4.78
16/04/2021,ZNCO,"1,443,750,041.28",0.70,0.7
16/04/2021,ZCCM,"160,800,286.00",38.80,38.8
16/04/2021,ZFCO,"400,000,000.00",1.95,1.95
16/04/2021,BATZ,"212,456,304.00",1.80,1.8
16/04/2021,NATB,"63,000,000.00",9.21,9.21
16/04/2021,PUMA,"500,000,000.00",0.95,0.95
16/04/2021,SHOP,"2,700,000.00",63.01,63.01
16/04/2021,CCAF,"1,625,000,597.00",0.17,0.17
16/04/2021,PMDZ,"100,000,000.00",0.62,0.62
16/04/2021,ATEL,"104,000,000.00",29.49,29.49
16/04/2021,CECZ,"1,625,000,597.00",1.25,1.25
16/04/2021,ZABR,"546,000,000.00",7.23,7.23
16/04/2021,MAFS,"50,000,000.00",2.88,2.88
16/04/2021,ZMBF,"300,579,610.00",1.11,1.11
16/04/2021,SCBL,"1,666,980,000.00",1.35,1.35
16/04/2021,ZSUG,"316,571,385.40",2.55,2.55
16/04/2021,ZMRE,"45,000,000.00",2.80,2.8
16/04/2021,AECI,"20,406,600.00",20.50,20.5
16/04/2021,BATA,"76,107,600.00",2.60,2.6
16/04/2021,CHIL,"200,039,904.00",2.15,2.15
19/04/2021,REIZ,"56,460,198.00",0.54,0.54
19/04/2021,ZMFA,"27,090,100.00",4.78,4.78
19/04/2021,ZNCO,"1,443,750,041.28",0.70,0.7
19/04/2021,ZCCM,"160,800,286.00",38.80,38.8
19/04/2021,ZFCO,"400,000,000.00",1.95,1.95
19/04/2021,BATZ,"212,456,304.00",1.80,1.8
19/04/2021,NATB,"63,000,000.00",9.21,9.21
19/04/2021,PUMA,"500,000,000.00",0.95,0.95
19/04/2021,SHOP,"2,700,000.00",63.01,63.01
19/04/2021,CCAF,"1,625,000,597.00",0.17,0.17
19/04/2021,PMDZ,"100,000,000.00",0.62,0.62
19/04/2021,ATEL,"104,000,000.00",29.49,29.49
19/04/2021,CECZ,"1,625,000,597.00",1.02,1.25
19/04/2021,ZABR,"546,000,000.00",7.23,7.23
19/04/2021,MAFS,"50,000,000.00",2.88,2.88
19/04/2021,ZMBF,"300,579,610.00",1.11,1.11
19/04/2021,SCBL,"1,666,980,000.00",1.35,1.35
19/04/2021,ZSUG,"316,571,385.40",2.55,2.55
19/04/2021,ZMRE,"45,000,000.00",2.80,2.8
19/04/2021,AECI,"20,406,600.00",20.50,24.2
19/04/2021,BATA,"76,107,600.00",2.60,2.6
19/04/2021,CHIL,"200,039,904.00",2.15,2.15
20/04/2021,REIZ,"56,460,198.00",0.54,0.54
20/04/2021,ZMFA,"27,090,100.00",4.78,4.78
20/04/2021,ZNCO,"1,443,750,041.28",0.70,0.7
20/04/2021,ZCCM,"160,800,286.00",38.80,38.8
20/04/2021,ZFCO,"400,000,000.00",1.95,1.95
20/04/2021,BATZ,"212,456,304.00",1.80,1.8
20/04/2021,NATB,"63,000,000.00",9.21,9.21
20/04/2021,PUMA,"500,000,000.00",0.95,1.18
20/04/2021,SHOP,"2,700,000.00",63.01,63.01
20/04/2021,CCAF,"1,625,000,597.00",0.17,0.17
20/04/2021,PMDZ,"100,000,000.00",0.62,0.62
20/04/2021,ATEL,"104,000,000.00",29.49,29.49
20/04/2021,CECZ,"1,625,000,597.00",1.24,1.25
20/04/2021,ZABR,"546,000,000.00",7.23,7.23
20/04/2021,MAFS,"50,000,000.00",2.88,2.88
20/04/2021,ZMBF,"300,579,610.00",1.11,1.11
20/04/2021,SCBL,"1,666,980,000.00",1.35,1.35
20/04/2021,ZSUG,"316,571,385.40",2.55,2.55
20/04/2021,ZMRE,"45,000,000.00",2.80,2.8
20/04/2021,AECI,"20,406,600.00",24.20,24.2
20/04/2021,BATA,"76,107,600.00",2.60,2.6
20/04/2021,CHIL,"200,039,904.00",2.15,2.15
21/04/2021,REIZ,"56,460,198.00",0.54,0.54
21/04/2021,ZMFA,"27,090,100.00",4.78,4.78
21/04/2021,ZNCO,"1,443,750,041.28",0.70,0.7
21/04/2021,ZCCM,"160,800,286.00",38.80,38.8
21/04/2021,ZFCO,"400,000,000.00",1.95,1.95
21/04/2021,BATZ,"212,456,304.00",1.80,1.8
21/04/2021,NATB,"63,000,000.00",9.21,9.21
21/04/2021,PUMA,"500,000,000.00",1.13,1.13
21/04/2021,SHOP,"2,700,000.00",63.01,63.01
21/04/2021,CCAF,"1,625,000,597.00",0.17,0.17
21/04/2021,PMDZ,"100,000,000.00",0.62,0.62
21/04/2021,ATEL,"104,000,000.00",29.49,29.49
21/04/2021,CECZ,"1,625,000,597.00",1.18,1.22
21/04/2021,ZABR,"546,000,000.00",7.23,7.23
21/04/2021,MAFS,"50,000,000.00",2.88,2.88
21/04/2021,ZMBF,"300,579,610.00",1.11,1.11
21/04/2021,SCBL,"1,666,980,000.00",1.35,1.35
21/04/2021,ZSUG,"316,571,385.40",2.55,2.55
21/04/2021,ZMRE,"45,000,000.00",2.80,2.8
21/04/2021,AECI,"20,406,600.00",24.20,24.2
21/04/2021,BATA,"76,107,600.00",2.60,2.6
21/04/2021,CHIL,"200,039,904.00",2.15,2.15
22/04/2021,REIZ,"56,460,198.00",0.54,0.54
22/04/2021,ZMFA,"27,090,100.00",4.78,4.78
22/04/2021,ZNCO,"1,443,750,041.28",0.70,0.7
22/04/2021,ZCCM,"160,800,286.00",38.80,38.8
22/04/2021,ZFCO,"400,000,000.00",1.95,1.95
22/04/2021,BATZ,"212,456,304.00",1.80,1.8
22/04/2021,NATB,"63,000,000.00",9.21,9.21
22/04/2021,PUMA,"500,000,000.00",1.13,1.13
22/04/2021,SHOP,"2,700,000.00",63.01,63.01
22/04/2021,CCAF,"1,625,000,597.00",0.17,0.17
22/04/2021,PMDZ,"100,000,000.00",0.62,0.62
22/04/2021,ATEL,"104,000,000.00",29.49,29.49
22/04/2021,CECZ,"1,625,000,597.00",1.23,1.25
22/04/2021,ZABR,"546,000,000.00",7.23,7.23
22/04/2021,MAFS,"50,000,000.00",2.88,2.88
22/04/2021,ZMBF,"300,579,610.00",1.11,1.11
22/04/2021,SCBL,"1,666,980,000.00",1.35,1.35
22/04/2021,ZSUG,"316,571,385.40",2.55,2.55
22/04/2021,ZMRE,"45,000,000.00",2.80,2.8
22/04/2021,AECI,"20,406,600.00",24.20,24.2
22/04/2021,BATA,"76,107,600.00",2.60,2.6
22/04/2021,CHIL,"200,039,904.00",2.15,2.15
23/04/2021,REIZ,"56,460,198.00",0.54,0.54
23/04/2021,ZMFA,"27,090,100.00",4.78,4.78
23/04/2021,ZNCO,"1,443,750,041.28",0.70,0.7
23/04/2021,ZCCM,"160,800,286.00",38.80,38.8
23/04/2021,ZFCO,"400,000,000.00",1.95,1.95
23/04/2021,BATZ,"212,456,304.00",1.80,1.8
23/04/2021,NATB,"63,000,000.00",9.21,9.21
23/04/2021,PUMA,"500,000,000.00",1.13,1.18
23/04/2021,SHOP,"2,700,000.00",63.01,63.01
23/04/2021,CCAF,"1,625,000,597.00",0.17,0.17
23/04/2021,PMDZ,"100,000,000.00",0.62,0.62
23/04/2021,ATEL,"104,000,000.00",29.49,29.49
23/04/2021,CECZ,"1,625,000,597.00",1.25,1.23
23/04/2021,ZABR,"546,000,000.00",7.23,7.23
23/04/2021,MAFS,"50,000,000.00",2.88,2.88
23/04/2021,ZMBF,"300,579,610.00",1.11,1.11
23/04/2021,SCBL,"1,666,980,000.00",1.35,1.35
23/04/2021,ZSUG,"316,571,385.40",2.55,2.55
23/04/2021,ZMRE,"45,000,000.00",2.80,2.8
23/04/2021,AECI,"20,406,600.00",24.20,24.2
23/04/2021,BATA,"76,107,600.00",2.60,2.6
23/04/2021,CHIL,"200,039,904.00",2.15,2.15
26/04/2021,REIZ,"56,460,198.00",0.54,0.54
26/04/2021,ZMFA,"27,090,100.00",4.78,4.78
26/04/2021,ZNCO,"1,443,750,041.28",0.70,0.7
26/04/2021,ZCCM,"160,800,286.00",38.80,38.8
26/04/2021,ZFCO,"400,000,000.00",1.95,1.95
26/04/2021,BATZ,"212,456,304.00",1.80,1.8
26/04/2021,NATB,"63,000,000.00",9.21,9.21
26/04/2021,PUMA,"500,000,000.00",1.24,1.24
26/04/2021,SHOP,"2,700,000.00",63.01,63.01
26/04/2021,CCAF,"1,625,000,597.00",0.17,0.17
26/04/2021,PMDZ,"100,000,000.00",0.62,0.62
26/04/2021,ATEL,"104,000,000.00",29.49,29.49
26/04/2021,CECZ,"1,625,000,597.00",1.25,1.25
26/04/2021,ZABR,"546,000,000.00",7.23,7.23
26/04/2021,MAFS,"50,000,000.00",2.88,2.88
26/04/2021,ZMBF,"300,579,610.00",1.11,1.11
26/04/2021,SCBL,"1,666,980,000.00",1.35,1.35
26/04/2021,ZSUG,"316,571,385.40",2.55,2.55
26/04/2021,ZMRE,"45,000,000.00",2.80,2.8
26/04/2021,AECI,"20,406,600.00",24.20,24.2
26/04/2021,BATA,"76,107,600.00",2.60,2.6
26/04/2021,CHIL,"200,039,904.00",2.15,2.68
27/04/2021,REIZ,"56,460,198.00",0.54,0.54
27/04/2021,ZMFA,"27,090,100.00",4.78,4.78
27/04/2021,ZNCO,"1,443,750,041.28",0.70,0.7
27/04/2021,ZCCM,"160,800,286.00",38.80,38.8
27/04/2021,ZFCO,"400,000,000.00",1.95,1.95
27/04/2021,BATZ,"212,456,304.00",1.80,1.8
27/04/2021,NATB,"63,000,000.00",9.21,9.21
27/04/2021,PUMA,"500,000,000.00",1.24,1.24
27/04/2021,SHOP,"2,700,000.00",63.01,63.01
27/04/2021,CCAF,"1,625,000,597.00",0.17,0.17
27/04/2021,PMDZ,"100,000,000.00",0.62,0.62
27/04/2021,ATEL,"104,000,000.00",29.49,29.49
27/04/2021,CECZ,"1,625,000,597.00",1.25,1.25
27/04/2021,ZABR,"546,000,000.00",7.23,7.23
27/04/2021,MAFS,"50,000,000.00",2.88,2.88
27/04/2021,ZMBF,"300,579,610.00",1.11,1.11
27/04/2021,SCBL,"1,666,980,000.00",1.35,1.35
27/04/2021,ZSUG,"316,571,385.40",2.55,2.55
27/04/2021,ZMRE,"45,000,000.00",2.80,2.8
27/04/2021,AECI,"20,406,600.00",24.20,24.2
27/04/2021,BATA,"76,107,600.00",2.60,2.6
27/04/2021,CHIL,"200,039,904.00",2.68,2.68
28/04/2021,REIZ,"56,460,198.00",0.54,0.54
28/04/2021,ZMFA,"27,090,100.00",4.78,4.78
28/04/2021,ZNCO,"1,443,750,041.28",0.70,0.7
28/04/2021,ZCCM,"160,800,286.00",38.80,38.8
28/04/2021,ZFCO,"400,000,000.00",1.95,1.95
28/04/2021,BATZ,"212,456,304.00",1.80,1.8
28/04/2021,NATB,"63,000,000.00",9.21,9.21
28/04/2021,PUMA,"500,000,000.00",1.24,1.24
28/04/2021,SHOP,"2,700,000.00",63.01,63.01
28/04/2021,CCAF,"1,625,000,597.00",0.17,0.17
28/04/2021,PMDZ,"100,000,000.00",0.62,0.6
28/04/2021,ATEL,"104,000,000.00",29.49,29.49
28/04/2021,CECZ,"1,625,000,597.00",1.25,1.25
28/04/2021,ZABR,"546,000,000.00",7.23,7.23
28/04/2021,MAFS,"50,000,000.00",2.88,2.88
28/04/2021,ZMBF,"300,579,610.00",1.11,1.11
28/04/2021,SCBL,"1,666,980,000.00",1.35,1.34
28/04/2021,ZSUG,"316,571,385.40",2.55,2.55
28/04/2021,ZMRE,"45,000,000.00",2.80,2.8
28/04/2021,AECI,"20,406,600.00",24.20,24.2
28/04/2021,BATA,"76,107,600.00",2.60,2.6
28/04/2021,CHIL,"200,039,904.00",2.68,2.68
29/04/2021,REIZ,"56,460,198.00",0.54,0.54
29/04/2021,ZMFA,"27,090,100.00",4.78,4.78
29/04/2021,ZNCO,"1,443,750,041.28",0.70,0.7
29/04/2021,ZCCM,"160,800,286.00",38.80,38.8
29/04/2021,ZFCO,"400,000,000.00",1.95,1.95
29/04/2021,BATZ,"212,456,304.00",1.80,1.8
29/04/2021,NATB,"63,000,000.00",9.21,9.21
29/04/2021,PUMA,"500,000,000.00",1.24,1.24
29/04/2021,SHOP,"2,700,000.00",63.01,63.01
29/04/2021,CCAF,"1,625,000,597.00",0.17,0.17
29/04/2021,PMDZ,"100,000,000.00",0.60,0.6
29/04/2021,ATEL,"104,000,000.00",29.49,29.49
29/04/2021,CECZ,"1,625,000,597.00",1.17,1.25
29/04/2021,ZABR,"546,000,000.00",7.23,7.23
29/04/2021,MAFS,"50,000,000.00",2.88,2.88
29/04/2021,ZMBF,"300,579,610.00",1.11,1.11
29/04/2021,SCBL,"1,666,980,000.00",1.34,1.34
29/04/2021,ZSUG,"316,571,385.40",2.55,2.55
29/04/2021,ZMRE,"45,000,000.00",2.80,2.8
29/04/2021,AECI,"20,406,600.00",24.20,24.2
29/04/2021,BATA,"76,107,600.00",2.60,2.6
29/04/2021,CHIL,"200,039,904.00",2.68,2.68
30/04/2021,REIZ,"56,460,198.00",0.54,0.54
30/04/2021,ZMFA,"27,090,100.00",4.78,4.78
30/04/2021,ZNCO,"1,443,750,041.28",0.70,0.7
30/04/2021,ZCCM,"160,800,286.00",38.80,38
30/04/2021,ZFCO,"400,000,000.00",1.95,1.95
30/04/2021,BATZ,"212,456,304.00",1.80,1.8
30/04/2021,NATB,"63,000,000.00",9.21,9.21
30/04/2021,PUMA,"500,000,000.00",1.24,1.24
30/04/2021,SHOP,"2,700,000.00",63.01,63.01
30/04/2021,CCAF,"1,625,000,597.00",0.17,0.17
30/04/2021,PMDZ,"100,000,000.00",0.60,0.6
30/04/2021,ATEL,"104,000,000.00",29.49,29.49
30/04/2021,CECZ,"1,625,000,597.00",1.25,1.25
30/04/2021,ZABR,"546,000,000.00",7.23,7.23
30/04/2021,MAFS,"50,000,000.00",2.88,2.88
30/04/2021,ZMBF,"300,579,610.00",1.11,1.11
30/04/2021,SCBL,"1,666,980,000.00",1.34,1.34
30/04/2021,ZSUG,"316,571,385.40",2.55,2.55
30/04/2021,ZMRE,"45,000,000.00",2.80,2.8
30/04/2021,AECI,"20,406,600.00",24.20,24.21
30/04/2021,BATA,"76,107,600.00",2.60,2.6
30/04/2021,CHIL,"200,039,904.00",2.68,2.68
03/05/2021,REIZ,"56,460,198.00",0.54,0.54
03/05/2021,ZMFA,"27,090,100.00",4.78,4.78
03/05/2021,ZNCO,"1,443,750,041.28",0.70,0.7
03/05/2021,ZCCM,"160,800,286.00",38.00,38
03/05/2021,ZFCO,"400,000,000.00",1.95,1.95
03/05/2021,BATZ,"212,456,304.00",1.80,1.8
03/05/2021,NATB,"63,000,000.00",9.21,9.21
03/05/2021,PUMA,"500,000,000.00",1.24,1.24
03/05/2021,SHOP,"2,700,000.00",63.01,63.01
03/05/2021,CCAF,"1,625,000,597.00",0.17,0.17
03/05/2021,PMDZ,"100,000,000.00",0.60,0.6
03/05/2021,ATEL,"104,000,000.00",29.49,29.49
03/05/2021,CECZ,"1,625,000,597.00",1.25,1.25
03/05/2021,ZABR,"546,000,000.00",7.23,7.23
03/05/2021,MAFS,"50,000,000.00",2.88,2.88
03/05/2021,ZMBF,"300,579,610.00",1.11,1.11
03/05/2021,SCBL,"1,666,980,000.00",1.34,1.34
03/05/2021,ZSUG,"316,571,385.40",2.55,2.55
03/05/2021,ZMRE,"45,000,000.00",2.80,2.8
03/05/2021,AECI,"20,406,600.00",24.21,24.21
03/05/2021,BATA,"76,107,600.00",2.60,2.6
03/05/2021,CHIL,"200,039,904.00",2.68,2.68
04/05/2021,ZMRE,"5,000,000,000.00",1.00,1
04/05/2021,MAFS,0,1,1
04/05/2021,ZABR,0,1,1
04/05/2021,PUMA,0,1,1
04/05/2021,REIZ,"56,460,198.00",0.54,0.54
04/05/2021,ZMFA,"27,090,100.00",4.78,4.78
04/05/2021,ZNCO,"1,443,750,041.28",0.70,0.7
04/05/2021,ZCCM,"160,800,286.00",38.00,38
04/05/2021,ZFCO,"400,000,000.00",1.95,1.95
04/05/2021,BATZ,"212,456,304.00",1.80,1.8
04/05/2021,NATB,"63,000,000.00",9.21,9.21
04/05/2021,PUMA,"500,000,000.00",1.24,1.24
04/05/2021,SHOP,"2,700,000.00",63.01,63.01
04/05/2021,CCAF,"1,625,000,597.00",0.17,0.17
04/05/2021,PMDZ,"100,000,000.00",0.60,0.6
04/05/2021,ATEL,"104,000,000.00",29.49,29.48
04/05/2021,CECZ,"1,625,000,597.00",1.25,1.25
04/05/2021,ZABR,"546,000,000.00",7.23,7.23
04/05/2021,MAFS,"50,000,000.00",2.88,2.88
04/05/2021,ZMBF,"300,579,610.00",1.11,1.11
04/05/2021,SCBL,"1,666,980,000.00",1.34,1.34
04/05/2021,ZSUG,"316,571,385.40",2.55,2.55
04/05/2021,ZMRE,"45,000,000.00",2.80,2.8
04/05/2021,AECI,"20,406,600.00",24.21,24.21
04/05/2021,BATA,"76,107,600.00",2.60,2.6
04/05/2021,CHIL,"200,039,904.00",2.68,2.68
05/05/2021,REIZ,"56,460,198.00",0.54,0.54
05/05/2021,ZMFA,"27,090,100.00",4.78,4.78
05/05/2021,ZNCO,"1,443,750,041.28",0.70,0.7
05/05/2021,ZCCM,"160,800,286.00",38.00,38
05/05/2021,ZFCO,"400,000,000.00",1.95,1.95
05/05/2021,BATZ,"212,456,304.00",1.80,1.8
05/05/2021,NATB,"63,000,000.00",9.21,9.21
05/05/2021,PUMA,"500,000,000.00",1.24,1.47
05/05/2021,SHOP,"2,700,000.00",63.01,63.01
05/05/2021,CCAF,"1,625,000,597.00",0.17,0.17
05/05/2021,PMDZ,"100,000,000.00",0.60,0.6
05/05/2021,ATEL,"104,000,000.00",29.48,29.48
05/05/2021,CECZ,"1,625,000,597.00",1.25,1.25
05/05/2021,ZABR,"546,000,000.00",7.23,7.23
05/05/2021,MAFS,"50,000,000.00",2.88,2.88
05/05/2021,ZMBF,"300,579,610.00",1.11,1.12
05/05/2021,SCBL,"1,666,980,000.00",1.34,1.34
05/05/2021,ZSUG,"316,571,385.40",2.55,2.56
05/05/2021,ZMRE,"45,000,000.00",2.80,2.8
05/05/2021,AECI,"20,406,600.00",24.21,24.21
05/05/2021,BATA,"76,107,600.00",2.60,2.6
05/05/2021,CHIL,"200,039,904.00",2.69,2.69
06/05/2021,REIZ,"56,460,198.00",0.54,0.54
06/05/2021,ZMFA,"27,090,100.00",4.78,4.78
06/05/2021,ZNCO,"1,443,750,041.28",0.70,0.7
06/05/2021,ZCCM,"160,800,286.00",38.00,38
06/05/2021,ZFCO,"400,000,000.00",1.95,1.95
06/05/2021,BATZ,"212,456,304.00",1.80,1.8
06/05/2021,NATB,"63,000,000.00",9.21,9.21
06/05/2021,PUMA,"500,000,000.00",1.47,1.47
06/05/2021,SHOP,"2,700,000.00",63.01,63.01
06/05/2021,CCAF,"1,625,000,597.00",0.17,0.17
06/05/2021,PMDZ,"100,000,000.00",0.60,0.6
06/05/2021,ATEL,"104,000,000.00",29.48,29.48
06/05/2021,CECZ,"1,625,000,597.00",1.25,1.25
06/05/2021,ZABR,"546,000,000.00",7.23,7.23
06/05/2021,MAFS,"50,000,000.00",2.88,2.88
06/05/2021,ZMBF,"300,579,610.00",1.12,1.12
06/05/2021,SCBL,"1,666,980,000.00",1.34,1.34
06/05/2021,ZSUG,"316,571,385.40",2.56,2.56
06/05/2021,ZMRE,"45,000,000.00",2.80,2.8
06/05/2021,AECI,"20,406,600.00",24.21,24.21
06/05/2021,BATA,"76,107,600.00",2.60,2.6
06/05/2021,CHIL,"200,039,904.00",2.69,2.69
07/05/2021,REIZ,"56,460,198.00",0.54,0.66
07/05/2021,ZMFA,"27,090,100.00",4.78,4.78
07/05/2021,ZNCO,"1,443,750,041.28",0.70,0.7
07/05/2021,ZCCM,"160,800,286.00",38.00,38
07/05/2021,ZFCO,"400,000,000.00",1.95,1.95
07/05/2021,BATZ,"212,456,304.00",1.80,1.8
07/05/2021,NATB,"63,000,000.00",9.21,9.21
07/05/2021,PUMA,"500,000,000.00",1.47,1.47
07/05/2021,SHOP,"2,700,000.00",63.01,63.01
07/05/2021,CCAF,"1,625,000,597.00",0.17,0.17
07/05/2021,PMDZ,"100,000,000.00",0.60,0.6
07/05/2021,ATEL,"104,000,000.00",29.48,29.48
07/05/2021,CECZ,"1,625,000,597.00",1.25,1.25
07/05/2021,ZABR,"546,000,000.00",7.23,7.23
07/05/2021,MAFS,"50,000,000.00",2.88,2.88
07/05/2021,ZMBF,"300,579,610.00",1.12,1.12
07/05/2021,SCBL,"1,666,980,000.00",1.34,1.34
07/05/2021,ZSUG,"316,571,385.40",2.56,2.56
07/05/2021,ZMRE,"45,000,000.00",2.80,2.8
07/05/2021,AECI,"20,406,600.00",24.21,24.21
07/05/2021,BATA,"76,107,600.00",2.60,2.6
07/05/2021,CHIL,"200,039,904.00",2.69,2.69
10/05/2021,REIZ,"56,460,198.00",0.66,0.8
10/05/2021,ZMFA,"27,090,100.00",4.78,4.78
10/05/2021,ZNCO,"1,443,750,041.28",0.70,0.7
10/05/2021,ZCCM,"160,800,286.00",38.00,38
10/05/2021,ZFCO,"400,000,000.00",1.95,1.95
10/05/2021,BATZ,"212,456,304.00",1.80,1.8
10/05/2021,NATB,"63,000,000.00",9.21,9.21
10/05/2021,PUMA,"500,000,000.00",1.47,1.47
10/05/2021,SHOP,"2,700,000.00",63.01,63.01
10/05/2021,CCAF,"1,625,000,597.00",0.17,0.17
10/05/2021,PMDZ,"100,000,000.00",0.60,0.6
10/05/2021,ATEL,"104,000,000.00",29.48,29.48
10/05/2021,CECZ,"1,625,000,597.00",1.23,1.25
10/05/2021,ZABR,"546,000,000.00",7.23,7.23
10/05/2021,MAFS,"50,000,000.00",2.88,2.88
10/05/2021,ZMBF,"300,579,610.00",1.12,1.12
10/05/2021,SCBL,"1,666,980,000.00",1.34,1.34
10/05/2021,ZSUG,"316,571,385.40",2.56,2.56
10/05/2021,ZMRE,"45,000,000.00",2.80,2.8
10/05/2021,AECI,"20,406,600.00",24.21,24.21
10/05/2021,BATA,"76,107,600.00",2.60,2.6
10/05/2021,CHIL,"200,039,904.00",2.69,2.69
11/05/2021,REIZ,"56,460,198.00",0.80,0.8
11/05/2021,ZMFA,"27,090,100.00",4.78,4.78
11/05/2021,ZNCO,"1,443,750,041.28",0.70,0.7
11/05/2021,ZCCM,"160,800,286.00",38.00,38
11/05/2021,ZFCO,"400,000,000.00",1.95,1.95
11/05/2021,BATZ,"212,456,304.00",1.80,1.8
11/05/2021,NATB,"63,000,000.00",9.21,9.21
11/05/2021,PUMA,"500,000,000.00",1.47,1.47
11/05/2021,SHOP,"2,700,000.00",63.01,63.01
11/05/2021,CCAF,"1,625,000,597.00",0.17,0.17
11/05/2021,PMDZ,"100,000,000.00",0.60,0.6
11/05/2021,ATEL,"104,000,000.00",29.48,29.48
11/05/2021,CECZ,"1,625,000,597.00",1.25,1.25
11/05/2021,ZABR,"546,000,000.00",7.23,7.23
11/05/2021,MAFS,"50,000,000.00",2.88,2.88
11/05/2021,ZMBF,"300,579,610.00",1.12,1.12
11/05/2021,SCBL,"1,666,980,000.00",1.34,1.34
11/05/2021,ZSUG,"316,571,385.40",2.56,2.56
11/05/2021,ZMRE,"45,000,000.00",2.80,2.8
11/05/2021,AECI,"20,406,600.00",24.21,24.21
11/05/2021,BATA,"76,107,600.00",2.60,2.6
11/05/2021,CHIL,"200,039,904.00",2.69,2.69
12/05/2021,REIZ,"56,460,198.00",0.80,0.8
12/05/2021,ZMFA,"27,090,100.00",4.78,4.78
12/05/2021,ZNCO,"1,443,750,041.28",0.70,0.7
12/05/2021,ZCCM,"160,800,286.00",38.00,38
12/05/2021,ZFCO,"400,000,000.00",1.95,1.95
12/05/2021,BATZ,"212,456,304.00",1.80,1.8
12/05/2021,NATB,"63,000,000.00",9.21,9.21
12/05/2021,PUMA,"500,000,000.00",1.47,1.47
12/05/2021,SHOP,"2,700,000.00",63.01,63.01
12/05/2021,CCAF,"1,625,000,597.00",0.17,0.17
12/05/2021,PMDZ,"100,000,000.00",0.60,0.6
12/05/2021,ATEL,"104,000,000.00",29.48,29.48
12/05/2021,CECZ,"1,625,000,597.00",1.25,1.25
12/05/2021,ZABR,"546,000,000.00",7.23,7.23
12/05/2021,MAFS,"50,000,000.00",2.88,2.88
12/05/2021,ZMBF,"300,579,610.00",1.12,1.12
12/05/2021,SCBL,"1,666,980,000.00",1.34,1.34
12/05/2021,ZSUG,"316,571,385.40",2.56,2.56
12/05/2021,ZMRE,"45,000,000.00",2.80,2.8
12/05/2021,AECI,"20,406,600.00",24.21,24.21
12/05/2021,BATA,"76,107,600.00",2.60,2.6
12/05/2021,CHIL,"200,039,904.00",2.69,2.69
13/05/2021,REIZ,"56,460,198.00",0.80,0.8
13/05/2021,ZMFA,"27,090,100.00",4.78,4.78
13/05/2021,ZNCO,"1,443,750,041.28",0.70,0.7
13/05/2021,ZCCM,"160,800,286.00",38.00,38
13/05/2021,ZFCO,"400,000,000.00",1.95,1.95
13/05/2021,BATZ,"212,456,304.00",1.80,1.8
13/05/2021,NATB,"63,000,000.00",9.21,9.21
13/05/2021,PUMA,"500,000,000.00",1.47,1.47
13/05/2021,SHOP,"2,700,000.00",63.01,63.01
13/05/2021,CCAF,"1,625,000,597.00",0.17,0.17
13/05/2021,PMDZ,"100,000,000.00",0.60,0.6
13/05/2021,ATEL,"104,000,000.00",29.48,29.48
13/05/2021,CECZ,"1,625,000,597.00",1.25,1.25
13/05/2021,ZABR,"546,000,000.00",7.23,7.23
13/05/2021,MAFS,"50,000,000.00",2.88,2.88
13/05/2021,ZMBF,"300,579,610.00",1.12,1.12
13/05/2021,SCBL,"1,666,980,000.00",1.34,1.34
13/05/2021,ZSUG,"316,571,385.40",2.56,2.56
13/05/2021,ZMRE,"45,000,000.00",2.80,2.8
13/05/2021,AECI,"20,406,600.00",24.21,24.21
13/05/2021,BATA,"76,107,600.00",2.60,2.6
13/05/2021,CHIL,"200,039,904.00",2.69,2.69
14/05/2021,REIZ,"56,460,198.00",0.80,0.8
14/05/2021,ZMFA,"27,090,100.00",4.78,4.78
14/05/2021,ZNCO,"1,443,750,041.28",0.70,0.7
14/05/2021,ZCCM,"160,800,286.00",38.00,38
14/05/2021,ZFCO,"400,000,000.00",1.95,1.95
14/05/2021,BATZ,"212,456,304.00",1.80,1.8
14/05/2021,NATB,"63,000,000.00",9.21,9.21
14/05/2021,PUMA,"500,000,000.00",1.47,1.47
14/05/2021,SHOP,"2,700,000.00",63.01,63.01
14/05/2021,CCAF,"1,625,000,597.00",0.17,0.17
14/05/2021,PMDZ,"100,000,000.00",0.60,0.6
14/05/2021,ATEL,"104,000,000.00",29.48,29.48
14/05/2021,CECZ,"1,625,000,597.00",1.25,1.25
14/05/2021,ZABR,"546,000,000.00",7.23,7.23
14/05/2021,MAFS,"50,000,000.00",2.88,2.88
14/05/2021,ZMBF,"300,579,610.00",1.12,1.12
14/05/2021,SCBL,"1,666,980,000.00",1.34,1.34
14/05/2021,ZSUG,"316,571,385.40",2.56,2.56
14/05/2021,ZMRE,"45,000,000.00",2.80,2.8
14/05/2021,AECI,"20,406,600.00",24.21,24.21
14/05/2021,BATA,"76,107,600.00",2.60,2.6
14/05/2021,CHIL,"200,039,904.00",2.69,3.3
17/05/2021,REIZ,"56,460,198.00",0.80,0.8
17/05/2021,ZMFA,"27,090,100.00",4.78,4.78
17/05/2021,ZNCO,"1,443,750,041.28",0.85,0.7
17/05/2021,ZCCM,"160,800,286.00",38.00,38
17/05/2021,ZFCO,"400,000,000.00",1.95,1.95
17/05/2021,BATZ,"212,456,304.00",1.80,1.8
17/05/2021,NATB,"63,000,000.00",9.21,9.21
17/05/2021,PUMA,"500,000,000.00",1.47,1.47
17/05/2021,SHOP,"2,700,000.00",63.01,63.01
17/05/2021,CCAF,"1,625,000,597.00",0.17,0.17
17/05/2021,PMDZ,"100,000,000.00",0.60,0.6
17/05/2021,ATEL,"104,000,000.00",29.48,29.48
17/05/2021,CECZ,"1,625,000,597.00",1.25,1.25
17/05/2021,ZABR,"546,000,000.00",7.23,7.23
17/05/2021,MAFS,"50,000,000.00",2.88,2.88
17/05/2021,ZMBF,"300,579,610.00",1.12,1.12
17/05/2021,SCBL,"1,666,980,000.00",1.34,1.34
17/05/2021,ZSUG,"316,571,385.40",2.56,2.57
17/05/2021,ZMRE,"45,000,000.00",2.80,2.8
17/05/2021,AECI,"20,406,600.00",24.21,24.21
17/05/2021,BATA,"76,107,600.00",2.60,2.6
17/05/2021,CHIL,"200,039,904.00",3.30,3.3
18/05/2021,REIZ,"56,460,198.00",0.80,0.8
18/05/2021,ZMFA,"27,090,100.00",4.78,4.78
18/05/2021,ZNCO,"1,443,750,041.28",0.70,0.7
18/05/2021,ZCCM,"160,800,286.00",38.00,38
18/05/2021,ZFCO,"400,000,000.00",1.95,1.95
18/05/2021,BATZ,"212,456,304.00",1.80,1.8
18/05/2021,NATB,"63,000,000.00",9.21,9.21
18/05/2021,PUMA,"500,000,000.00",1.47,1.47
18/05/2021,SHOP,"2,700,000.00",63.01,63.01
18/05/2021,CCAF,"1,625,000,597.00",0.17,0.17
18/05/2021,PMDZ,"100,000,000.00",0.60,0.6
18/05/2021,ATEL,"104,000,000.00",29.48,29.48
18/05/2021,CECZ,"1,625,000,597.00",1.25,1.25
18/05/2021,ZABR,"546,000,000.00",7.23,7.23
18/05/2021,MAFS,"50,000,000.00",2.88,2.88
18/05/2021,ZMBF,"300,579,610.00",1.12,1.12
18/05/2021,SCBL,"1,666,980,000.00",1.34,1.34
18/05/2021,ZSUG,"316,571,385.40",2.57,2.57
18/05/2021,ZMRE,"45,000,000.00",2.80,2.8
18/05/2021,AECI,"20,406,600.00",24.21,24.21
18/05/2021,BATA,"76,107,600.00",2.60,2.6
18/05/2021,CHIL,"200,039,904.00",3.30,3.3
19/05/2021,REIZ,"56,460,198.00",0.80,0.8
19/05/2021,ZMFA,"27,090,100.00",4.78,4.78
19/05/2021,ZNCO,"1,443,750,041.28",0.70,0.7
19/05/2021,ZCCM,"160,800,286.00",38.00,38
19/05/2021,ZFCO,"400,000,000.00",1.95,1.95
19/05/2021,BATZ,"212,456,304.00",1.80,1.8
19/05/2021,NATB,"63,000,000.00",9.21,9.21
19/05/2021,PUMA,"500,000,000.00",1.47,1.47
19/05/2021,SHOP,"2,700,000.00",63.01,63.01
19/05/2021,CCAF,"1,625,000,597.00",0.17,0.17
19/05/2021,PMDZ,"100,000,000.00",0.60,0.6
19/05/2021,ATEL,"104,000,000.00",29.48,29.48
19/05/2021,CECZ,"1,625,000,597.00",1.25,1.25
19/05/2021,ZABR,"546,000,000.00",7.23,7.23
19/05/2021,MAFS,"50,000,000.00",2.88,2.88
19/05/2021,ZMBF,"300,579,610.00",1.12,1.12
19/05/2021,SCBL,"1,666,980,000.00",1.34,1.34
19/05/2021,ZSUG,"316,571,385.40",2.56,2.56
19/05/2021,ZMRE,"45,000,000.00",2.80,2.8
19/05/2021,AECI,"20,406,600.00",24.21,24.21
19/05/2021,BATA,"76,107,600.00",2.60,2.6
19/05/2021,CHIL,"200,039,904.00",3.30,3.3
20/05/2021,REIZ,"56,460,198.00",0.80,0.8
20/05/2021,ZMFA,"27,090,100.00",4.78,4.78
20/05/2021,ZNCO,"1,443,750,041.28",0.70,0.7
20/05/2021,ZCCM,"160,800,286.00",38.00,38
20/05/2021,ZFCO,"400,000,000.00",1.95,1.95
20/05/2021,BATZ,"212,456,304.00",1.80,1.8
20/05/2021,NATB,"63,000,000.00",9.21,9.21
20/05/2021,PUMA,"500,000,000.00",1.47,1.47
20/05/2021,SHOP,"2,700,000.00",63.01,63.01
20/05/2021,CCAF,"1,625,000,597.00",0.17,0.17
20/05/2021,PMDZ,"100,000,000.00",0.60,0.6
20/05/2021,ATEL,"104,000,000.00",29.48,29.48
20/05/2021,CECZ,"1,625,000,597.00",1.25,1.25
20/05/2021,ZABR,"546,000,000.00",7.23,7.23
20/05/2021,MAFS,"50,000,000.00",2.88,2.88
20/05/2021,ZMBF,"300,579,610.00",1.12,1.12
20/05/2021,SCBL,"1,666,980,000.00",1.34,1.34
20/05/2021,ZSUG,"316,571,385.40",2.56,2.56
20/05/2021,ZMRE,"45,000,000.00",2.80,2.8
20/05/2021,AECI,"20,406,600.00",24.21,24.21
20/05/2021,BATA,"76,107,600.00",2.60,2.6
20/05/2021,CHIL,"200,039,904.00",3.30,3.3
21/05/2021,REIZ,"56,460,198.00",0.80,0.8
21/05/2021,ZMFA,"27,090,100.00",4.78,4.78
21/05/2021,ZNCO,"1,443,750,041.28",0.70,0.7
21/05/2021,ZCCM,"160,800,286.00",38.00,38
21/05/2021,ZFCO,"400,000,000.00",1.95,1.95
21/05/2021,BATZ,"212,456,304.00",1.80,1.8
21/05/2021,NATB,"63,000,000.00",9.21,9.21
21/05/2021,PUMA,"500,000,000.00",1.47,1.47
21/05/2021,SHOP,"2,700,000.00",63.01,63.01
21/05/2021,CCAF,"1,625,000,597.00",0.17,0.17
21/05/2021,PMDZ,"100,000,000.00",0.60,0.6
21/05/2021,ATEL,"104,000,000.00",29.48,29.48
21/05/2021,CECZ,"1,625,000,597.00",1.25,1.25
21/05/2021,ZABR,"546,000,000.00",7.23,7.23
21/05/2021,MAFS,"50,000,000.00",2.88,2.88
21/05/2021,ZMBF,"300,579,610.00",1.12,1.12
21/05/2021,SCBL,"1,666,980,000.00",1.34,1.34
21/05/2021,ZSUG,"316,571,385.40",2.56,2.56
21/05/2021,ZMRE,"45,000,000.00",2.80,2.8
21/05/2021,AECI,"20,406,600.00",24.21,24.21
21/05/2021,BATA,"76,107,600.00",2.60,2.6
21/05/2021,CHIL,"200,039,904.00",3.30,3.3
24/05/2021,REIZ,"56,460,198.00",0.80,0.8
24/05/2021,ZMFA,"27,090,100.00",4.78,4.78
24/05/2021,ZNCO,"1,443,750,041.28",0.70,0.7
24/05/2021,ZCCM,"160,800,286.00",38.00,38
24/05/2021,ZFCO,"400,000,000.00",1.95,1.95
24/05/2021,BATZ,"212,456,304.00",1.80,1.8
24/05/2021,NATB,"63,000,000.00",9.21,9.21
24/05/2021,PUMA,"500,000,000.00",1.47,1.47
24/05/2021,SHOP,"2,700,000.00",63.01,63.01
24/05/2021,CCAF,"1,625,000,597.00",0.17,0.17
24/05/2021,PMDZ,"100,000,000.00",0.60,0.6
24/05/2021,ATEL,"104,000,000.00",29.48,29.48
24/05/2021,CECZ,"1,625,000,597.00",1.25,1.25
24/05/2021,ZABR,"546,000,000.00",7.23,7.23
24/05/2021,MAFS,"50,000,000.00",2.88,2.88
24/05/2021,ZMBF,"300,579,610.00",1.12,1.12
24/05/2021,SCBL,"1,666,980,000.00",1.34,1.34
24/05/2021,ZSUG,"316,571,385.40",2.56,2.56
24/05/2021,ZMRE,"45,000,000.00",2.80,2.8
24/05/2021,AECI,"20,406,600.00",24.21,24.21
24/05/2021,BATA,"76,107,600.00",2.60,2.6
24/05/2021,CHIL,"200,039,904.00",3.30,3.3
26/05/2021,REIZ,"56,460,198.00",0.80,0.8
26/05/2021,ZMFA,"27,090,100.00",4.78,4.78
26/05/2021,ZNCO,"1,443,750,041.28",0.70,0.7
26/05/2021,ZCCM,"160,800,286.00",38.00,38
26/05/2021,ZFCO,"400,000,000.00",1.95,1.95
26/05/2021,BATZ,"212,456,304.00",1.80,1.8
26/05/2021,NATB,"63,000,000.00",9.21,9.21
26/05/2021,PUMA,"500,000,000.00",1.47,1.47
26/05/2021,SHOP,"2,700,000.00",63.01,63.01
26/05/2021,CCAF,"1,625,000,597.00",0.17,0.17
26/05/2021,PMDZ,"100,000,000.00",0.60,0.6
26/05/2021,ATEL,"104,000,000.00",29.48,29.48
26/05/2021,CECZ,"1,625,000,597.00",1.25,1.25
26/05/2021,ZABR,"546,000,000.00",7.23,7.23
26/05/2021,MAFS,"50,000,000.00",2.88,2.88
26/05/2021,ZMBF,"300,579,610.00",1.12,1.12
26/05/2021,SCBL,"1,666,980,000.00",1.34,1.34
26/05/2021,ZSUG,"316,571,385.40",2.56,2.56
26/05/2021,ZMRE,"45,000,000.00",2.80,2.8
26/05/2021,AECI,"20,406,600.00",24.21,24.21
26/05/2021,BATA,"76,107,600.00",2.60,2.6
26/05/2021,CHIL,"200,039,904.00",3.30,4.1
27/05/2021,REIZ,"56,460,198.00",0.80,0.8
27/05/2021,ZMFA,"27,090,100.00",4.78,4.78
27/05/2021,ZNCO,"1,443,750,041.28",0.70,0.7
27/05/2021,ZCCM,"160,800,286.00",38.00,38
27/05/2021,ZFCO,"400,000,000.00",1.95,1.95
27/05/2021,BATZ,"212,456,304.00",1.80,1.8
27/05/2021,NATB,"63,000,000.00",9.21,9.21
27/05/2021,PUMA,"500,000,000.00",1.47,1.47
27/05/2021,SHOP,"2,700,000.00",63.01,63.01
27/05/2021,CCAF,"1,625,000,597.00",0.17,0.17
27/05/2021,PMDZ,"100,000,000.00",0.60,0.6
27/05/2021,ATEL,"104,000,000.00",29.48,29.48
27/05/2021,CECZ,"1,625,000,597.00",1.25,1.25
27/05/2021,ZABR,"546,000,000.00",7.23,7.23
27/05/2021,MAFS,"50,000,000.00",2.88,2.88
27/05/2021,ZMBF,"300,579,610.00",1.12,1.12
27/05/2021,SCBL,"1,666,980,000.00",1.34,1.34
27/05/2021,ZSUG,"316,571,385.40",2.56,2.56
27/05/2021,ZMRE,"45,000,000.00",2.80,2.8
27/05/2021,AECI,"20,406,600.00",24.21,24.21
27/05/2021,BATA,"76,107,600.00",2.60,2.6
27/05/2021,CHIL,"200,039,904.00",4.10,5
28/05/2021,REIZ,"56,460,198.00",0.80,0.8
28/05/2021,ZMFA,"27,090,100.00",4.78,4.78
28/05/2021,ZNCO,"1,443,750,041.28",0.70,0.7
28/05/2021,ZCCM,"160,800,286.00",38.00,38
28/05/2021,ZFCO,"400,000,000.00",1.95,1.95
28/05/2021,BATZ,"212,456,304.00",1.80,1.8
28/05/2021,NATB,"63,000,000.00",9.21,9.21
28/05/2021,PUMA,"500,000,000.00",1.47,1.47
28/05/2021,SHOP,"2,700,000.00",63.01,63.01
28/05/2021,CCAF,"1,625,000,597.00",0.17,0.17
28/05/2021,PMDZ,"100,000,000.00",0.60,0.6
28/05/2021,ATEL,"104,000,000.00",29.48,29.48
28/05/2021,CECZ,"1,625,000,597.00",1.25,1.25
28/05/2021,ZABR,"546,000,000.00",7.23,6.5
28/05/2021,MAFS,"50,000,000.00",2.88,2.88
28/05/2021,ZMBF,"300,579,610.00",1.12,1.12
28/05/2021,SCBL,"1,666,980,000.00",1.34,1.34
28/05/2021,ZSUG,"316,571,385.40",2.56,2.56
28/05/2021,ZMRE,"45,000,000.00",2.80,2.8
28/05/2021,AECI,"20,406,600.00",24.21,24.21
28/05/2021,BATA,"76,107,600.00",2.60,2.6
28/05/2021,CHIL,"200,039,904.00",5.00,5
31/05/2021,REIZ,"56,460,198.00",0.80,0.8
31/05/2021,ZMFA,"27,090,100.00",4.78,4.78
31/05/2021,ZNCO,"1,443,750,041.28",0.70,0.7
31/05/2021,ZCCM,"160,800,286.00",38.00,38
31/05/2021,ZFCO,"400,000,000.00",1.95,1.95
31/05/2021,BATZ,"212,456,304.00",1.80,1.8
31/05/2021,NATB,"63,000,000.00",9.21,9.21
31/05/2021,PUMA,"500,000,000.00",1.47,1.47
31/05/2021,SHOP,"2,700,000.00",63.01,63.01
31/05/2021,CCAF,"1,625,000,597.00",0.17,0.17
31/05/2021,PMDZ,"100,000,000.00",0.60,0.6
31/05/2021,ATEL,"104,000,000.00",29.48,29.48
31/05/2021,CECZ,"1,625,000,597.00",1.25,1.25
31/05/2021,ZABR,"546,000,000.00",6.50,7.23
31/05/2021,MAFS,"50,000,000.00",2.88,2.88
31/05/2021,ZMBF,"300,579,610.00",1.12,1.12
31/05/2021,SCBL,"1,666,980,000.00",1.34,1.34
31/05/2021,ZSUG,"316,571,385.40",2.56,2.56
31/05/2021,ZMRE,"45,000,000.00",2.80,2.8
31/05/2021,AECI,"20,406,600.00",24.21,24.21
31/05/2021,BATA,"76,107,600.00",2.60,2.6
31/05/2021,CHIL,"200,039,904.00",5.00,5
01/06/2021,REIZ,"56,460,198.00",0.80,0.8
01/06/2021,ZMFA,"27,090,100.00",4.78,4.78
01/06/2021,ZNCO,"1,443,750,041.28",0.70,0.7
01/06/2021,ZCCM,"160,800,286.00",38.00,38
01/06/2021,ZFCO,"400,000,000.00",1.95,1.95
01/06/2021,BATZ,"212,456,304.00",1.80,1.8
01/06/2021,NATB,"63,000,000.00",9.21,9.21
01/06/2021,PUMA,"500,000,000.00",1.47,1.47
01/06/2021,SHOP,"2,700,000.00",63.01,63.01
01/06/2021,CCAF,"1,625,000,597.00",0.17,0.17
01/06/2021,PMDZ,"100,000,000.00",0.60,0.6
01/06/2021,ATEL,"104,000,000.00",29.48,29.48
01/06/2021,CECZ,"1,625,000,597.00",1.25,1.25
01/06/2021,ZABR,"546,000,000.00",7.23,7.23
01/06/2021,MAFS,"50,000,000.00",2.88,2.88
01/06/2021,ZMBF,"300,579,610.00",1.12,1.12
01/06/2021,SCBL,"1,666,980,000.00",1.34,1.34
01/06/2021,ZSUG,"316,571,385.40",2.56,2.56
01/06/2021,ZMRE,"45,000,000.00",2.80,2.8
01/06/2021,AECI,"20,406,600.00",24.21,24.21
01/06/2021,BATA,"76,107,600.00",2.60,2.6
01/06/2021,CHIL,"200,039,904.00",5.00,5
02/06/2021,REIZ,"56,460,198.00",0.80,0.8
02/06/2021,ZMFA,"27,090,100.00",4.78,4.78
02/06/2021,ZNCO,"1,443,750,041.28",0.70,0.7
02/06/2021,ZCCM,"160,800,286.00",38.00,38
02/06/2021,ZFCO,"400,000,000.00",1.95,1.95
02/06/2021,BATZ,"212,456,304.00",1.80,1.8
02/06/2021,NATB,"63,000,000.00",9.21,9.21
02/06/2021,PUMA,"500,000,000.00",1.47,1.47
02/06/2021,SHOP,"2,700,000.00",63.01,63.01
02/06/2021,CCAF,"1,625,000,597.00",0.17,0.17
02/06/2021,PMDZ,"100,000,000.00",0.60,0.6
02/06/2021,ATEL,"104,000,000.00",29.48,29.48
02/06/2021,CECZ,"1,625,000,597.00",1.25,1.25
02/06/2021,ZABR,"546,000,000.00",7.23,7.23
02/06/2021,MAFS,"50,000,000.00",2.88,2.88
02/06/2021,ZMBF,"300,579,610.00",1.12,1.12
02/06/2021,SCBL,"1,666,980,000.00",1.34,1.34
02/06/2021,ZSUG,"316,571,385.40",2.56,3.2
02/06/2021,ZMRE,"45,000,000.00",2.80,2.8
02/06/2021,AECI,"20,406,600.00",24.21,24.21
02/06/2021,BATA,"76,107,600.00",2.60,2.6
02/06/2021,CHIL,"200,039,904.00",5.00,5
03/06/2021,REIZ,"56,460,198.00",0.80,0.8
03/06/2021,ZMFA,"27,090,100.00",4.78,4.78
03/06/2021,ZNCO,"1,443,750,041.28",0.70,0.7
03/06/2021,ZCCM,"160,800,286.00",38.00,38
03/06/2021,ZFCO,"400,000,000.00",1.95,1.95
03/06/2021,BATZ,"212,456,304.00",1.80,1.8
03/06/2021,NATB,"63,000,000.00",9.21,9.21
03/06/2021,PUMA,"500,000,000.00",1.47,1.47
03/06/2021,SHOP,"2,700,000.00",63.01,63.01
03/06/2021,CCAF,"1,625,000,597.00",0.17,0.17
03/06/2021,PMDZ,"100,000,000.00",0.60,0.6
03/06/2021,ATEL,"104,000,000.00",29.48,29.48
03/06/2021,CECZ,"1,625,000,597.00",1.25,1.26
03/06/2021,ZABR,"546,000,000.00",7.23,7.23
03/06/2021,MAFS,"50,000,000.00",2.88,2.88
03/06/2021,ZMBF,"300,579,610.00",1.12,1.12
03/06/2021,SCBL,"1,666,980,000.00",1.34,1.34
03/06/2021,ZSUG,"316,571,385.40",3.20,3.2
03/06/2021,ZMRE,"45,000,000.00",2.80,2.8
03/06/2021,AECI,"20,406,600.00",24.21,24.21
03/06/2021,BATA,"76,107,600.00",2.60,2.6
03/06/2021,CHIL,"200,039,904.00",5.00,5
04/06/2021,REIZ,"56,460,198.00",0.80,0.8
04/06/2021,ZMFA,"27,090,100.00",4.78,4.78
04/06/2021,ZNCO,"1,443,750,041.28",0.70,0.7
04/06/2021,ZCCM,"160,800,286.00",38.00,38
04/06/2021,ZFCO,"400,000,000.00",1.95,1.95
04/06/2021,BATZ,"212,456,304.00",1.80,1.8
04/06/2021,NATB,"63,000,000.00",9.21,9.21
04/06/2021,PUMA,"500,000,000.00",1.47,1.47
04/06/2021,SHOP,"2,700,000.00",63.01,63.01
04/06/2021,CCAF,"1,625,000,597.00",0.17,0.19
04/06/2021,PMDZ,"100,000,000.00",0.60,0.6
04/06/2021,ATEL,"104,000,000.00",29.48,29.48
04/06/2021,CECZ,"1,625,000,597.00",1.26,1.25
04/06/2021,ZABR,"546,000,000.00",7.23,7.23
04/06/2021,MAFS,"50,000,000.00",2.88,2.88
04/06/2021,ZMBF,"300,579,610.00",1.12,1.12
04/06/2021,SCBL,"1,666,980,000.00",1.34,1.34
04/06/2021,ZSUG,"316,571,385.40",3.20,3.2
04/06/2021,ZMRE,"45,000,000.00",2.80,2.8
04/06/2021,AECI,"20,406,600.00",24.21,24.21
04/06/2021,BATA,"76,107,600.00",2.60,2.6
04/06/2021,CHIL,"200,039,904.00",5.00,5
07/06/2021,REIZ,"56,460,198.00",0.80,0.8
07/06/2021,ZMFA,"27,090,100.00",4.78,4.78
07/06/2021,ZNCO,"1,443,750,041.28",0.70,0.7
07/06/2021,ZCCM,"160,800,286.00",38.00,38
07/06/2021,ZFCO,"400,000,000.00",1.95,1.95
07/06/2021,BATZ,"212,456,304.00",1.80,1.8
07/06/2021,NATB,"63,000,000.00",9.21,9.21
07/06/2021,PUMA,"500,000,000.00",1.47,1.47
07/06/2021,SHOP,"2,700,000.00",63.01,63.01
07/06/2021,CCAF,"1,625,000,597.00",0.19,0.19
07/06/2021,PMDZ,"100,000,000.00",0.60,0.6
07/06/2021,ATEL,"104,000,000.00",29.48,29.48
07/06/2021,CECZ,"1,625,000,597.00",1.25,1.25
07/06/2021,ZABR,"546,000,000.00",7.23,7.23
07/06/2021,MAFS,"50,000,000.00",2.88,2.88
07/06/2021,ZMBF,"300,579,610.00",1.12,1.12
07/06/2021,SCBL,"1,666,980,000.00",1.34,1.34
07/06/2021,ZSUG,"316,571,385.40",3.20,3.2
07/06/2021,ZMRE,"45,000,000.00",2.80,2.8
07/06/2021,AECI,"20,406,600.00",24.21,24.21
07/06/2021,BATA,"76,107,600.00",2.60,2.6
07/06/2021,CHIL,"200,039,904.00",5.00,5
08/06/2021,REIZ,"56,460,198.00",0.80,0.8
08/06/2021,ZMFA,"27,090,100.00",4.78,4.78
08/06/2021,ZNCO,"1,443,750,041.28",0.70,0.7
08/06/2021,ZCCM,"160,800,286.00",38.00,38
08/06/2021,ZFCO,"400,000,000.00",1.95,1.95
08/06/2021,BATZ,"212,456,304.00",1.80,1.8
08/06/2021,NATB,"63,000,000.00",9.21,9.21
08/06/2021,PUMA,"500,000,000.00",1.47,1.47
08/06/2021,SHOP,"2,700,000.00",63.01,63.01
08/06/2021,CCAF,"1,625,000,597.00",0.19,0.19
08/06/2021,PMDZ,"100,000,000.00",0.60,0.6
08/06/2021,ATEL,"104,000,000.00",29.48,29.48
08/06/2021,CECZ,"1,625,000,597.00",1.25,1.25
08/06/2021,ZABR,"546,000,000.00",7.23,7.23
08/06/2021,MAFS,"50,000,000.00",2.88,2.88
08/06/2021,ZMBF,"300,579,610.00",1.12,1.12
08/06/2021,SCBL,"1,666,980,000.00",1.34,1.34
08/06/2021,ZSUG,"316,571,385.40",3.20,3.2
08/06/2021,ZMRE,"45,000,000.00",2.80,2.8
08/06/2021,AECI,"20,406,600.00",24.21,24.21
08/06/2021,BATA,"76,107,600.00",2.60,2.6
08/06/2021,CHIL,"200,039,904.00",5.00,5
09/06/2021,REIZ,"56,460,198.00",0.80,0.8
09/06/2021,ZMFA,"27,090,100.00",4.78,4.78
09/06/2021,ZNCO,"1,443,750,041.28",0.70,0.7
09/06/2021,ZCCM,"160,800,286.00",38.00,38
09/06/2021,ZFCO,"400,000,000.00",1.95,1.95
09/06/2021,BATZ,"212,456,304.00",1.80,1.8
09/06/2021,NATB,"63,000,000.00",9.21,9.21
09/06/2021,PUMA,"500,000,000.00",1.47,1.47
09/06/2021,SHOP,"2,700,000.00",63.01,63.01
09/06/2021,CCAF,"1,625,000,597.00",0.19,0.19
09/06/2021,PMDZ,"100,000,000.00",0.60,0.6
09/06/2021,ATEL,"104,000,000.00",29.48,29.48
09/06/2021,CECZ,"1,625,000,597.00",1.25,1.25
09/06/2021,ZABR,"546,000,000.00",7.23,7.23
09/06/2021,MAFS,"50,000,000.00",2.88,2.88
09/06/2021,ZMBF,"300,579,610.00",1.12,1.12
09/06/2021,SCBL,"1,666,980,000.00",1.34,1.34
09/06/2021,ZSUG,"316,571,385.40",3.20,3.2
09/06/2021,ZMRE,"45,000,000.00",2.80,2.8
09/06/2021,AECI,"20,406,600.00",24.21,24.21
09/06/2021,BATA,"76,107,600.00",2.60,2.6
09/06/2021,CHIL,"200,039,904.00",5.00,5
10/06/2021,REIZ,"56,460,198.00",0.80,0.8
10/06/2021,ZMFA,"27,090,100.00",4.78,4.78
10/06/2021,ZNCO,"1,443,750,041.28",0.70,0.7
10/06/2021,ZCCM,"160,800,286.00",38.00,38
10/06/2021,ZFCO,"400,000,000.00",1.95,1.95
10/06/2021,BATZ,"212,456,304.00",1.80,1.8
10/06/2021,NATB,"63,000,000.00",9.21,9.21
10/06/2021,PUMA,"500,000,000.00",1.47,1.2
10/06/2021,SHOP,"2,700,000.00",63.01,63.01
10/06/2021,CCAF,"1,625,000,597.00",0.19,0.19
10/06/2021,PMDZ,"100,000,000.00",0.60,0.6
10/06/2021,ATEL,"104,000,000.00",29.48,29.48
10/06/2021,CECZ,"1,625,000,597.00",1.25,1.25
10/06/2021,ZABR,"546,000,000.00",7.23,7.23
10/06/2021,MAFS,"50,000,000.00",2.88,2.88
10/06/2021,ZMBF,"300,579,610.00",1.12,1.12
10/06/2021,SCBL,"1,666,980,000.00",1.34,1.34
10/06/2021,ZSUG,"316,571,385.40",3.20,2.57
10/06/2021,ZMRE,"45,000,000.00",2.80,2.8
10/06/2021,AECI,"20,406,600.00",24.21,24.21
10/06/2021,BATA,"76,107,600.00",2.60,2.6
10/06/2021,CHIL,"200,039,904.00",5.00,5
11/06/2021,REIZ,"56,460,198.00",0.80,1
11/06/2021,ZMFA,"27,090,100.00",4.78,4.78
11/06/2021,ZNCO,"1,443,750,041.28",0.70,0.7
11/06/2021,ZCCM,"160,800,286.00",38.00,38
11/06/2021,ZFCO,"400,000,000.00",1.95,1.95
11/06/2021,BATZ,"212,456,304.00",1.80,1.8
11/06/2021,NATB,"63,000,000.00",9.21,9.21
11/06/2021,PUMA,"500,000,000.00",1.21,1.21
11/06/2021,SHOP,"2,700,000.00",63.01,63.01
11/06/2021,CCAF,"1,625,000,597.00",0.19,0.19
11/06/2021,PMDZ,"100,000,000.00",0.60,0.6
11/06/2021,ATEL,"104,000,000.00",29.48,29.48
11/06/2021,CECZ,"1,625,000,597.00",1.25,1.25
11/06/2021,ZABR,"546,000,000.00",7.23,7.23
11/06/2021,MAFS,"50,000,000.00",2.88,2.88
11/06/2021,ZMBF,"300,579,610.00",1.12,1.15
11/06/2021,SCBL,"1,666,980,000.00",1.34,1.34
11/06/2021,ZSUG,"316,571,385.40",2.57,3.2
11/06/2021,ZMRE,"45,000,000.00",2.80,2.8
11/06/2021,AECI,"20,406,600.00",24.21,24.21
11/06/2021,BATA,"76,107,600.00",2.60,2.6
11/06/2021,CHIL,"200,039,904.00",5.00,5
14/06/2021,REIZ,"56,460,198.00",1.00,1
14/06/2021,ZMFA,"27,090,100.00",4.78,4.78
14/06/2021,ZNCO,"1,443,750,041.28",0.70,0.7
14/06/2021,ZCCM,"160,800,286.00",38.00,38
14/06/2021,ZFCO,"400,000,000.00",1.95,1.95
14/06/2021,BATZ,"212,456,304.00",1.80,1.8
14/06/2021,NATB,"63,000,000.00",9.21,9.21
14/06/2021,PUMA,"500,000,000.00",1.21,1.21
14/06/2021,SHOP,"2,700,000.00",63.01,63.01
14/06/2021,CCAF,"1,625,000,597.00",0.19,0.19
14/06/2021,PMDZ,"100,000,000.00",0.60,0.6
14/06/2021,ATEL,"104,000,000.00",29.48,29.48
14/06/2021,CECZ,"1,625,000,597.00",1.25,1.4
14/06/2021,ZABR,"546,000,000.00",7.23,7.23
14/06/2021,MAFS,"50,000,000.00",2.88,2.88
14/06/2021,ZMBF,"300,579,610.00",1.15,1.15
14/06/2021,SCBL,"1,666,980,000.00",1.34,1.34
14/06/2021,ZSUG,"316,571,385.40",3.20,3.2
14/06/2021,ZMRE,"45,000,000.00",2.80,2.8
14/06/2021,AECI,"20,406,600.00",24.21,24.21
14/06/2021,BATA,"76,107,600.00",2.60,2.6
14/06/2021,CHIL,"200,039,904.00",5.00,5
15/06/2021,REIZ,"56,460,198.00",1.00,1
15/06/2021,ZMFA,"27,090,100.00",4.78,4.78
15/06/2021,ZNCO,"1,443,750,041.28",0.70,0.7
15/06/2021,ZCCM,"160,800,286.00",38.00,38
15/06/2021,ZFCO,"400,000,000.00",1.95,1.95
15/06/2021,BATZ,"212,456,304.00",1.80,1.8
15/06/2021,NATB,"63,000,000.00",9.21,9.21
15/06/2021,PUMA,"500,000,000.00",1.21,1.21
15/06/2021,SHOP,"2,700,000.00",63.01,63.01
15/06/2021,CCAF,"1,625,000,597.00",0.19,0.19
15/06/2021,PMDZ,"100,000,000.00",0.60,0.6
15/06/2021,ATEL,"104,000,000.00",29.48,29.48
15/06/2021,CECZ,"1,625,000,597.00",1.40,1.4
15/06/2021,ZABR,"546,000,000.00",7.23,7.23
15/06/2021,MAFS,"50,000,000.00",2.88,2.88
15/06/2021,ZMBF,"300,579,610.00",1.15,1.15
15/06/2021,SCBL,"1,666,980,000.00",1.34,1.34
15/06/2021,ZSUG,"316,571,385.40",3.20,4
15/06/2021,ZMRE,"45,000,000.00",2.80,2.8
15/06/2021,AECI,"20,406,600.00",24.21,24.21
15/06/2021,BATA,"76,107,600.00",2.60,2.6
15/06/2021,CHIL,"200,039,904.00",5.00,5
16/06/2021,ZMRE,"5,000,000,000.00",1.00,1
16/06/2021,MAFS,0,1,1
16/06/2021,ZABR,0,1,1
16/06/2021,PUMA,0,1,1
16/06/2021,REIZ,"56,460,198.00",1.00,1
16/06/2021,ZMFA,"27,090,100.00",4.78,4.78
16/06/2021,ZNCO,"1,443,750,041.28",0.70,0.7
16/06/2021,ZCCM,"160,800,286.00",38.00,38
16/06/2021,ZFCO,"400,000,000.00",1.95,1.95
16/06/2021,BATZ,"212,456,304.00",1.80,1.8
16/06/2021,NATB,"63,000,000.00",9.21,9.21
16/06/2021,PUMA,"500,000,000.00",1.21,1.21
16/06/2021,SHOP,"2,700,000.00",63.01,63.01
16/06/2021,CCAF,"1,625,000,597.00",0.19,0.19
16/06/2021,PMDZ,"100,000,000.00",0.60,0.6
16/06/2021,ATEL,"104,000,000.00",29.48,29.48
16/06/2021,CECZ,"1,625,000,597.00",1.40,1.4
16/06/2021,ZABR,"546,000,000.00",7.23,7.23
16/06/2021,MAFS,"50,000,000.00",2.88,2.88
16/06/2021,ZMBF,"300,579,610.00",1.15,1.15
16/06/2021,SCBL,"1,666,980,000.00",1.34,1.34
16/06/2021,ZSUG,"316,571,385.40",4.00,4
16/06/2021,ZMRE,"45,000,000.00",2.80,2.8
16/06/2021,AECI,"20,406,600.00",24.21,24.21
16/06/2021,BATA,"76,107,600.00",2.60,2.6
16/06/2021,CHIL,"200,039,904.00",5.00,5
17/06/2021,REIZ,"56,460,198.00",1.00,1
17/06/2021,ZMFA,"27,090,100.00",4.78,4.78
17/06/2021,ZNCO,"1,443,750,041.28",0.70,0.7
17/06/2021,ZCCM,"160,800,286.00",38.00,38
17/06/2021,ZFCO,"400,000,000.00",1.95,1.95
17/06/2021,BATZ,"212,456,304.00",1.80,1.8
17/06/2021,NATB,"63,000,000.00",9.21,9.21
17/06/2021,PUMA,"500,000,000.00",1.21,1.21
17/06/2021,SHOP,"2,700,000.00",63.01,63.01
17/06/2021,CCAF,"1,625,000,597.00",0.19,0.19
17/06/2021,PMDZ,"100,000,000.00",0.60,0.6
17/06/2021,ATEL,"104,000,000.00",29.48,29.48
17/06/2021,CECZ,"1,625,000,597.00",1.40,1.4
17/06/2021,ZABR,"546,000,000.00",7.23,7.23
17/06/2021,MAFS,"50,000,000.00",2.88,2.88
17/06/2021,ZMBF,"300,579,610.00",1.15,1.15
17/06/2021,SCBL,"1,666,980,000.00",1.34,1.34
17/06/2021,ZSUG,"316,571,385.40",4.00,4
17/06/2021,ZMRE,"45,000,000.00",2.80,2.8
17/06/2021,AECI,"20,406,600.00",24.21,25
17/06/2021,BATA,"76,107,600.00",2.60,2.6
17/06/2021,CHIL,"200,039,904.00",5.00,5
18/06/2021,REIZ,"56,460,198.00",1.00,1
18/06/2021,ZMFA,"27,090,100.00",4.78,4.78
18/06/2021,ZNCO,"1,443,750,041.28",0.70,0.7
18/06/2021,ZCCM,"160,800,286.00",38.00,38
18/06/2021,ZFCO,"400,000,000.00",1.95,1.95
18/06/2021,BATZ,"212,456,304.00",1.80,1.8
18/06/2021,NATB,"63,000,000.00",9.21,9.21
18/06/2021,PUMA,"500,000,000.00",1.21,1.21
18/06/2021,SHOP,"2,700,000.00",63.01,63.01
18/06/2021,CCAF,"1,625,000,597.00",0.19,0.19
18/06/2021,PMDZ,"100,000,000.00",0.60,0.6
18/06/2021,ATEL,"104,000,000.00",29.48,29.48
18/06/2021,CECZ,"1,625,000,597.00",1.40,1.4
18/06/2021,ZABR,"546,000,000.00",7.23,7.23
18/06/2021,MAFS,"50,000,000.00",2.88,2.88
18/06/2021,ZMBF,"300,579,610.00",1.15,1.15
18/06/2021,SCBL,"1,666,980,000.00",1.34,1.34
18/06/2021,ZSUG,"316,571,385.40",4.00,4
18/06/2021,ZMRE,"45,000,000.00",2.80,2.8
18/06/2021,AECI,"20,406,600.00",25.00,25
18/06/2021,BATA,"76,107,600.00",2.60,2.6
18/06/2021,CHIL,"200,039,904.00",5.02,5.02
21/06/2021,REIZ,"56,460,198.00",1.00,1
21/06/2021,ZMFA,"27,090,100.00",4.78,4.78
21/06/2021,ZNCO,"1,443,750,041.28",0.70,0.7
21/06/2021,ZCCM,"160,800,286.00",38.00,38
21/06/2021,ZFCO,"400,000,000.00",1.95,1.95
21/06/2021,BATZ,"212,456,304.00",1.80,1.8
21/06/2021,NATB,"63,000,000.00",9.21,9.21
21/06/2021,PUMA,"500,000,000.00",1.21,1.21
21/06/2021,SHOP,"2,700,000.00",63.01,63.01
21/06/2021,CCAF,"1,625,000,597.00",0.19,0.19
21/06/2021,PMDZ,"100,000,000.00",0.60,0.6
21/06/2021,ATEL,"104,000,000.00",29.48,29.48
21/06/2021,CECZ,"1,625,000,597.00",1.40,1.4
21/06/2021,ZABR,"546,000,000.00",7.23,7.23
21/06/2021,MAFS,"50,000,000.00",2.88,2.88
21/06/2021,ZMBF,"300,579,610.00",1.15,1.15
21/06/2021,SCBL,"1,666,980,000.00",1.34,1.34
21/06/2021,ZSUG,"316,571,385.40",4.00,4
21/06/2021,ZMRE,"45,000,000.00",2.80,2.8
21/06/2021,AECI,"20,406,600.00",25.00,25
21/06/2021,BATA,"76,107,600.00",2.60,2.6
21/06/2021,CHIL,"200,039,904.00",5.02,6.27
22/06/2021,REIZ,"56,460,198.00",1.00,1
22/06/2021,ZMFA,"27,090,100.00",4.78,4.78
22/06/2021,ZNCO,"1,443,750,041.28",0.70,0.7
22/06/2021,ZCCM,"160,800,286.00",38.00,38
22/06/2021,ZFCO,"400,000,000.00",1.95,1.95
22/06/2021,BATZ,"212,456,304.00",1.80,1.8
22/06/2021,NATB,"63,000,000.00",9.21,9.21
22/06/2021,PUMA,"500,000,000.00",1.21,1.21
22/06/2021,SHOP,"2,700,000.00",63.01,63.01
22/06/2021,CCAF,"1,625,000,597.00",0.19,0.19
22/06/2021,PMDZ,"100,000,000.00",0.60,0.6
22/06/2021,ATEL,"104,000,000.00",29.48,29.48
22/06/2021,CECZ,"1,625,000,597.00",1.40,1.4
22/06/2021,ZABR,"546,000,000.00",7.23,7.23
22/06/2021,MAFS,"50,000,000.00",2.88,2.88
22/06/2021,ZMBF,"300,579,610.00",1.15,1.15
22/06/2021,SCBL,"1,666,980,000.00",1.34,1.34
22/06/2021,ZSUG,"316,571,385.40",4.00,4
22/06/2021,ZMRE,"45,000,000.00",2.80,2.8
22/06/2021,AECI,"20,406,600.00",25.00,25
22/06/2021,BATA,"76,107,600.00",2.60,2.6
22/06/2021,CHIL,"200,039,904.00",6.27,5.31
23/06/2021,REIZ,"56,460,198.00",1.00,1
23/06/2021,ZMFA,"27,090,100.00",4.78,4.78
23/06/2021,ZNCO,"1,443,750,041.28",0.70,0.7
23/06/2021,ZCCM,"160,800,286.00",38.00,38
23/06/2021,ZFCO,"400,000,000.00",1.95,1.95
23/06/2021,BATZ,"212,456,304.00",1.80,1.8
23/06/2021,NATB,"63,000,000.00",9.21,9.21
23/06/2021,PUMA,"500,000,000.00",1.21,1.21
23/06/2021,SHOP,"2,700,000.00",63.01,63.01
23/06/2021,CCAF,"1,625,000,597.00",0.19,0.19
23/06/2021,PMDZ,"100,000,000.00",0.60,0.6
23/06/2021,ATEL,"104,000,000.00",29.48,29.48
23/06/2021,CECZ,"1,625,000,597.00",1.40,1.4
23/06/2021,ZABR,"546,000,000.00",7.23,7.23
23/06/2021,MAFS,"50,000,000.00",2.88,2.88
23/06/2021,ZMBF,"300,579,610.00",1.15,1.15
23/06/2021,SCBL,"1,666,980,000.00",1.34,1.34
23/06/2021,ZSUG,"316,571,385.40",4.00,4
23/06/2021,ZMRE,"45,000,000.00",2.80,2.8
23/06/2021,AECI,"20,406,600.00",25.00,25
23/06/2021,BATA,"76,107,600.00",2.60,2.6
23/06/2021,CHIL,"200,039,904.00",5.31,5.31
24/06/2021,REIZ,"56,460,198.00",1.00,1
24/06/2021,ZMFA,"27,090,100.00",4.78,4.78
24/06/2021,ZNCO,"1,443,750,041.28",0.70,0.7
24/06/2021,ZCCM,"160,800,286.00",38.00,38
24/06/2021,ZFCO,"400,000,000.00",1.95,1.95
24/06/2021,BATZ,"212,456,304.00",1.80,1.8
24/06/2021,NATB,"63,000,000.00",9.21,9.21
24/06/2021,PUMA,"500,000,000.00",1.21,1.21
24/06/2021,SHOP,"2,700,000.00",63.01,63.01
24/06/2021,CCAF,"1,625,000,597.00",0.19,0.19
24/06/2021,PMDZ,"100,000,000.00",0.60,0.6
24/06/2021,ATEL,"104,000,000.00",29.48,29.48
24/06/2021,CECZ,"1,625,000,597.00",1.40,1.4
24/06/2021,ZABR,"546,000,000.00",7.23,7.23
24/06/2021,MAFS,"50,000,000.00",2.88,2.88
24/06/2021,ZMBF,"300,579,610.00",1.15,1.15
24/06/2021,SCBL,"1,666,980,000.00",1.34,1.34
24/06/2021,ZSUG,"316,571,385.40",4.00,4
24/06/2021,ZMRE,"45,000,000.00",2.80,2.8
24/06/2021,AECI,"20,406,600.00",25.00,25
24/06/2021,BATA,"76,107,600.00",2.60,2.6
24/06/2021,CHIL,"200,039,904.00",5.35,6.63
25/06/2021,REIZ,"56,460,198.00",1.00,1
25/06/2021,ZMFA,"27,090,100.00",4.78,4.78
25/06/2021,ZNCO,"1,443,750,041.28",0.70,0.7
25/06/2021,ZCCM,"160,800,286.00",38.00,38
25/06/2021,ZFCO,"400,000,000.00",1.95,1.95
25/06/2021,BATZ,"212,456,304.00",1.80,1.8
25/06/2021,NATB,"63,000,000.00",9.21,9.21
25/06/2021,PUMA,"500,000,000.00",1.21,1.21
25/06/2021,SHOP,"2,700,000.00",63.01,63.01
25/06/2021,CCAF,"1,625,000,597.00",0.19,0.19
25/06/2021,PMDZ,"100,000,000.00",0.60,0.6
25/06/2021,ATEL,"104,000,000.00",29.48,29.48
25/06/2021,CECZ,"1,625,000,597.00",1.40,1.25
25/06/2021,ZABR,"546,000,000.00",7.23,7.23
25/06/2021,MAFS,"50,000,000.00",2.88,2.88
25/06/2021,ZMBF,"300,579,610.00",1.15,1.15
25/06/2021,SCBL,"1,666,980,000.00",1.34,1.25
25/06/2021,ZSUG,"316,571,385.40",4.00,4
25/06/2021,ZMRE,"45,000,000.00",2.80,2.8
25/06/2021,AECI,"20,406,600.00",25.00,25
25/06/2021,BATA,"76,107,600.00",2.60,2.6
25/06/2021,CHIL,"200,039,904.00",6.44,7.83
28/06/2021,REIZ,"56,460,198.00",1.00,1
28/06/2021,ZMFA,"27,090,100.00",4.78,4.78
28/06/2021,ZNCO,"1,443,750,041.28",0.70,0.85
28/06/2021,ZCCM,"160,800,286.00",38.00,38
28/06/2021,ZFCO,"400,000,000.00",1.95,1.95
28/06/2021,BATZ,"212,456,304.00",1.80,1.8
28/06/2021,NATB,"63,000,000.00",9.21,9.21
28/06/2021,PUMA,"500,000,000.00",1.21,1.21
28/06/2021,SHOP,"2,700,000.00",63.01,63.01
28/06/2021,CCAF,"1,625,000,597.00",0.19,0.19
28/06/2021,PMDZ,"100,000,000.00",0.60,0.6
28/06/2021,ATEL,"104,000,000.00",29.48,29.48
28/06/2021,CECZ,"1,625,000,597.00",1.25,1.25
28/06/2021,ZABR,"546,000,000.00",7.23,7.23
28/06/2021,MAFS,"50,000,000.00",2.88,2.88
28/06/2021,ZMBF,"300,579,610.00",1.15,1.15
28/06/2021,SCBL,"1,666,980,000.00",1.25,1.25
28/06/2021,ZSUG,"316,571,385.40",4.00,4
28/06/2021,ZMRE,"45,000,000.00",2.80,2.8
28/06/2021,AECI,"20,406,600.00",25.00,25
28/06/2021,BATA,"76,107,600.00",2.60,2.6
28/06/2021,CHIL,"200,039,904.00",7.83,7.83
29/06/2021,REIZ,"56,460,198.00",1.00,1
29/06/2021,ZMFA,"27,090,100.00",4.78,4.78
29/06/2021,ZNCO,"1,443,750,041.28",0.85,0.85
29/06/2021,ZCCM,"160,800,286.00",38.00,38
29/06/2021,ZFCO,"400,000,000.00",1.95,1.95
29/06/2021,BATZ,"212,456,304.00",1.80,1.8
29/06/2021,NATB,"63,000,000.00",9.21,9.21
29/06/2021,PUMA,"500,000,000.00",1.21,1.21
29/06/2021,SHOP,"2,700,000.00",63.01,63.01
29/06/2021,CCAF,"1,625,000,597.00",0.19,0.19
29/06/2021,PMDZ,"100,000,000.00",0.60,0.6
29/06/2021,ATEL,"104,000,000.00",29.48,29.48
29/06/2021,CECZ,"1,625,000,597.00",1.25,1.4
29/06/2021,ZABR,"546,000,000.00",7.23,7.23
29/06/2021,MAFS,"50,000,000.00",2.88,2.88
29/06/2021,ZMBF,"300,579,610.00",1.15,1.15
29/06/2021,SCBL,"1,666,980,000.00",1.25,1.25
29/06/2021,ZSUG,"316,571,385.40",4.00,4
29/06/2021,ZMRE,"45,000,000.00",2.80,2.8
29/06/2021,AECI,"20,406,600.00",25.00,25
29/06/2021,BATA,"76,107,600.00",2.60,2.6
29/06/2021,CHIL,"200,039,904.00",7.83,9.78
30/06/2021,REIZ,"56,460,198.00",1.00,1.12
30/06/2021,ZMFA,"27,090,100.00",4.78,4.78
30/06/2021,ZNCO,"1,443,750,041.28",0.85,0.7
30/06/2021,ZCCM,"160,800,286.00",38.00,38
30/06/2021,ZFCO,"400,000,000.00",1.95,1.95
30/06/2021,BATZ,"212,456,304.00",1.80,1.8
30/06/2021,NATB,"63,000,000.00",9.21,9.21
30/06/2021,PUMA,"500,000,000.00",1.21,1.21
30/06/2021,SHOP,"2,700,000.00",63.01,63.01
30/06/2021,CCAF,"1,625,000,597.00",0.19,0.19
30/06/2021,PMDZ,"100,000,000.00",0.60,0.6
30/06/2021,ATEL,"104,000,000.00",29.48,29.48
30/06/2021,CECZ,"1,625,000,597.00",1.40,1.25
30/06/2021,ZABR,"546,000,000.00",7.23,7.23
30/06/2021,MAFS,"50,000,000.00",2.88,2.88
30/06/2021,ZMBF,"300,579,610.00",1.15,1.15
30/06/2021,SCBL,"1,666,980,000.00",1.25,1.25
30/06/2021,ZSUG,"316,571,385.40",4.00,4
30/06/2021,ZMRE,"45,000,000.00",2.80,2.8
30/06/2021,AECI,"20,406,600.00",25.00,25
30/06/2021,BATA,"76,107,600.00",2.60,2.6
30/06/2021,CHIL,"200,039,904.00",9.78,12.22
01/07/2021,REIZ,"56,460,198.00",1.12,1
01/07/2021,ZMFA,"27,090,100.00",4.78,4.78
01/07/2021,ZNCO,"1,443,750,041.28",0.70,0.7
01/07/2021,ZCCM,"160,800,286.00",38.00,38
01/07/2021,ZFCO,"400,000,000.00",1.95,1.95
01/07/2021,BATZ,"212,456,304.00",1.80,1.8
01/07/2021,NATB,"63,000,000.00",9.21,9.21
01/07/2021,PUMA,"500,000,000.00",1.21,1.23
01/07/2021,SHOP,"2,700,000.00",63.01,63.01
01/07/2021,CCAF,"1,625,000,597.00",0.19,0.19
01/07/2021,PMDZ,"100,000,000.00",0.60,0.6
01/07/2021,ATEL,"104,000,000.00",29.48,29.48
01/07/2021,CECZ,"1,625,000,597.00",1.25,1.25
01/07/2021,ZABR,"546,000,000.00",7.23,7.23
01/07/2021,MAFS,"50,000,000.00",2.88,2.88
01/07/2021,ZMBF,"300,579,610.00",1.15,1.15
01/07/2021,SCBL,"1,666,980,000.00",1.25,1.25
01/07/2021,ZSUG,"316,571,385.40",4.09,4.09
01/07/2021,ZMRE,"45,000,000.00",2.80,2.8
01/07/2021,AECI,"20,406,600.00",25.00,25
01/07/2021,BATA,"76,107,600.00",2.60,2.6
01/07/2021,CHIL,"200,039,904.00",11.73,11.73
02/07/2021,REIZ,"56,460,198.00",1.00,1
02/07/2021,ZMFA,"27,090,100.00",4.78,4.78
02/07/2021,ZNCO,"1,443,750,041.28",0.70,0.7
02/07/2021,ZCCM,"160,800,286.00",38.00,38
02/07/2021,ZFCO,"400,000,000.00",1.95,1.95
02/07/2021,BATZ,"212,456,304.00",1.80,1.8
02/07/2021,NATB,"63,000,000.00",9.21,9.21
02/07/2021,PUMA,"500,000,000.00",1.22,1.22
02/07/2021,SHOP,"2,700,000.00",63.01,63.01
02/07/2021,CCAF,"1,625,000,597.00",0.19,0.19
02/07/2021,PMDZ,"100,000,000.00",0.60,0.6
02/07/2021,ATEL,"104,000,000.00",29.48,29.48
02/07/2021,CECZ,"1,625,000,597.00",1.25,1.25
02/07/2021,ZABR,"546,000,000.00",7.23,7.23
02/07/2021,MAFS,"50,000,000.00",2.88,2.88
02/07/2021,ZMBF,"300,579,610.00",1.15,1.15
02/07/2021,SCBL,"1,666,980,000.00",1.25,1.25
02/07/2021,ZSUG,"316,571,385.40",4.09,4.09
02/07/2021,ZMRE,"45,000,000.00",2.80,2.8
02/07/2021,AECI,"20,406,600.00",25.00,25
02/07/2021,BATA,"76,107,600.00",2.60,2.6
02/07/2021,CHIL,"200,039,904.00",11.73,11.73
07/07/2021,REIZ,"56,460,198.00",1.00,1
07/07/2021,ZMFA,"27,090,100.00",4.78,4.78
07/07/2021,ZNCO,"1,443,750,041.28",0.70,0.7
07/07/2021,ZCCM,"160,800,286.00",38.00,38
07/07/2021,ZFCO,"400,000,000.00",1.95,1.95
07/07/2021,BATZ,"212,456,304.00",1.80,1.8
07/07/2021,NATB,"63,000,000.00",9.21,9.21
07/07/2021,PUMA,"500,000,000.00",1.22,1.22
07/07/2021,SHOP,"2,700,000.00",63.01,63.01
07/07/2021,CCAF,"1,625,000,597.00",0.19,0.19
07/07/2021,PMDZ,"100,000,000.00",0.60,0.6
07/07/2021,ATEL,"104,000,000.00",29.48,29.48
07/07/2021,CECZ,"1,625,000,597.00",1.25,1.25
07/07/2021,ZABR,"546,000,000.00",7.23,7.23
07/07/2021,MAFS,"50,000,000.00",2.88,2.88
07/07/2021,ZMBF,"300,579,610.00",1.15,1.15
07/07/2021,SCBL,"1,666,980,000.00",1.25,1.25
07/07/2021,ZSUG,"316,571,385.40",4.09,4.09
07/07/2021,ZMRE,"45,000,000.00",2.80,2.8
07/07/2021,AECI,"20,406,600.00",25.00,25
07/07/2021,BATA,"76,107,600.00",2.60,2.6
07/07/2021,CHIL,"200,039,904.00",11.73,11.73
08/07/2021,REIZ,"56,460,198.00",1.00,1
08/07/2021,ZMFA,"27,090,100.00",4.78,4.78
08/07/2021,ZNCO,"1,443,750,041.28",0.70,0.85
08/07/2021,ZCCM,"160,800,286.00",38.00,38
08/07/2021,ZFCO,"400,000,000.00",1.95,1.95
08/07/2021,BATZ,"212,456,304.00",1.80,1.8
08/07/2021,NATB,"63,000,000.00",9.21,9.21
08/07/2021,PUMA,"500,000,000.00",1.22,1.22
08/07/2021,SHOP,"2,700,000.00",63.01,63.01
08/07/2021,CCAF,"1,625,000,597.00",0.19,0.19
08/07/2021,PMDZ,"100,000,000.00",0.60,0.6
08/07/2021,ATEL,"104,000,000.00",29.48,29.48
08/07/2021,CECZ,"1,625,000,597.00",1.25,1.25
08/07/2021,ZABR,"546,000,000.00",7.23,7.23
08/07/2021,MAFS,"50,000,000.00",2.88,2.88
08/07/2021,ZMBF,"300,579,610.00",1.15,1.2
08/07/2021,SCBL,"1,666,980,000.00",1.25,1.25
08/07/2021,ZSUG,"316,571,385.40",4.09,4.09
08/07/2021,ZMRE,"45,000,000.00",2.80,2.8
08/07/2021,AECI,"20,406,600.00",25.00,25
08/07/2021,BATA,"76,107,600.00",2.60,2.6
08/07/2021,CHIL,"200,039,904.00",11.73,11.73
09/07/2021,REIZ,"56,460,198.00",1.00,1
09/07/2021,ZMFA,"27,090,100.00",4.78,4.78
09/07/2021,ZNCO,"1,443,750,041.28",0.85,0.85
09/07/2021,ZCCM,"160,800,286.00",38.00,38
09/07/2021,ZFCO,"400,000,000.00",1.95,1.95
09/07/2021,BATZ,"212,456,304.00",1.80,1.8
09/07/2021,NATB,"63,000,000.00",9.21,9.2
09/07/2021,PUMA,"500,000,000.00",1.22,1.22
09/07/2021,SHOP,"2,700,000.00",63.01,63.01
09/07/2021,CCAF,"1,625,000,597.00",0.19,0.19
09/07/2021,PMDZ,"100,000,000.00",0.60,0.6
09/07/2021,ATEL,"104,000,000.00",29.48,29.48
09/07/2021,CECZ,"1,625,000,597.00",1.25,1.25
09/07/2021,ZABR,"546,000,000.00",7.23,7.23
09/07/2021,MAFS,"50,000,000.00",2.88,2.88
09/07/2021,ZMBF,"300,579,610.00",1.20,1.2
09/07/2021,SCBL,"1,666,980,000.00",1.25,1.25
09/07/2021,ZSUG,"316,571,385.40",4.09,4.09
09/07/2021,ZMRE,"45,000,000.00",2.80,2.8
09/07/2021,AECI,"20,406,600.00",25.00,25
09/07/2021,BATA,"76,107,600.00",2.60,2.6
09/07/2021,CHIL,"200,039,904.00",11.73,14.66
12/07/2021,REIZ,"56,460,198.00",1.00,1.15
12/07/2021,ZMFA,"27,090,100.00",4.78,4.78
12/07/2021,ZNCO,"1,443,750,041.28",0.85,0.85
12/07/2021,ZCCM,"160,800,286.00",38.00,38
12/07/2021,ZFCO,"400,000,000.00",1.95,1.95
12/07/2021,BATZ,"212,456,304.00",1.80,1.8
12/07/2021,NATB,"63,000,000.00",9.20,9.2
12/07/2021,PUMA,"500,000,000.00",1.22,1.22
12/07/2021,SHOP,"2,700,000.00",63.01,63.01
12/07/2021,CCAF,"1,625,000,597.00",0.19,0.19
12/07/2021,PMDZ,"100,000,000.00",0.60,0.6
12/07/2021,ATEL,"104,000,000.00",29.48,29.48
12/07/2021,CECZ,"1,625,000,597.00",1.25,1.4
12/07/2021,ZABR,"546,000,000.00",7.23,7.23
12/07/2021,MAFS,"50,000,000.00",2.88,2.88
12/07/2021,ZMBF,"300,579,610.00",1.20,1.2
12/07/2021,SCBL,"1,666,980,000.00",1.25,1.25
12/07/2021,ZSUG,"316,571,385.40",4.09,4.09
12/07/2021,ZMRE,"45,000,000.00",2.80,2.8
12/07/2021,AECI,"20,406,600.00",25.00,25
12/07/2021,BATA,"76,107,600.00",2.60,2.6
12/07/2021,CHIL,"200,039,904.00",14.31,14.21
13/07/2021,REIZ,"56,460,198.00",1.15,1.15
13/07/2021,ZMFA,"27,090,100.00",4.78,4.78
13/07/2021,ZNCO,"1,443,750,041.28",0.85,0.85
13/07/2021,ZCCM,"160,800,286.00",38.00,38
13/07/2021,ZFCO,"400,000,000.00",1.95,1.95
13/07/2021,BATZ,"212,456,304.00",1.80,1.8
13/07/2021,NATB,"63,000,000.00",9.20,9.2
13/07/2021,PUMA,"500,000,000.00",1.22,1.22
13/07/2021,SHOP,"2,700,000.00",63.01,63.01
13/07/2021,CCAF,"1,625,000,597.00",0.19,0.19
13/07/2021,PMDZ,"100,000,000.00",0.60,0.6
13/07/2021,ATEL,"104,000,000.00",29.48,29.48
13/07/2021,CECZ,"1,625,000,597.00",1.40,1.25
13/07/2021,ZABR,"546,000,000.00",7.23,7.23
13/07/2021,MAFS,"50,000,000.00",2.88,2.88
13/07/2021,ZMBF,"300,579,610.00",1.20,1.2
13/07/2021,SCBL,"1,666,980,000.00",1.25,1.25
13/07/2021,ZSUG,"316,571,385.40",4.09,4.09
13/07/2021,ZMRE,"45,000,000.00",2.80,2.8
13/07/2021,AECI,"20,406,600.00",25.00,25
13/07/2021,BATA,"76,107,600.00",2.60,2.6
13/07/2021,CHIL,"200,039,904.00",14.21,14.21
14/07/2021,REIZ,"56,460,198.00",1.15,1
14/07/2021,ZMFA,"27,090,100.00",4.78,4.78
14/07/2021,ZNCO,"1,443,750,041.28",0.85,0.85
14/07/2021,ZCCM,"160,800,286.00",38.00,38
14/07/2021,ZFCO,"400,000,000.00",1.95,1.95
14/07/2021,BATZ,"212,456,304.00",1.80,1.8
14/07/2021,NATB,"63,000,000.00",9.20,9.2
14/07/2021,PUMA,"500,000,000.00",1.22,1.22
14/07/2021,SHOP,"2,700,000.00",63.01,63.01
14/07/2021,CCAF,"1,625,000,597.00",0.19,0.19
14/07/2021,PMDZ,"100,000,000.00",0.60,0.6
14/07/2021,ATEL,"104,000,000.00",29.48,29.48
14/07/2021,CECZ,"1,625,000,597.00",1.27,1.27
14/07/2021,ZABR,"546,000,000.00",7.23,7.23
14/07/2021,MAFS,"50,000,000.00",2.88,2.88
14/07/2021,ZMBF,"300,579,610.00",1.20,1.2
14/07/2021,SCBL,"1,666,980,000.00",1.25,1.25
14/07/2021,ZSUG,"316,571,385.40",4.09,4.09
14/07/2021,ZMRE,"45,000,000.00",2.80,2.8
14/07/2021,AECI,"20,406,600.00",25.00,25
14/07/2021,BATA,"76,107,600.00",2.60,2.6
14/07/2021,CHIL,"200,039,904.00",14.21,14.21
15/07/2021,REIZ,"56,460,198.00",1.00,1
15/07/2021,ZMFA,"27,090,100.00",4.78,4.78
15/07/2021,ZNCO,"1,443,750,041.28",0.85,0.85
15/07/2021,ZCCM,"160,800,286.00",38.00,38
15/07/2021,ZFCO,"400,000,000.00",1.95,1.95
15/07/2021,BATZ,"212,456,304.00",1.80,1.8
15/07/2021,NATB,"63,000,000.00",9.20,9.2
15/07/2021,PUMA,"500,000,000.00",1.22,1.22
15/07/2021,SHOP,"2,700,000.00",63.01,63.01
15/07/2021,CCAF,"1,625,000,597.00",0.19,0.19
15/07/2021,PMDZ,"100,000,000.00",0.60,0.6
15/07/2021,ATEL,"104,000,000.00",29.48,29.48
15/07/2021,CECZ,"1,625,000,597.00",1.27,1.27
15/07/2021,ZABR,"546,000,000.00",7.23,7.23
15/07/2021,MAFS,"50,000,000.00",2.88,2.88
15/07/2021,ZMBF,"300,579,610.00",1.20,1.2
15/07/2021,SCBL,"1,666,980,000.00",1.25,1.25
15/07/2021,ZSUG,"316,571,385.40",4.09,4.09
15/07/2021,ZMRE,"45,000,000.00",2.80,2.8
15/07/2021,AECI,"20,406,600.00",25.00,25
15/07/2021,BATA,"76,107,600.00",2.60,2.6
15/07/2021,CHIL,"200,039,904.00",11.01,11.01
16/07/2021,REIZ,"56,460,198.00",1.00,1
16/07/2021,ZMFA,"27,090,100.00",4.78,4.78
16/07/2021,ZNCO,"1,443,750,041.28",0.85,0.85
16/07/2021,ZCCM,"160,800,286.00",38.00,38
16/07/2021,ZFCO,"400,000,000.00",1.95,1.95
16/07/2021,BATZ,"212,456,304.00",1.80,1.8
16/07/2021,NATB,"63,000,000.00",9.20,9.2
16/07/2021,PUMA,"500,000,000.00",1.22,1.22
16/07/2021,SHOP,"2,700,000.00",63.01,63.01
16/07/2021,CCAF,"1,625,000,597.00",0.19,0.19
16/07/2021,PMDZ,"100,000,000.00",0.60,0.6
16/07/2021,ATEL,"104,000,000.00",29.48,29.48
16/07/2021,CECZ,"1,625,000,597.00",1.27,1.27
16/07/2021,ZABR,"546,000,000.00",7.23,7.23
16/07/2021,MAFS,"50,000,000.00",2.88,2.88
16/07/2021,ZMBF,"300,579,610.00",1.20,1.2
16/07/2021,SCBL,"1,666,980,000.00",1.25,1.25
16/07/2021,ZSUG,"316,571,385.40",4.09,4.09
16/07/2021,ZMRE,"45,000,000.00",2.80,2.8
16/07/2021,AECI,"20,406,600.00",25.00,25
16/07/2021,BATA,"76,107,600.00",2.60,2.6
16/07/2021,CHIL,"200,039,904.00",11.01,11.01
19/07/2021,REIZ,"56,460,198.00",1.00,1
19/07/2021,ZMFA,"27,090,100.00",4.78,4.78
19/07/2021,ZNCO,"1,443,750,041.28",0.85,0.85
19/07/2021,ZCCM,"160,800,286.00",38.00,38
19/07/2021,ZFCO,"400,000,000.00",1.95,1.95
19/07/2021,BATZ,"212,456,304.00",1.80,1.8
19/07/2021,NATB,"63,000,000.00",9.20,9.2
19/07/2021,PUMA,"500,000,000.00",1.22,1.22
19/07/2021,SHOP,"2,700,000.00",63.01,63.01
19/07/2021,CCAF,"1,625,000,597.00",0.19,0.19
19/07/2021,PMDZ,"100,000,000.00",0.60,0.6
19/07/2021,ATEL,"104,000,000.00",29.48,29.48
19/07/2021,CECZ,"1,625,000,597.00",1.27,1.27
19/07/2021,ZABR,"546,000,000.00",7.23,7.23
19/07/2021,MAFS,"50,000,000.00",2.88,2.88
19/07/2021,ZMBF,"300,579,610.00",1.20,1.2
19/07/2021,SCBL,"1,666,980,000.00",1.25,1.25
19/07/2021,ZSUG,"316,571,385.40",4.09,4.09
19/07/2021,ZMRE,"45,000,000.00",2.80,2.8
19/07/2021,AECI,"20,406,600.00",25.00,25
19/07/2021,BATA,"76,107,600.00",2.60,2.6
19/07/2021,CHIL,"200,039,904.00",11.01,11
20/07/2021,REIZ,"56,460,198.00",1.00,1
20/07/2021,ZMFA,"27,090,100.00",4.78,4.78
20/07/2021,ZNCO,"1,443,750,041.28",0.85,0.85
20/07/2021,ZCCM,"160,800,286.00",38.00,38
20/07/2021,ZFCO,"400,000,000.00",1.95,1.95
20/07/2021,BATZ,"212,456,304.00",1.80,1.8
20/07/2021,NATB,"63,000,000.00",9.20,9.2
20/07/2021,PUMA,"500,000,000.00",1.22,1.22
20/07/2021,SHOP,"2,700,000.00",63.01,63.01
20/07/2021,CCAF,"1,625,000,597.00",0.19,0.19
20/07/2021,PMDZ,"100,000,000.00",0.60,0.6
20/07/2021,ATEL,"104,000,000.00",29.48,29.48
20/07/2021,CECZ,"1,625,000,597.00",1.27,1.27
20/07/2021,ZABR,"546,000,000.00",7.23,7.23
20/07/2021,MAFS,"50,000,000.00",2.88,2.88
20/07/2021,ZMBF,"300,579,610.00",1.20,1.2
20/07/2021,SCBL,"1,666,980,000.00",1.25,1.25
20/07/2021,ZSUG,"316,571,385.40",4.09,4.09
20/07/2021,ZMRE,"45,000,000.00",2.80,2.8
20/07/2021,AECI,"20,406,600.00",25.00,25
20/07/2021,BATA,"76,107,600.00",2.60,2.6
20/07/2021,CHIL,"200,039,904.00",11.00,11
21/07/2021,REIZ,"56,460,198.00",1.00,1
21/07/2021,ZMFA,"27,090,100.00",4.78,4.78
21/07/2021,ZNCO,"1,443,750,041.28",0.85,0.85
21/07/2021,ZCCM,"160,800,286.00",38.00,38
21/07/2021,ZFCO,"400,000,000.00",1.95,1.95
21/07/2021,BATZ,"212,456,304.00",1.80,1.8
21/07/2021,NATB,"63,000,000.00",9.20,9.2
21/07/2021,PUMA,"500,000,000.00",1.22,1.22
21/07/2021,SHOP,"2,700,000.00",63.01,63.01
21/07/2021,CCAF,"1,625,000,597.00",0.19,0.19
21/07/2021,PMDZ,"100,000,000.00",0.60,0.6
21/07/2021,ATEL,"104,000,000.00",29.48,29.48
21/07/2021,CECZ,"1,625,000,597.00",1.27,1.27
21/07/2021,ZABR,"546,000,000.00",7.23,7.23
21/07/2021,MAFS,"50,000,000.00",2.88,2.88
21/07/2021,ZMBF,"300,579,610.00",1.20,1.2
21/07/2021,SCBL,"1,666,980,000.00",1.25,1.25
21/07/2021,ZSUG,"316,571,385.40",4.09,4.09
21/07/2021,ZMRE,"45,000,000.00",2.80,2.8
21/07/2021,AECI,"20,406,600.00",25.00,25
21/07/2021,BATA,"76,107,600.00",2.60,2.6
21/07/2021,CHIL,"200,039,904.00",11.00,11
22/07/2021,REIZ,"56,460,198.00",1.00,1
22/07/2021,ZMFA,"27,090,100.00",4.78,4.78
22/07/2021,ZNCO,"1,443,750,041.28",0.85,0.85
22/07/2021,ZCCM,"160,800,286.00",38.00,38
22/07/2021,ZFCO,"400,000,000.00",1.95,1.95
22/07/2021,BATZ,"212,456,304.00",1.80,1.8
22/07/2021,NATB,"63,000,000.00",9.20,9.2
22/07/2021,PUMA,"500,000,000.00",1.22,1.22
22/07/2021,SHOP,"2,700,000.00",63.01,64
22/07/2021,CCAF,"1,625,000,597.00",0.19,0.19
22/07/2021,PMDZ,"100,000,000.00",0.60,0.6
22/07/2021,ATEL,"104,000,000.00",29.48,29.48
22/07/2021,CECZ,"1,625,000,597.00",1.27,1.27
22/07/2021,ZABR,"546,000,000.00",7.23,7.23
22/07/2021,MAFS,"50,000,000.00",2.88,2.88
22/07/2021,ZMBF,"300,579,610.00",1.20,1.2
22/07/2021,SCBL,"1,666,980,000.00",1.25,1.25
22/07/2021,ZSUG,"316,571,385.40",4.09,4.09
22/07/2021,ZMRE,"45,000,000.00",2.80,2.8
22/07/2021,AECI,"20,406,600.00",25.00,25
22/07/2021,BATA,"76,107,600.00",2.60,2.6
22/07/2021,CHIL,"200,039,904.00",11.00,11
23/07/2021,REIZ,"56,460,198.00",1.00,1
23/07/2021,ZMFA,"27,090,100.00",4.78,4.78
23/07/2021,ZNCO,"1,443,750,041.28",0.85,0.85
23/07/2021,ZCCM,"160,800,286.00",38.00,38
23/07/2021,ZFCO,"400,000,000.00",1.95,1.95
23/07/2021,BATZ,"212,456,304.00",1.80,1.8
23/07/2021,NATB,"63,000,000.00",9.20,9.2
23/07/2021,PUMA,"500,000,000.00",1.22,1.22
23/07/2021,SHOP,"2,700,000.00",64.00,64
23/07/2021,CCAF,"1,625,000,597.00",0.19,0.19
23/07/2021,PMDZ,"100,000,000.00",0.60,0.6
23/07/2021,ATEL,"104,000,000.00",29.48,29.48
23/07/2021,CECZ,"1,625,000,597.00",1.29,1.27
23/07/2021,ZABR,"546,000,000.00",7.23,7.23
23/07/2021,MAFS,"50,000,000.00",2.88,2.88
23/07/2021,ZMBF,"300,579,610.00",1.20,1.2
23/07/2021,SCBL,"1,666,980,000.00",1.25,1.25
23/07/2021,ZSUG,"316,571,385.40",4.09,4.09
23/07/2021,ZMRE,"45,000,000.00",2.80,2.8
23/07/2021,AECI,"20,406,600.00",25.00,25
23/07/2021,BATA,"76,107,600.00",2.60,2.6
23/07/2021,CHIL,"200,039,904.00",11.00,11
26/07/2021,REIZ,"56,460,198.00",1.00,1
26/07/2021,ZMFA,"27,090,100.00",4.78,4.78
26/07/2021,ZNCO,"1,443,750,041.28",0.85,0.85
26/07/2021,ZCCM,"160,800,286.00",38.00,38
26/07/2021,ZFCO,"400,000,000.00",1.95,1.95
26/07/2021,BATZ,"212,456,304.00",1.80,1.8
26/07/2021,NATB,"63,000,000.00",9.20,9.2
26/07/2021,PUMA,"500,000,000.00",1.22,1.22
26/07/2021,SHOP,"2,700,000.00",64.00,64
26/07/2021,CCAF,"1,625,000,597.00",0.19,0.19
26/07/2021,PMDZ,"100,000,000.00",0.60,0.6
26/07/2021,ATEL,"104,000,000.00",29.48,29.48
26/07/2021,CECZ,"1,625,000,597.00",1.27,1.27
26/07/2021,ZABR,"546,000,000.00",7.23,7.23
26/07/2021,MAFS,"50,000,000.00",2.88,2.88
26/07/2021,ZMBF,"300,579,610.00",1.20,1.2
26/07/2021,SCBL,"1,666,980,000.00",1.25,1.25
26/07/2021,ZSUG,"316,571,385.40",4.09,4.09
26/07/2021,ZMRE,"45,000,000.00",2.80,2.8
26/07/2021,AECI,"20,406,600.00",25.00,25
26/07/2021,BATA,"76,107,600.00",2.60,2.6
26/07/2021,CHIL,"200,039,904.00",11.00,11
27/07/2021,REIZ,"56,460,198.00",1.00,1
27/07/2021,ZMFA,"27,090,100.00",4.78,4.78
27/07/2021,ZNCO,"1,443,750,041.28",0.85,0.85
27/07/2021,ZCCM,"160,800,286.00",38.00,38
27/07/2021,ZFCO,"400,000,000.00",1.95,1.95
27/07/2021,BATZ,"212,456,304.00",1.80,1.8
27/07/2021,NATB,"63,000,000.00",9.20,9.2
27/07/2021,PUMA,"500,000,000.00",1.22,1.22
27/07/2021,SHOP,"2,700,000.00",64.00,64
27/07/2021,CCAF,"1,625,000,597.00",0.19,0.19
27/07/2021,PMDZ,"100,000,000.00",0.60,0.6
27/07/2021,ATEL,"104,000,000.00",29.48,29.48
27/07/2021,CECZ,"1,625,000,597.00",1.27,1.27
27/07/2021,ZABR,"546,000,000.00",7.23,7.23
27/07/2021,MAFS,"50,000,000.00",2.88,2.88
27/07/2021,ZMBF,"300,579,610.00",1.20,1.2
27/07/2021,SCBL,"1,666,980,000.00",1.25,1.24
27/07/2021,ZSUG,"316,571,385.40",4.09,4.09
27/07/2021,ZMRE,"45,000,000.00",2.80,2.8
27/07/2021,AECI,"20,406,600.00",25.00,25
27/07/2021,BATA,"76,107,600.00",2.60,2.6
27/07/2021,CHIL,"200,039,904.00",10.99,10.99
28/07/2021,REIZ,"56,460,198.00",1.00,1
28/07/2021,ZMFA,"27,090,100.00",4.78,4.78
28/07/2021,ZNCO,"1,443,750,041.28",0.85,0.85
28/07/2021,ZCCM,"160,800,286.00",38.00,38
28/07/2021,ZFCO,"400,000,000.00",1.95,1.95
28/07/2021,BATZ,"212,456,304.00",1.80,1.8
28/07/2021,NATB,"63,000,000.00",9.20,9.2
28/07/2021,PUMA,"500,000,000.00",1.22,1.22
28/07/2021,SHOP,"2,700,000.00",64.00,64
28/07/2021,CCAF,"1,625,000,597.00",0.19,0.19
28/07/2021,PMDZ,"100,000,000.00",0.60,0.6
28/07/2021,ATEL,"104,000,000.00",29.48,29.48
28/07/2021,CECZ,"1,625,000,597.00",1.27,1.27
28/07/2021,ZABR,"546,000,000.00",7.23,7.23
28/07/2021,MAFS,"50,000,000.00",2.88,2.88
28/07/2021,ZMBF,"300,579,610.00",1.20,1.2
28/07/2021,SCBL,"1,666,980,000.00",1.24,1.24
28/07/2021,ZSUG,"316,571,385.40",4.09,4.09
28/07/2021,ZMRE,"45,000,000.00",2.80,2.8
28/07/2021,AECI,"20,406,600.00",25.00,25
28/07/2021,BATA,"76,107,600.00",2.60,2.6
28/07/2021,CHIL,"200,039,904.00",10.99,10.99
29/07/2021,REIZ,"56,460,198.00",1.00,1
29/07/2021,ZMFA,"27,090,100.00",4.78,4.78
29/07/2021,ZNCO,"1,443,750,041.28",0.85,0.85
29/07/2021,ZCCM,"160,800,286.00",38.00,38
29/07/2021,ZFCO,"400,000,000.00",1.95,1.95
29/07/2021,BATZ,"212,456,304.00",1.80,1.8
29/07/2021,NATB,"63,000,000.00",9.20,9.2
29/07/2021,PUMA,"500,000,000.00",1.22,1.22
29/07/2021,SHOP,"2,700,000.00",64.00,64
29/07/2021,CCAF,"1,625,000,597.00",0.19,0.19
29/07/2021,PMDZ,"100,000,000.00",0.60,0.6
29/07/2021,ATEL,"104,000,000.00",29.48,29.48
29/07/2021,CECZ,"1,625,000,597.00",1.27,1.27
29/07/2021,ZABR,"546,000,000.00",7.23,7.23
29/07/2021,MAFS,"50,000,000.00",2.88,2.88
29/07/2021,ZMBF,"300,579,610.00",1.20,1.2
29/07/2021,SCBL,"1,666,980,000.00",1.24,1.24
29/07/2021,ZSUG,"316,571,385.40",4.09,4.09
29/07/2021,ZMRE,"45,000,000.00",2.80,2.8
29/07/2021,AECI,"20,406,600.00",25.00,25
29/07/2021,BATA,"76,107,600.00",2.60,2.6
29/07/2021,CHIL,"200,039,904.00",10.99,10.99
30/07/2021,REIZ,"56,460,198.00",1.00,1
30/07/2021,ZMFA,"27,090,100.00",4.78,4.78
30/07/2021,ZNCO,"1,443,750,041.28",0.82,0.85
30/07/2021,ZCCM,"160,800,286.00",38.00,38
30/07/2021,ZFCO,"400,000,000.00",1.95,1.95
30/07/2021,BATZ,"212,456,304.00",1.80,1.8
30/07/2021,NATB,"63,000,000.00",9.20,9.2
30/07/2021,PUMA,"500,000,000.00",1.22,1.22
30/07/2021,SHOP,"2,700,000.00",64.00,64
30/07/2021,CCAF,"1,625,000,597.00",0.19,0.19
30/07/2021,PMDZ,"100,000,000.00",0.60,0.6
30/07/2021,ATEL,"104,000,000.00",29.48,29.48
30/07/2021,CECZ,"1,625,000,597.00",1.27,1.4
30/07/2021,ZABR,"546,000,000.00",7.23,7.23
30/07/2021,MAFS,"50,000,000.00",2.88,2.88
30/07/2021,ZMBF,"300,579,610.00",1.20,1.2
30/07/2021,SCBL,"1,666,980,000.00",1.24,1.24
30/07/2021,ZSUG,"316,571,385.40",4.09,4.09
30/07/2021,ZMRE,"45,000,000.00",2.80,2.8
30/07/2021,AECI,"20,406,600.00",25.00,25
30/07/2021,BATA,"76,107,600.00",2.60,2.6
30/07/2021,CHIL,"200,039,904.00",10.99,10.99
03/08/2021,REIZ,"56,460,198.00",1.00,1
03/08/2021,ZMFA,"27,090,100.00",4.78,4.78
03/08/2021,ZNCO,"1,443,750,041.28",0.85,0.85
03/08/2021,ZCCM,"160,800,286.00",38.00,38
03/08/2021,ZFCO,"400,000,000.00",1.95,1.95
03/08/2021,BATZ,"212,456,304.00",1.80,1.8
03/08/2021,NATB,"63,000,000.00",9.20,9.2
03/08/2021,PUMA,"500,000,000.00",1.22,1.22
03/08/2021,SHOP,"2,700,000.00",64.00,64
03/08/2021,CCAF,"1,625,000,597.00",0.19,0.19
03/08/2021,PMDZ,"100,000,000.00",0.60,0.6
03/08/2021,ATEL,"104,000,000.00",29.48,29.48
03/08/2021,CECZ,"1,625,000,597.00",1.40,1.4
03/08/2021,ZABR,"546,000,000.00",7.23,7.23
03/08/2021,MAFS,"50,000,000.00",2.88,2.88
03/08/2021,ZMBF,"300,579,610.00",1.20,1.2
03/08/2021,SCBL,"1,666,980,000.00",1.24,1.24
03/08/2021,ZSUG,"316,571,385.40",4.09,4.09
03/08/2021,ZMRE,"45,000,000.00",2.80,2.8
03/08/2021,AECI,"20,406,600.00",25.00,25
03/08/2021,BATA,"76,107,600.00",2.60,2.6
03/08/2021,CHIL,"200,039,904.00",10.99,10.99
04/08/2021,REIZ,"56,460,198.00",1.00,1.25
04/08/2021,ZMFA,"27,090,100.00",4.78,4.78
04/08/2021,ZNCO,"1,443,750,041.28",0.85,0.85
04/08/2021,ZCCM,"160,800,286.00",38.00,38
04/08/2021,ZFCO,"400,000,000.00",1.95,1.95
04/08/2021,BATZ,"212,456,304.00",1.80,1.8
04/08/2021,NATB,"63,000,000.00",9.20,9.2
04/08/2021,PUMA,"500,000,000.00",1.22,1.22
04/08/2021,SHOP,"2,700,000.00",64.00,64
04/08/2021,CCAF,"1,625,000,597.00",0.19,0.19
04/08/2021,PMDZ,"100,000,000.00",0.60,0.6
04/08/2021,ATEL,"104,000,000.00",29.48,29.48
04/08/2021,CECZ,"1,625,000,597.00",1.40,1.4
04/08/2021,ZABR,"546,000,000.00",7.23,7.23
04/08/2021,MAFS,"50,000,000.00",2.88,2.88
04/08/2021,ZMBF,"300,579,610.00",1.20,1.2
04/08/2021,SCBL,"1,666,980,000.00",1.24,1.24
04/08/2021,ZSUG,"316,571,385.40",4.09,4.09
04/08/2021,ZMRE,"45,000,000.00",2.80,2.8
04/08/2021,AECI,"20,406,600.00",25.00,25
04/08/2021,BATA,"76,107,600.00",2.60,2.6
04/08/2021,CHIL,"200,039,904.00",10.99,10.98
05/08/2021,REIZ,"56,460,198.00",1.25,1.25
05/08/2021,ZMFA,"27,090,100.00",4.78,4.78
05/08/2021,ZNCO,"1,443,750,041.28",0.80,0.8
05/08/2021,ZCCM,"160,800,286.00",38.00,38
05/08/2021,ZFCO,"400,000,000.00",1.95,1.95
05/08/2021,BATZ,"212,456,304.00",1.80,1.8
05/08/2021,NATB,"63,000,000.00",9.20,9.2
05/08/2021,PUMA,"500,000,000.00",1.22,1.22
05/08/2021,SHOP,"2,700,000.00",64.00,64
05/08/2021,CCAF,"1,625,000,597.00",0.19,0.19
05/08/2021,PMDZ,"100,000,000.00",0.60,0.6
05/08/2021,ATEL,"104,000,000.00",29.48,29.48
05/08/2021,CECZ,"1,625,000,597.00",1.35,1.35
05/08/2021,ZABR,"546,000,000.00",7.23,7.23
05/08/2021,MAFS,"50,000,000.00",2.88,2.88
05/08/2021,ZMBF,"300,579,610.00",1.20,1.2
05/08/2021,SCBL,"1,666,980,000.00",1.24,1.24
05/08/2021,ZSUG,"316,571,385.40",4.09,4.09
05/08/2021,ZMRE,"45,000,000.00",2.80,2.8
05/08/2021,AECI,"20,406,600.00",25.00,29
05/08/2021,BATA,"76,107,600.00",2.60,2.6
05/08/2021,CHIL,"200,039,904.00",10.01,10
06/08/2021,REIZ,"56,460,198.00",1.25,1.25
06/08/2021,ZMFA,"27,090,100.00",4.78,4.78
06/08/2021,ZNCO,"1,443,750,041.28",0.80,0.8
06/08/2021,ZCCM,"160,800,286.00",38.00,38
06/08/2021,ZFCO,"400,000,000.00",1.95,1.95
06/08/2021,BATZ,"212,456,304.00",1.80,1.8
06/08/2021,NATB,"63,000,000.00",9.20,9.2
06/08/2021,PUMA,"500,000,000.00",1.22,1.22
06/08/2021,SHOP,"2,700,000.00",64.00,64
06/08/2021,CCAF,"1,625,000,597.00",0.19,0.19
06/08/2021,PMDZ,"100,000,000.00",0.60,0.6
06/08/2021,ATEL,"104,000,000.00",29.48,29.48
06/08/2021,CECZ,"1,625,000,597.00",1.35,1.35
06/08/2021,ZABR,"546,000,000.00",7.23,7.23
06/08/2021,MAFS,"50,000,000.00",2.88,2.88
06/08/2021,ZMBF,"300,579,610.00",1.20,1.2
06/08/2021,SCBL,"1,666,980,000.00",1.24,1.24
06/08/2021,ZSUG,"316,571,385.40",4.09,4.09
06/08/2021,ZMRE,"45,000,000.00",2.80,2.8
06/08/2021,AECI,"20,406,600.00",29.00,29
06/08/2021,BATA,"76,107,600.00",2.60,2.6
06/08/2021,CHIL,"200,039,904.00",10.00,10
09/08/2021,REIZ,"56,460,198.00",1.25,1.25
09/08/2021,ZMFA,"27,090,100.00",4.78,4.78
09/08/2021,ZNCO,"1,443,750,041.28",0.80,0.8
09/08/2021,ZCCM,"160,800,286.00",38.00,38
09/08/2021,ZFCO,"400,000,000.00",1.95,1.95
09/08/2021,BATZ,"212,456,304.00",1.80,1.8
09/08/2021,NATB,"63,000,000.00",9.20,9.2
09/08/2021,PUMA,"500,000,000.00",1.22,1.22
09/08/2021,SHOP,"2,700,000.00",64.00,64
09/08/2021,CCAF,"1,625,000,597.00",0.19,0.19
09/08/2021,PMDZ,"100,000,000.00",0.60,0.6
09/08/2021,ATEL,"104,000,000.00",29.48,29.48
09/08/2021,CECZ,"1,625,000,597.00",1.35,1.4
09/08/2021,ZABR,"546,000,000.00",7.23,7.23
09/08/2021,MAFS,"50,000,000.00",2.88,2.88
09/08/2021,ZMBF,"300,579,610.00",1.20,1.2
09/08/2021,SCBL,"1,666,980,000.00",1.24,1.24
09/08/2021,ZSUG,"316,571,385.40",4.09,4.09
09/08/2021,ZMRE,"45,000,000.00",2.80,2.8
09/08/2021,AECI,"20,406,600.00",29.00,29
09/08/2021,BATA,"76,107,600.00",2.60,2.6
09/08/2021,CHIL,"200,039,904.00",10.00,10
10/08/2021,REIZ,"56,460,198.00",1.25,1.25
10/08/2021,ZMFA,"27,090,100.00",4.78,4.78
10/08/2021,ZNCO,"1,443,750,041.28",0.84,0.85
10/08/2021,ZCCM,"160,800,286.00",38.00,38
10/08/2021,ZFCO,"400,000,000.00",1.95,1.95
10/08/2021,BATZ,"212,456,304.00",1.80,1.8
10/08/2021,NATB,"63,000,000.00",9.20,9.2
10/08/2021,PUMA,"500,000,000.00",1.22,1.22
10/08/2021,SHOP,"2,700,000.00",64.00,64
10/08/2021,CCAF,"1,625,000,597.00",0.19,0.19
10/08/2021,PMDZ,"100,000,000.00",0.60,0.6
10/08/2021,ATEL,"104,000,000.00",29.48,29.48
10/08/2021,CECZ,"1,625,000,597.00",1.40,1.4
10/08/2021,ZABR,"546,000,000.00",7.23,7.23
10/08/2021,MAFS,"50,000,000.00",2.88,2.88
10/08/2021,ZMBF,"300,579,610.00",1.20,1.2
10/08/2021,SCBL,"1,666,980,000.00",1.25,1.25
10/08/2021,ZSUG,"316,571,385.40",4.09,4.09
10/08/2021,ZMRE,"45,000,000.00",2.80,2.8
10/08/2021,AECI,"20,406,600.00",29.00,29
10/08/2021,BATA,"76,107,600.00",2.60,2.6
10/08/2021,CHIL,"200,039,904.00",10.00,10
11/08/2021,REIZ,"56,460,198.00",1.25,1.25
11/08/2021,ZMFA,"27,090,100.00",4.78,4.78
11/08/2021,ZNCO,"1,443,750,041.28",0.85,0.85
11/08/2021,ZCCM,"160,800,286.00",38.00,38
11/08/2021,ZFCO,"400,000,000.00",1.95,1.95
11/08/2021,BATZ,"212,456,304.00",1.80,1.8
11/08/2021,NATB,"63,000,000.00",9.20,9.2
11/08/2021,PUMA,"500,000,000.00",1.22,1.22
11/08/2021,SHOP,"2,700,000.00",64.00,64
11/08/2021,CCAF,"1,625,000,597.00",0.19,0.19
11/08/2021,PMDZ,"100,000,000.00",0.60,0.6
11/08/2021,ATEL,"104,000,000.00",29.48,29.48
11/08/2021,CECZ,"1,625,000,597.00",1.40,1.4
11/08/2021,ZABR,"546,000,000.00",7.23,7.23
11/08/2021,MAFS,"50,000,000.00",2.88,2.88
11/08/2021,ZMBF,"300,579,610.00",1.20,1.2
11/08/2021,SCBL,"1,666,980,000.00",1.25,1.25
11/08/2021,ZSUG,"316,571,385.40",4.09,4.09
11/08/2021,ZMRE,"45,000,000.00",2.80,2.8
11/08/2021,AECI,"20,406,600.00",29.00,29
11/08/2021,BATA,"76,107,600.00",2.60,2.6
11/08/2021,CHIL,"200,039,904.00",10.00,10
16/08/2021,REIZ,"56,460,198.00",1.25,1.25
16/08/2021,ZMFA,"27,090,100.00",4.78,4.78
16/08/2021,ZNCO,"1,443,750,041.28",0.85,0.85
16/08/2021,ZCCM,"160,800,286.00",38.00,38
16/08/2021,ZFCO,"400,000,000.00",1.95,1.95
16/08/2021,BATZ,"212,456,304.00",1.80,1.8
16/08/2021,NATB,"63,000,000.00",9.20,9.2
16/08/2021,PUMA,"500,000,000.00",1.22,1.22
16/08/2021,SHOP,"2,700,000.00",64.00,64
16/08/2021,CCAF,"1,625,000,597.00",0.19,0.19
16/08/2021,PMDZ,"100,000,000.00",0.60,0.6
16/08/2021,ATEL,"104,000,000.00",29.48,29.48
16/08/2021,CECZ,"1,625,000,597.00",1.40,1.4
16/08/2021,ZABR,"546,000,000.00",7.23,7.23
16/08/2021,MAFS,"50,000,000.00",2.88,2.88
16/08/2021,ZMBF,"300,579,610.00",1.20,1.2
16/08/2021,SCBL,"1,666,980,000.00",1.25,1.25
16/08/2021,ZSUG,"316,571,385.40",4.09,4.09
16/08/2021,ZMRE,"45,000,000.00",2.80,2.8
16/08/2021,AECI,"20,406,600.00",29.00,29
16/08/2021,BATA,"76,107,600.00",2.60,2.6
16/08/2021,CHIL,"200,039,904.00",10.00,10
17/08/2021,REIZ,"56,460,198.00",1.25,1.25
17/08/2021,ZMFA,"27,090,100.00",4.78,4.78
17/08/2021,ZNCO,"1,443,750,041.28",0.85,0.85
17/08/2021,ZCCM,"160,800,286.00",38.00,38
17/08/2021,ZFCO,"400,000,000.00",1.95,1.95
17/08/2021,BATZ,"212,456,304.00",1.80,1.8
17/08/2021,NATB,"63,000,000.00",9.20,9.2
17/08/2021,PUMA,"500,000,000.00",1.22,1.22
17/08/2021,SHOP,"2,700,000.00",64.00,64
17/08/2021,CCAF,"1,625,000,597.00",0.19,0.19
17/08/2021,PMDZ,"100,000,000.00",0.60,0.6
17/08/2021,ATEL,"104,000,000.00",29.48,29.48
17/08/2021,CECZ,"1,625,000,597.00",1.40,1.4
17/08/2021,ZABR,"546,000,000.00",7.23,7.23
17/08/2021,MAFS,"50,000,000.00",2.88,2.88
17/08/2021,ZMBF,"300,579,610.00",1.20,1.5
17/08/2021,SCBL,"1,666,980,000.00",1.25,1.24
17/08/2021,ZSUG,"316,571,385.40",4.09,4.09
17/08/2021,ZMRE,"45,000,000.00",2.80,2.8
17/08/2021,AECI,"20,406,600.00",29.00,29
17/08/2021,BATA,"76,107,600.00",2.60,2.6
17/08/2021,CHIL,"200,039,904.00",10.00,10
18/08/2021,REIZ,"56,460,198.00",1.25,1.25
18/08/2021,ZMFA,"27,090,100.00",4.78,4.78
18/08/2021,ZNCO,"1,443,750,041.28",0.85,0.85
18/08/2021,ZCCM,"160,800,286.00",38.00,38
18/08/2021,ZFCO,"400,000,000.00",1.95,1.95
18/08/2021,BATZ,"212,456,304.00",1.80,1.8
18/08/2021,NATB,"63,000,000.00",9.20,9.2
18/08/2021,PUMA,"500,000,000.00",1.22,1.22
18/08/2021,SHOP,"2,700,000.00",64.00,64
18/08/2021,CCAF,"1,625,000,597.00",0.19,0.19
18/08/2021,PMDZ,"100,000,000.00",0.60,0.6
18/08/2021,ATEL,"104,000,000.00",29.48,29.48
18/08/2021,CECZ,"1,625,000,597.00",1.40,1.4
18/08/2021,ZABR,"546,000,000.00",7.23,7
18/08/2021,MAFS,"50,000,000.00",2.88,2.88
18/08/2021,ZMBF,"300,579,610.00",1.50,1.5
18/08/2021,SCBL,"1,666,980,000.00",1.24,1.24
18/08/2021,ZSUG,"316,571,385.40",4.09,4.09
18/08/2021,ZMRE,"45,000,000.00",2.80,2.8
18/08/2021,AECI,"20,406,600.00",29.00,27
18/08/2021,BATA,"76,107,600.00",2.60,2.6
18/08/2021,CHIL,"200,039,904.00",10.00,10
19/08/2021,REIZ,"56,460,198.00",1.25,1.25
19/08/2021,ZMFA,"27,090,100.00",4.78,4.78
19/08/2021,ZNCO,"1,443,750,041.28",0.85,0.85
19/08/2021,ZCCM,"160,800,286.00",38.00,38
19/08/2021,ZFCO,"400,000,000.00",1.95,1.95
19/08/2021,BATZ,"212,456,304.00",1.80,1.8
19/08/2021,NATB,"63,000,000.00",9.20,9.2
19/08/2021,PUMA,"500,000,000.00",1.22,1.22
19/08/2021,SHOP,"2,700,000.00",64.00,64
19/08/2021,CCAF,"1,625,000,597.00",0.19,0.19
19/08/2021,PMDZ,"100,000,000.00",0.60,0.6
19/08/2021,ATEL,"104,000,000.00",29.48,29.48
19/08/2021,CECZ,"1,625,000,597.00",1.40,1.4
19/08/2021,ZABR,"546,000,000.00",7.00,7
19/08/2021,MAFS,"50,000,000.00",2.88,2.88
19/08/2021,ZMBF,"300,579,610.00",1.50,1.5
19/08/2021,SCBL,"1,666,980,000.00",1.24,1.24
19/08/2021,ZSUG,"316,571,385.40",4.09,4.09
19/08/2021,ZMRE,"45,000,000.00",2.80,2.8
19/08/2021,AECI,"20,406,600.00",28.40,28.4
19/08/2021,BATA,"76,107,600.00",2.60,2.6
19/08/2021,CHIL,"200,039,904.00",9.41,9.99
20/08/2021,REIZ,"56,460,198.00",1.25,1.25
20/08/2021,ZMFA,"27,090,100.00",4.78,4.78
20/08/2021,ZNCO,"1,443,750,041.28",0.85,0.85
20/08/2021,ZCCM,"160,800,286.00",38.00,38
20/08/2021,ZFCO,"400,000,000.00",1.95,1.95
20/08/2021,BATZ,"212,456,304.00",1.80,1.8
20/08/2021,NATB,"63,000,000.00",9.20,9.2
20/08/2021,PUMA,"500,000,000.00",1.22,1.22
20/08/2021,SHOP,"2,700,000.00",64.00,64
20/08/2021,CCAF,"1,625,000,597.00",0.19,0.19
20/08/2021,PMDZ,"100,000,000.00",0.60,0.6
20/08/2021,ATEL,"104,000,000.00",29.48,29.48
20/08/2021,CECZ,"1,625,000,597.00",1.40,1.4
20/08/2021,ZABR,"546,000,000.00",7.00,7
20/08/2021,MAFS,"50,000,000.00",2.88,2.88
20/08/2021,ZMBF,"300,579,610.00",1.50,1.5
20/08/2021,SCBL,"1,666,980,000.00",1.24,1.23
20/08/2021,ZSUG,"316,571,385.40",4.09,4.09
20/08/2021,ZMRE,"45,000,000.00",2.80,2.8
20/08/2021,AECI,"20,406,600.00",28.40,28.4
20/08/2021,BATA,"76,107,600.00",2.60,2.6
20/08/2021,CHIL,"200,039,904.00",9.99,9.99
23/08/2021,REIZ,"56,460,198.00",1.25,1.25
23/08/2021,ZMFA,"27,090,100.00",4.78,4.78
23/08/2021,ZNCO,"1,443,750,041.28",0.85,0.85
23/08/2021,ZCCM,"160,800,286.00",38.00,38
23/08/2021,ZFCO,"400,000,000.00",1.95,1.95
23/08/2021,BATZ,"212,456,304.00",1.80,1.8
23/08/2021,NATB,"63,000,000.00",9.20,9.2
23/08/2021,PUMA,"500,000,000.00",1.22,1.22
23/08/2021,SHOP,"2,700,000.00",64.00,64
23/08/2021,CCAF,"1,625,000,597.00",0.19,0.19
23/08/2021,PMDZ,"100,000,000.00",0.60,0.6
23/08/2021,ATEL,"104,000,000.00",29.48,29.48
23/08/2021,CECZ,"1,625,000,597.00",1.40,1.4
23/08/2021,ZABR,"546,000,000.00",7.00,7
23/08/2021,MAFS,"50,000,000.00",2.88,2.88
23/08/2021,ZMBF,"300,579,610.00",1.50,1.5
23/08/2021,SCBL,"1,666,980,000.00",1.23,1.23
23/08/2021,ZSUG,"316,571,385.40",4.09,4.09
23/08/2021,ZMRE,"45,000,000.00",2.80,2.8
23/08/2021,AECI,"20,406,600.00",28.40,28.4
23/08/2021,BATA,"76,107,600.00",2.60,2.6
23/08/2021,CHIL,"200,039,904.00",9.99,9.99
25/08/2021,REIZ,"56,460,198.00",1.25,1.25
25/08/2021,ZMFA,"27,090,100.00",4.78,4.78
25/08/2021,ZNCO,"1,443,750,041.28",0.85,0.85
25/08/2021,ZCCM,"160,800,286.00",38.00,38
25/08/2021,ZFCO,"400,000,000.00",1.95,1.95
25/08/2021,BATZ,"212,456,304.00",1.79,1.79
25/08/2021,NATB,"63,000,000.00",9.20,9.2
25/08/2021,PUMA,"500,000,000.00",1.22,1.22
25/08/2021,SHOP,"2,700,000.00",64.00,64
25/08/2021,CCAF,"1,625,000,597.00",0.19,0.19
25/08/2021,PMDZ,"100,000,000.00",0.60,0.6
25/08/2021,ATEL,"104,000,000.00",29.48,29.48
25/08/2021,CECZ,"1,625,000,597.00",1.40,1.4
25/08/2021,ZABR,"546,000,000.00",7.00,7
25/08/2021,MAFS,"50,000,000.00",2.88,2.88
25/08/2021,ZMBF,"300,579,610.00",1.50,1.5
25/08/2021,SCBL,"1,666,980,000.00",1.23,1.23
25/08/2021,ZSUG,"316,571,385.40",4.09,4.09
25/08/2021,ZMRE,"45,000,000.00",2.80,2.8
25/08/2021,AECI,"20,406,600.00",28.40,28.4
25/08/2021,BATA,"76,107,600.00",2.60,2.6
25/08/2021,CHIL,"200,039,904.00",9.99,9.99
26/08/2021,REIZ,"56,460,198.00",1.25,1.25
26/08/2021,ZMFA,"27,090,100.00",4.78,4.78
26/08/2021,ZNCO,"1,443,750,041.28",0.85,0.85
26/08/2021,ZCCM,"160,800,286.00",38.00,37.99
26/08/2021,ZFCO,"400,000,000.00",1.95,1.95
26/08/2021,BATZ,"212,456,304.00",1.79,1.79
26/08/2021,NATB,"63,000,000.00",9.20,9.2
26/08/2021,PUMA,"500,000,000.00",1.22,1.22
26/08/2021,SHOP,"2,700,000.00",64.00,64
26/08/2021,CCAF,"1,625,000,597.00",0.19,0.19
26/08/2021,PMDZ,"100,000,000.00",0.60,0.6
26/08/2021,ATEL,"104,000,000.00",29.48,29.48
26/08/2021,CECZ,"1,625,000,597.00",1.40,1.4
26/08/2021,ZABR,"546,000,000.00",7.00,7
26/08/2021,MAFS,"50,000,000.00",2.88,2.88
26/08/2021,ZMBF,"300,579,610.00",1.50,1.5
26/08/2021,SCBL,"1,666,980,000.00",1.23,1.23
26/08/2021,ZSUG,"316,571,385.40",4.09,4.09
26/08/2021,ZMRE,"45,000,000.00",2.80,2.8
26/08/2021,AECI,"20,406,600.00",28.40,28.4
26/08/2021,BATA,"76,107,600.00",2.60,2.6
26/08/2021,CHIL,"200,039,904.00",9.99,9.99
27/08/2021,REIZ,"56,460,198.00",1.25,1.25
27/08/2021,ZMFA,"27,090,100.00",4.78,4.78
27/08/2021,ZNCO,"1,443,750,041.28",0.85,0.85
27/08/2021,ZCCM,"160,800,286.00",37.99,37.99
27/08/2021,ZFCO,"400,000,000.00",1.95,1.95
27/08/2021,BATZ,"212,456,304.00",1.79,1.79
27/08/2021,NATB,"63,000,000.00",9.20,9.2
27/08/2021,PUMA,"500,000,000.00",1.22,1.22
27/08/2021,SHOP,"2,700,000.00",64.00,64
27/08/2021,CCAF,"1,625,000,597.00",0.19,0.19
27/08/2021,PMDZ,"100,000,000.00",0.60,0.6
27/08/2021,ATEL,"104,000,000.00",29.48,29.48
27/08/2021,CECZ,"1,625,000,597.00",1.40,1.4
27/08/2021,ZABR,"546,000,000.00",7.00,7
27/08/2021,MAFS,"50,000,000.00",2.88,2.88
27/08/2021,ZMBF,"300,579,610.00",1.50,1.5
27/08/2021,SCBL,"1,666,980,000.00",1.23,1.25
27/08/2021,ZSUG,"316,571,385.40",4.09,4.09
27/08/2021,ZMRE,"45,000,000.00",2.80,2.8
27/08/2021,AECI,"20,406,600.00",28.40,28.4
27/08/2021,BATA,"76,107,600.00",2.60,2.6
27/08/2021,CHIL,"200,039,904.00",9.99,9.95
30/08/2021,REIZ,"56,460,198.00",1.25,1.25
30/08/2021,ZMFA,"27,090,100.00",4.78,4.78
30/08/2021,ZNCO,"1,443,750,041.28",0.85,0.85
30/08/2021,ZCCM,"160,800,286.00",37.99,37.99
30/08/2021,ZFCO,"400,000,000.00",1.95,1.95
30/08/2021,BATZ,"212,456,304.00",1.79,1.79
30/08/2021,NATB,"63,000,000.00",9.20,9.2
30/08/2021,PUMA,"500,000,000.00",1.22,1.22
30/08/2021,SHOP,"2,700,000.00",64.00,64
30/08/2021,CCAF,"1,625,000,597.00",0.19,0.19
30/08/2021,PMDZ,"100,000,000.00",0.60,0.6
30/08/2021,ATEL,"104,000,000.00",29.48,29.48
30/08/2021,CECZ,"1,625,000,597.00",1.40,1.4
30/08/2021,ZABR,"546,000,000.00",7.00,7
30/08/2021,MAFS,"50,000,000.00",2.88,2.88
30/08/2021,ZMBF,"300,579,610.00",1.50,1.5
30/08/2021,SCBL,"1,666,980,000.00",1.24,1.24
30/08/2021,ZSUG,"316,571,385.40",4.09,4.09
30/08/2021,ZMRE,"45,000,000.00",2.80,2.8
30/08/2021,AECI,"20,406,600.00",28.40,28.4
30/08/2021,BATA,"76,107,600.00",2.60,2.6
30/08/2021,CHIL,"200,039,904.00",9.95,9.95
31/08/2021,REIZ,"56,460,198.00",1.25,1.25
31/08/2021,ZMFA,"27,090,100.00",4.78,4.78
31/08/2021,ZNCO,"1,443,750,041.28",0.85,0.85
31/08/2021,ZCCM,"160,800,286.00",37.99,37.99
31/08/2021,ZFCO,"400,000,000.00",1.95,1.95
31/08/2021,BATZ,"212,456,304.00",1.79,1.79
31/08/2021,NATB,"63,000,000.00",9.20,9.2
31/08/2021,PUMA,"500,000,000.00",1.22,1.22
31/08/2021,SHOP,"2,700,000.00",64.00,64
31/08/2021,CCAF,"1,625,000,597.00",0.19,0.19
31/08/2021,PMDZ,"100,000,000.00",0.60,0.6
31/08/2021,ATEL,"104,000,000.00",29.48,29.48
31/08/2021,CECZ,"1,625,000,597.00",1.40,1.4
31/08/2021,ZABR,"546,000,000.00",7.00,7
31/08/2021,MAFS,"50,000,000.00",2.88,2.88
31/08/2021,ZMBF,"300,579,610.00",1.50,1.5
31/08/2021,SCBL,"1,666,980,000.00",1.24,1.24
31/08/2021,ZSUG,"316,571,385.40",4.09,5
31/08/2021,ZMRE,"45,000,000.00",2.80,2.8
31/08/2021,AECI,"20,406,600.00",28.40,28.4
31/08/2021,BATA,"76,107,600.00",2.60,2.6
31/08/2021,CHIL,"200,039,904.00",9.95,9.95
01/09/2021,REIZ,"56,460,198.00",1.25,1.25
01/09/2021,ZMFA,"27,090,100.00",4.78,4.78
01/09/2021,ZNCO,"1,443,750,041.28",0.85,0.85
01/09/2021,ZCCM,"160,800,286.00",37.99,37.99
01/09/2021,ZFCO,"400,000,000.00",1.95,1.95
01/09/2021,BATZ,"212,456,304.00",1.79,1.79
01/09/2021,NATB,"63,000,000.00",9.20,9.2
01/09/2021,PUMA,"500,000,000.00",1.22,1.22
01/09/2021,SHOP,"2,700,000.00",64.00,64
01/09/2021,CCAF,"1,625,000,597.00",0.19,0.19
01/09/2021,PMDZ,"100,000,000.00",0.60,0.6
01/09/2021,ATEL,"104,000,000.00",29.48,29.48
01/09/2021,CECZ,"1,625,000,597.00",1.40,1.4
01/09/2021,ZABR,"546,000,000.00",7.00,7
01/09/2021,MAFS,"50,000,000.00",2.88,2.88
01/09/2021,ZMBF,"300,579,610.00",1.50,1.5
01/09/2021,SCBL,"1,666,980,000.00",1.24,1.24
01/09/2021,ZSUG,"316,571,385.40",5.00,6.25
01/09/2021,ZMRE,"45,000,000.00",2.80,2.8
01/09/2021,AECI,"20,406,600.00",28.40,28.4
01/09/2021,BATA,"76,107,600.00",2.60,2.6
01/09/2021,CHIL,"200,039,904.00",9.95,9.95
02/09/2021,REIZ,"56,460,198.00",1.25,1.25
02/09/2021,ZMFA,"27,090,100.00",4.78,4.78
02/09/2021,ZNCO,"1,443,750,041.28",0.84,0.85
02/09/2021,ZCCM,"160,800,286.00",37.99,37.99
02/09/2021,ZFCO,"400,000,000.00",1.95,1.95
02/09/2021,BATZ,"212,456,304.00",1.79,1.79
02/09/2021,NATB,"63,000,000.00",9.20,9.2
02/09/2021,PUMA,"500,000,000.00",1.22,1.22
02/09/2021,SHOP,"2,700,000.00",64.00,64
02/09/2021,CCAF,"1,625,000,597.00",0.19,0.19
02/09/2021,PMDZ,"100,000,000.00",0.60,0.6
02/09/2021,ATEL,"104,000,000.00",29.48,29.48
02/09/2021,CECZ,"1,625,000,597.00",1.40,1.4
02/09/2021,ZABR,"546,000,000.00",7.00,7
02/09/2021,MAFS,"50,000,000.00",2.88,2.88
02/09/2021,ZMBF,"300,579,610.00",1.50,1.5
02/09/2021,SCBL,"1,666,980,000.00",1.24,1.24
02/09/2021,ZSUG,"316,571,385.40",6.21,6.21
02/09/2021,ZMRE,"45,000,000.00",2.80,2.8
02/09/2021,AECI,"20,406,600.00",28.40,28.4
02/09/2021,BATA,"76,107,600.00",2.60,2.6
02/09/2021,CHIL,"200,039,904.00",9.95,9.95
03/09/2021,REIZ,"56,460,198.00",1.25,1.25
03/09/2021,ZMFA,"27,090,100.00",4.78,4.78
03/09/2021,ZNCO,"1,443,750,041.28",0.85,0.85
03/09/2021,ZCCM,"160,800,286.00",37.99,37.99
03/09/2021,ZFCO,"400,000,000.00",1.95,1.95
03/09/2021,BATZ,"212,456,304.00",1.79,1.79
03/09/2021,NATB,"63,000,000.00",9.20,9.2
03/09/2021,PUMA,"500,000,000.00",1.22,1.22
03/09/2021,SHOP,"2,700,000.00",64.00,64
03/09/2021,CCAF,"1,625,000,597.00",0.19,0.19
03/09/2021,PMDZ,"100,000,000.00",0.60,0.6
03/09/2021,ATEL,"104,000,000.00",29.48,29.48
03/09/2021,CECZ,"1,625,000,597.00",1.40,1.4
03/09/2021,ZABR,"546,000,000.00",7.00,7
03/09/2021,MAFS,"50,000,000.00",2.88,2.88
03/09/2021,ZMBF,"300,579,610.00",1.50,1.5
03/09/2021,SCBL,"1,666,980,000.00",1.24,1.24
03/09/2021,ZSUG,"316,571,385.40",6.21,6.21
03/09/2021,ZMRE,"45,000,000.00",2.80,2.8
03/09/2021,AECI,"20,406,600.00",28.40,29
03/09/2021,BATA,"76,107,600.00",2.60,2.6
03/09/2021,CHIL,"200,039,904.00",9.95,9.95
06/09/2021,REIZ,"56,460,198.00",1.25,1.25
06/09/2021,ZMFA,"27,090,100.00",4.78,4.78
06/09/2021,ZNCO,"1,443,750,041.28",0.85,0.85
06/09/2021,ZCCM,"160,800,286.00",37.99,37.99
06/09/2021,ZFCO,"400,000,000.00",1.95,1.95
06/09/2021,BATZ,"212,456,304.00",1.79,1.79
06/09/2021,NATB,"63,000,000.00",9.20,9.2
06/09/2021,PUMA,"500,000,000.00",1.22,1.22
06/09/2021,SHOP,"2,700,000.00",64.00,64
06/09/2021,CCAF,"1,625,000,597.00",0.19,0.19
06/09/2021,PMDZ,"100,000,000.00",0.60,0.6
06/09/2021,ATEL,"104,000,000.00",29.48,29.48
06/09/2021,CECZ,"1,625,000,597.00",1.40,1.4
06/09/2021,ZABR,"546,000,000.00",7.00,7
06/09/2021,MAFS,"50,000,000.00",2.88,2.88
06/09/2021,ZMBF,"300,579,610.00",1.50,1.5
06/09/2021,SCBL,"1,666,980,000.00",1.24,1.24
06/09/2021,ZSUG,"316,571,385.40",6.21,6.21
06/09/2021,ZMRE,"45,000,000.00",2.80,2.8
06/09/2021,AECI,"20,406,600.00",29.00,29
06/09/2021,BATA,"76,107,600.00",2.60,2.6
06/09/2021,CHIL,"200,039,904.00",9.95,9.95
07/09/2021,REIZ,"56,460,198.00",1.25,1.25
07/09/2021,ZMFA,"27,090,100.00",4.78,4.78
07/09/2021,ZNCO,"1,443,750,041.28",0.85,0.85
07/09/2021,ZCCM,"160,800,286.00",37.99,37.99
07/09/2021,ZFCO,"400,000,000.00",1.95,1.95
07/09/2021,BATZ,"212,456,304.00",1.79,1.79
07/09/2021,NATB,"63,000,000.00",9.20,9.2
07/09/2021,PUMA,"500,000,000.00",1.22,1.12
07/09/2021,SHOP,"2,700,000.00",64.00,64
07/09/2021,CCAF,"1,625,000,597.00",0.19,0.19
07/09/2021,PMDZ,"100,000,000.00",0.60,0.6
07/09/2021,ATEL,"104,000,000.00",29.48,29.48
07/09/2021,CECZ,"1,625,000,597.00",1.40,1.4
07/09/2021,ZABR,"546,000,000.00",7.00,7
07/09/2021,MAFS,"50,000,000.00",2.88,2.88
07/09/2021,ZMBF,"300,579,610.00",1.50,1.5
07/09/2021,SCBL,"1,666,980,000.00",1.24,1.23
07/09/2021,ZSUG,"316,571,385.40",6.21,6.21
07/09/2021,ZMRE,"45,000,000.00",2.80,2.8
07/09/2021,AECI,"20,406,600.00",29.00,29
07/09/2021,BATA,"76,107,600.00",2.60,2.6
07/09/2021,CHIL,"200,039,904.00",9.95,9.95
08/09/2021,REIZ,"56,460,198.00",1.25,1.25
08/09/2021,ZMFA,"27,090,100.00",4.78,4.78
08/09/2021,ZNCO,"1,443,750,041.28",0.85,0.85
08/09/2021,ZCCM,"160,800,286.00",37.99,37.99
08/09/2021,ZFCO,"400,000,000.00",1.95,1.95
08/09/2021,BATZ,"212,456,304.00",1.79,1.79
08/09/2021,NATB,"63,000,000.00",9.20,9.2
08/09/2021,PUMA,"500,000,000.00",1.12,1.12
08/09/2021,SHOP,"2,700,000.00",64.00,64
08/09/2021,CCAF,"1,625,000,597.00",0.19,0.19
08/09/2021,PMDZ,"100,000,000.00",0.60,0.6
08/09/2021,ATEL,"104,000,000.00",29.48,29.48
08/09/2021,CECZ,"1,625,000,597.00",1.40,1.4
08/09/2021,ZABR,"546,000,000.00",7.00,7
08/09/2021,MAFS,"50,000,000.00",2.88,2.88
08/09/2021,ZMBF,"300,579,610.00",1.50,1.5
08/09/2021,SCBL,"1,666,980,000.00",1.24,1.17
08/09/2021,ZSUG,"316,571,385.40",6.21,6.21
08/09/2021,ZMRE,"45,000,000.00",2.80,2.8
08/09/2021,AECI,"20,406,600.00",29.00,29
08/09/2021,BATA,"76,107,600.00",2.60,2.6
08/09/2021,CHIL,"200,039,904.00",9.95,9.95
09/09/2021,REIZ,"56,460,198.00",1.25,1.25
09/09/2021,ZMFA,"27,090,100.00",4.78,4.78
09/09/2021,ZNCO,"1,443,750,041.28",0.85,0.85
09/09/2021,ZCCM,"160,800,286.00",37.99,37.98
09/09/2021,ZFCO,"400,000,000.00",1.95,1.95
09/09/2021,BATZ,"212,456,304.00",1.79,1.79
09/09/2021,NATB,"63,000,000.00",9.20,9.2
09/09/2021,PUMA,"500,000,000.00",1.12,1.12
09/09/2021,SHOP,"2,700,000.00",64.00,64
09/09/2021,CCAF,"1,625,000,597.00",0.19,0.19
09/09/2021,PMDZ,"100,000,000.00",0.60,0.6
09/09/2021,ATEL,"104,000,000.00",29.48,29.48
09/09/2021,CECZ,"1,625,000,597.00",1.40,1.4
09/09/2021,ZABR,"546,000,000.00",7.00,7
09/09/2021,MAFS,"50,000,000.00",2.88,2.88
09/09/2021,ZMBF,"300,579,610.00",1.50,1.5
09/09/2021,SCBL,"1,666,980,000.00",1.17,1.17
09/09/2021,ZSUG,"316,571,385.40",6.21,6.21
09/09/2021,ZMRE,"45,000,000.00",2.80,2.8
09/09/2021,AECI,"20,406,600.00",29.00,29
09/09/2021,BATA,"76,107,600.00",2.60,2.59
09/09/2021,CHIL,"200,039,904.00",9.95,9.95
10/09/2021,REIZ,"56,460,198.00",1.25,1.25
10/09/2021,ZMFA,"27,090,100.00",4.78,4.78
10/09/2021,ZNCO,"1,443,750,041.28",0.85,0.85
10/09/2021,ZCCM,"160,800,286.00",37.98,37.98
10/09/2021,ZFCO,"400,000,000.00",1.95,1.95
10/09/2021,BATZ,"212,456,304.00",1.79,1.79
10/09/2021,NATB,"63,000,000.00",9.20,9.2
10/09/2021,PUMA,"500,000,000.00",1.12,1.12
10/09/2021,SHOP,"2,700,000.00",64.00,64
10/09/2021,CCAF,"1,625,000,597.00",0.19,0.19
10/09/2021,PMDZ,"100,000,000.00",0.60,0.6
10/09/2021,ATEL,"104,000,000.00",29.48,29.48
10/09/2021,CECZ,"1,625,000,597.00",1.40,1.4
10/09/2021,ZABR,"546,000,000.00",7.00,7
10/09/2021,MAFS,"50,000,000.00",2.88,2.88
10/09/2021,ZMBF,"300,579,610.00",1.50,1.5
10/09/2021,SCBL,"1,666,980,000.00",1.17,1.17
10/09/2021,ZSUG,"316,571,385.40",6.21,6.21
10/09/2021,ZMRE,"45,000,000.00",2.80,2.8
10/09/2021,AECI,"20,406,600.00",29.00,29
10/09/2021,BATA,"76,107,600.00",2.59,2.59
10/09/2021,CHIL,"200,039,904.00",9.95,9.95
13/09/2021,REIZ,"56,460,198.00",1.25,1.25
13/09/2021,ZMFA,"27,090,100.00",4.78,4.78
13/09/2021,ZNCO,"1,443,750,041.28",0.85,0.85
13/09/2021,ZCCM,"160,800,286.00",37.98,37.98
13/09/2021,ZFCO,"400,000,000.00",1.95,1.95
13/09/2021,BATZ,"212,456,304.00",1.79,1.79
13/09/2021,NATB,"63,000,000.00",9.20,9.2
13/09/2021,PUMA,"500,000,000.00",1.12,1.12
13/09/2021,SHOP,"2,700,000.00",64.00,64
13/09/2021,CCAF,"1,625,000,597.00",0.19,0.19
13/09/2021,PMDZ,"100,000,000.00",0.60,0.6
13/09/2021,ATEL,"104,000,000.00",29.48,27
13/09/2021,CECZ,"1,625,000,597.00",1.40,1.4
13/09/2021,ZABR,"546,000,000.00",7.00,7
13/09/2021,MAFS,"50,000,000.00",2.88,2.88
13/09/2021,ZMBF,"300,579,610.00",1.50,1.5
13/09/2021,SCBL,"1,666,980,000.00",1.17,1.17
13/09/2021,ZSUG,"316,571,385.40",6.21,6.21
13/09/2021,ZMRE,"45,000,000.00",2.80,2.8
13/09/2021,AECI,"20,406,600.00",29.00,29
13/09/2021,BATA,"76,107,600.00",2.59,2.59
13/09/2021,CHIL,"200,039,904.00",9.95,9.95
14/09/2021,REIZ,"56,460,198.00",1.25,1.25
14/09/2021,ZMFA,"27,090,100.00",4.78,4.78
14/09/2021,ZNCO,"1,443,750,041.28",0.85,0.95
14/09/2021,ZCCM,"160,800,286.00",37.98,37.98
14/09/2021,ZFCO,"400,000,000.00",1.95,1.95
14/09/2021,BATZ,"212,456,304.00",1.79,1.79
14/09/2021,NATB,"63,000,000.00",9.20,9.2
14/09/2021,PUMA,"500,000,000.00",1.12,1.12
14/09/2021,SHOP,"2,700,000.00",64.00,64
14/09/2021,CCAF,"1,625,000,597.00",0.19,0.19
14/09/2021,PMDZ,"100,000,000.00",0.60,0.6
14/09/2021,ATEL,"104,000,000.00",27.00,27
14/09/2021,CECZ,"1,625,000,597.00",1.40,1.4
14/09/2021,ZABR,"546,000,000.00",7.00,7
14/09/2021,MAFS,"50,000,000.00",2.88,2.88
14/09/2021,ZMBF,"300,579,610.00",1.50,1.5
14/09/2021,SCBL,"1,666,980,000.00",1.17,1.17
14/09/2021,ZSUG,"316,571,385.40",6.21,6.31
14/09/2021,ZMRE,"45,000,000.00",2.80,2.8
14/09/2021,AECI,"20,406,600.00",29.00,29
14/09/2021,BATA,"76,107,600.00",2.59,2.59
14/09/2021,CHIL,"200,039,904.00",9.95,9.99
15/09/2021,REIZ,"56,460,198.00",1.25,1.25
15/09/2021,ZMFA,"27,090,100.00",4.78,4.78
15/09/2021,ZNCO,"1,443,750,041.28",0.95,0.95
15/09/2021,ZCCM,"160,800,286.00",37.98,37.98
15/09/2021,ZFCO,"400,000,000.00",1.95,1.95
15/09/2021,BATZ,"212,456,304.00",1.79,1.79
15/09/2021,NATB,"63,000,000.00",9.20,9.2
15/09/2021,PUMA,"500,000,000.00",1.12,1.12
15/09/2021,SHOP,"2,700,000.00",64.00,64
15/09/2021,CCAF,"1,625,000,597.00",0.19,0.19
15/09/2021,PMDZ,"100,000,000.00",0.60,0.6
15/09/2021,ATEL,"104,000,000.00",27.00,27
15/09/2021,CECZ,"1,625,000,597.00",1.40,1.4
15/09/2021,ZABR,"546,000,000.00",7.00,7
15/09/2021,MAFS,"50,000,000.00",2.88,2.88
15/09/2021,ZMBF,"300,579,610.00",1.50,1.5
15/09/2021,SCBL,"1,666,980,000.00",1.17,1.17
15/09/2021,ZSUG,"316,571,385.40",6.31,6.31
15/09/2021,ZMRE,"45,000,000.00",2.80,2.8
15/09/2021,AECI,"20,406,600.00",29.00,29
15/09/2021,BATA,"76,107,600.00",2.59,2.59
15/09/2021,CHIL,"200,039,904.00",9.99,9.99
16/09/2021,REIZ,"56,460,198.00",1.25,1.25
16/09/2021,ZMFA,"27,090,100.00",4.78,4.78
16/09/2021,ZNCO,"1,443,750,041.28",0.95,0.95
16/09/2021,ZCCM,"160,800,286.00",37.98,37.98
16/09/2021,ZFCO,"400,000,000.00",1.95,1.95
16/09/2021,BATZ,"212,456,304.00",1.79,1.79
16/09/2021,NATB,"63,000,000.00",9.20,9.2
16/09/2021,PUMA,"500,000,000.00",1.12,1.12
16/09/2021,SHOP,"2,700,000.00",64.00,64
16/09/2021,CCAF,"1,625,000,597.00",0.19,0.19
16/09/2021,PMDZ,"100,000,000.00",0.60,0.6
16/09/2021,ATEL,"104,000,000.00",27.00,27
16/09/2021,CECZ,"1,625,000,597.00",1.40,1.4
16/09/2021,ZABR,"546,000,000.00",7.00,7
16/09/2021,MAFS,"50,000,000.00",2.88,2.88
16/09/2021,ZMBF,"300,579,610.00",1.50,1.5
16/09/2021,SCBL,"1,666,980,000.00",1.17,1.17
16/09/2021,ZSUG,"316,571,385.40",6.31,6.21
16/09/2021,ZMRE,"45,000,000.00",2.80,2.8
16/09/2021,AECI,"20,406,600.00",29.00,29
16/09/2021,BATA,"76,107,600.00",2.59,2.59
16/09/2021,CHIL,"200,039,904.00",9.99,9.99
17/09/2021,REIZ,"56,460,198.00",1.25,1.25
17/09/2021,ZMFA,"27,090,100.00",4.78,4.78
17/09/2021,ZNCO,"1,443,750,041.28",0.95,0.95
17/09/2021,ZCCM,"160,800,286.00",37.98,37.98
17/09/2021,ZFCO,"400,000,000.00",1.95,1.95
17/09/2021,BATZ,"212,456,304.00",1.79,1.79
17/09/2021,NATB,"63,000,000.00",9.20,9.2
17/09/2021,PUMA,"500,000,000.00",1.12,1.12
17/09/2021,SHOP,"2,700,000.00",64.00,64
17/09/2021,CCAF,"1,625,000,597.00",0.19,0.19
17/09/2021,PMDZ,"100,000,000.00",0.60,0.6
17/09/2021,ATEL,"104,000,000.00",27.00,27
17/09/2021,CECZ,"1,625,000,597.00",1.40,1.4
17/09/2021,ZABR,"546,000,000.00",7.00,7
17/09/2021,MAFS,"50,000,000.00",2.88,2.88
17/09/2021,ZMBF,"300,579,610.00",1.50,1.5
17/09/2021,SCBL,"1,666,980,000.00",1.17,1.17
17/09/2021,ZSUG,"316,571,385.40",6.21,6.31
17/09/2021,ZMRE,"45,000,000.00",2.80,2.8
17/09/2021,AECI,"20,406,600.00",29.00,29
17/09/2021,BATA,"76,107,600.00",2.59,2.59
17/09/2021,CHIL,"200,039,904.00",9.99,9.99
20/09/2021,REIZ,"56,460,198.00",1.25,1.25
20/09/2021,ZMFA,"27,090,100.00",4.78,4.78
20/09/2021,ZNCO,"1,443,750,041.28",0.95,0.95
20/09/2021,ZCCM,"160,800,286.00",37.98,37.98
20/09/2021,ZFCO,"400,000,000.00",1.95,1.95
20/09/2021,BATZ,"212,456,304.00",1.79,1.79
20/09/2021,NATB,"63,000,000.00",9.20,9.2
20/09/2021,PUMA,"500,000,000.00",1.12,1.12
20/09/2021,SHOP,"2,700,000.00",64.00,64
20/09/2021,CCAF,"1,625,000,597.00",0.19,0.19
20/09/2021,PMDZ,"100,000,000.00",0.60,0.6
20/09/2021,ATEL,"104,000,000.00",27.00,27
20/09/2021,CECZ,"1,625,000,597.00",1.40,1.75
20/09/2021,ZABR,"546,000,000.00",7.00,7
20/09/2021,MAFS,"50,000,000.00",2.88,2.88
20/09/2021,ZMBF,"300,579,610.00",1.50,1.5
20/09/2021,SCBL,"1,666,980,000.00",1.17,1.17
20/09/2021,ZSUG,"316,571,385.40",6.31,6.31
20/09/2021,ZMRE,"45,000,000.00",2.80,2.8
20/09/2021,AECI,"20,406,600.00",29.00,29
20/09/2021,BATA,"76,107,600.00",2.59,2.59
20/09/2021,CHIL,"200,039,904.00",9.99,9.99
21/09/2021,REIZ,"56,460,198.00",1.25,1.25
21/09/2021,ZMFA,"27,090,100.00",4.78,4.78
21/09/2021,ZNCO,"1,443,750,041.28",0.95,0.95
21/09/2021,ZCCM,"160,800,286.00",37.98,37.98
21/09/2021,ZFCO,"400,000,000.00",1.95,1.95
21/09/2021,BATZ,"212,456,304.00",1.79,1.79
21/09/2021,NATB,"63,000,000.00",9.20,9.2
21/09/2021,PUMA,"500,000,000.00",1.12,1.12
21/09/2021,SHOP,"2,700,000.00",64.00,64
21/09/2021,CCAF,"1,625,000,597.00",0.19,0.19
21/09/2021,PMDZ,"100,000,000.00",0.60,0.6
21/09/2021,ATEL,"104,000,000.00",27.00,27
21/09/2021,CECZ,"1,625,000,597.00",1.75,1.8
21/09/2021,ZABR,"546,000,000.00",7.00,7
21/09/2021,MAFS,"50,000,000.00",2.88,2.88
21/09/2021,ZMBF,"300,579,610.00",1.50,1.5
21/09/2021,SCBL,"1,666,980,000.00",1.17,1.17
21/09/2021,ZSUG,"316,571,385.40",6.31,6.31
21/09/2021,ZMRE,"45,000,000.00",2.80,2.8
21/09/2021,AECI,"20,406,600.00",29.00,29
21/09/2021,BATA,"76,107,600.00",2.59,2.59
21/09/2021,CHIL,"200,039,904.00",9.99,9.99
22/09/2021,REIZ,"56,460,198.00",1.25,1.25
22/09/2021,ZMFA,"27,090,100.00",4.78,4.78
22/09/2021,ZNCO,"1,443,750,041.28",0.95,0.95
22/09/2021,ZCCM,"160,800,286.00",37.98,37.98
22/09/2021,ZFCO,"400,000,000.00",1.95,1.95
22/09/2021,BATZ,"212,456,304.00",1.79,1.79
22/09/2021,NATB,"63,000,000.00",9.20,9.2
22/09/2021,PUMA,"500,000,000.00",1.12,1.12
22/09/2021,SHOP,"2,700,000.00",64.00,64
22/09/2021,CCAF,"1,625,000,597.00",0.19,0.19
22/09/2021,PMDZ,"100,000,000.00",0.60,0.6
22/09/2021,ATEL,"104,000,000.00",27.00,27
22/09/2021,CECZ,"1,625,000,597.00",1.80,1.8
22/09/2021,ZABR,"546,000,000.00",7.00,7
22/09/2021,MAFS,"50,000,000.00",2.88,2.88
22/09/2021,ZMBF,"300,579,610.00",1.50,1.5
22/09/2021,SCBL,"1,666,980,000.00",1.17,1.17
22/09/2021,ZSUG,"316,571,385.40",6.31,6.31
22/09/2021,ZMRE,"45,000,000.00",2.80,2.8
22/09/2021,AECI,"20,406,600.00",29.00,29
22/09/2021,BATA,"76,107,600.00",2.59,2.59
22/09/2021,CHIL,"200,039,904.00",9.99,9.99
23/09/2021,REIZ,"56,460,198.00",1.25,1.25
23/09/2021,ZMFA,"27,090,100.00",4.78,4.78
23/09/2021,ZNCO,"1,443,750,041.28",0.95,0.95
23/09/2021,ZCCM,"160,800,286.00",37.98,37.98
23/09/2021,ZFCO,"400,000,000.00",1.95,1.95
23/09/2021,BATZ,"212,456,304.00",1.79,1.79
23/09/2021,NATB,"63,000,000.00",9.20,9.2
23/09/2021,PUMA,"500,000,000.00",1.12,1.12
23/09/2021,SHOP,"2,700,000.00",64.00,64
23/09/2021,CCAF,"1,625,000,597.00",0.19,0.19
23/09/2021,PMDZ,"100,000,000.00",0.60,0.6
23/09/2021,ATEL,"104,000,000.00",27.00,27
23/09/2021,CECZ,"1,625,000,597.00",1.80,1.8
23/09/2021,ZABR,"546,000,000.00",7.00,7
23/09/2021,MAFS,"50,000,000.00",2.88,2.88
23/09/2021,ZMBF,"300,579,610.00",1.50,1.5
23/09/2021,SCBL,"1,666,980,000.00",1.17,1.17
23/09/2021,ZSUG,"316,571,385.40",6.31,6.31
23/09/2021,ZMRE,"45,000,000.00",2.80,2.8
23/09/2021,AECI,"20,406,600.00",29.00,29
23/09/2021,BATA,"76,107,600.00",2.59,2.59
23/09/2021,CHIL,"200,039,904.00",9.99,9.99
24/09/2021,REIZ,"56,460,198.00",1.25,1.25
24/09/2021,ZMFA,"27,090,100.00",4.78,4.78
24/09/2021,ZNCO,"1,443,750,041.28",0.95,0.95
24/09/2021,ZCCM,"160,800,286.00",37.98,37.98
24/09/2021,ZFCO,"400,000,000.00",1.95,1.95
24/09/2021,BATZ,"212,456,304.00",1.79,1.79
24/09/2021,NATB,"63,000,000.00",9.20,9.2
24/09/2021,PUMA,"500,000,000.00",1.12,1.12
24/09/2021,SHOP,"2,700,000.00",64.00,64
24/09/2021,CCAF,"1,625,000,597.00",0.19,0.19
24/09/2021,PMDZ,"100,000,000.00",0.60,0.6
24/09/2021,ATEL,"104,000,000.00",27.00,27
24/09/2021,CECZ,"1,625,000,597.00",1.80,1.8
24/09/2021,ZABR,"546,000,000.00",7.00,7
24/09/2021,MAFS,"50,000,000.00",2.88,2.88
24/09/2021,ZMBF,"300,579,610.00",1.50,1.5
24/09/2021,SCBL,"1,666,980,000.00",1.17,1.17
24/09/2021,ZSUG,"316,571,385.40",6.31,6.31
24/09/2021,ZMRE,"45,000,000.00",2.80,2.8
24/09/2021,AECI,"20,406,600.00",29.00,29
24/09/2021,BATA,"76,107,600.00",2.59,2.59
24/09/2021,CHIL,"200,039,904.00",9.99,9.99
27/09/2021,REIZ,"56,460,198.00",1.25,1.25
27/09/2021,ZMFA,"27,090,100.00",4.78,4.78
27/09/2021,ZNCO,"1,443,750,041.28",0.95,0.95
27/09/2021,ZCCM,"160,800,286.00",37.98,37.98
27/09/2021,ZFCO,"400,000,000.00",1.95,1.95
27/09/2021,BATZ,"212,456,304.00",1.79,1.79
27/09/2021,NATB,"63,000,000.00",9.20,9.2
27/09/2021,PUMA,"500,000,000.00",1.12,1.12
27/09/2021,SHOP,"2,700,000.00",64.00,64
27/09/2021,CCAF,"1,625,000,597.00",0.19,0.19
27/09/2021,PMDZ,"100,000,000.00",0.60,0.6
27/09/2021,ATEL,"104,000,000.00",27.00,27
27/09/2021,CECZ,"1,625,000,597.00",1.80,1.8
27/09/2021,ZABR,"546,000,000.00",7.00,7
27/09/2021,MAFS,"50,000,000.00",2.88,2.88
27/09/2021,ZMBF,"300,579,610.00",1.50,1.5
27/09/2021,SCBL,"1,666,980,000.00",1.17,1.17
27/09/2021,ZSUG,"316,571,385.40",6.31,6.31
27/09/2021,ZMRE,"45,000,000.00",2.80,2.8
27/09/2021,AECI,"20,406,600.00",29.00,29
27/09/2021,BATA,"76,107,600.00",2.59,2.59
27/09/2021,CHIL,"200,039,904.00",9.99,9.99
28/09/2021,REIZ,"56,460,198.00",1.25,1.25
28/09/2021,ZMFA,"27,090,100.00",4.78,4.78
28/09/2021,ZNCO,"1,443,750,041.28",0.95,0.95
28/09/2021,ZCCM,"160,800,286.00",37.98,37.98
28/09/2021,ZFCO,"400,000,000.00",1.95,1.95
28/09/2021,BATZ,"212,456,304.00",1.79,1.79
28/09/2021,NATB,"63,000,000.00",9.20,9.2
28/09/2021,PUMA,"500,000,000.00",1.12,1.12
28/09/2021,SHOP,"2,700,000.00",64.00,64
28/09/2021,CCAF,"1,625,000,597.00",0.19,0.19
28/09/2021,PMDZ,"100,000,000.00",0.60,0.6
28/09/2021,ATEL,"104,000,000.00",27.00,27
28/09/2021,CECZ,"1,625,000,597.00",1.80,1.95
28/09/2021,ZABR,"546,000,000.00",7.00,7
28/09/2021,MAFS,"50,000,000.00",2.88,2.88
28/09/2021,ZMBF,"300,579,610.00",1.50,1.5
28/09/2021,SCBL,"1,666,980,000.00",1.17,1.17
28/09/2021,ZSUG,"316,571,385.40",6.31,6.31
28/09/2021,ZMRE,"45,000,000.00",2.80,2.8
28/09/2021,AECI,"20,406,600.00",29.00,29
28/09/2021,BATA,"76,107,600.00",2.59,2.59
28/09/2021,CHIL,"200,039,904.00",9.99,9.99
29/09/2021,REIZ,"56,460,198.00",1.25,1.25
29/09/2021,ZMFA,"27,090,100.00",4.78,4.78
29/09/2021,ZNCO,"1,443,750,041.28",0.95,0.95
29/09/2021,ZCCM,"160,800,286.00",37.98,37.98
29/09/2021,ZFCO,"400,000,000.00",1.95,1.95
29/09/2021,BATZ,"212,456,304.00",1.79,1.79
29/09/2021,NATB,"63,000,000.00",9.20,9.2
29/09/2021,PUMA,"500,000,000.00",1.12,1.12
29/09/2021,SHOP,"2,700,000.00",64.00,64
29/09/2021,CCAF,"1,625,000,597.00",0.19,0.19
29/09/2021,PMDZ,"100,000,000.00",0.60,0.6
29/09/2021,ATEL,"104,000,000.00",27.00,27
29/09/2021,CECZ,"1,625,000,597.00",1.88,1.95
29/09/2021,ZABR,"546,000,000.00",7.00,7
29/09/2021,MAFS,"50,000,000.00",2.88,2.88
29/09/2021,ZMBF,"300,579,610.00",1.50,1.5
29/09/2021,SCBL,"1,666,980,000.00",1.17,1.17
29/09/2021,ZSUG,"316,571,385.40",6.31,6.31
29/09/2021,ZMRE,"45,000,000.00",2.80,2.8
29/09/2021,AECI,"20,406,600.00",29.00,29
29/09/2021,BATA,"76,107,600.00",2.59,2.59
29/09/2021,CHIL,"200,039,904.00",9.99,9.99
30/09/2021,REIZ,"56,460,198.00",1.25,1.25
30/09/2021,ZMFA,"27,090,100.00",4.78,4.78
30/09/2021,ZNCO,"1,443,750,041.28",0.95,0.95
30/09/2021,ZCCM,"160,800,286.00",37.98,37.98
30/09/2021,ZFCO,"400,000,000.00",1.95,1.95
30/09/2021,BATZ,"212,456,304.00",1.79,1.4
30/09/2021,NATB,"63,000,000.00",9.20,9.2
30/09/2021,PUMA,"500,000,000.00",1.12,1.12
30/09/2021,SHOP,"2,700,000.00",64.00,64
30/09/2021,CCAF,"1,625,000,597.00",0.19,0.19
30/09/2021,PMDZ,"100,000,000.00",0.60,0.6
30/09/2021,ATEL,"104,000,000.00",27.00,27
30/09/2021,CECZ,"1,625,000,597.00",1.95,1.95
30/09/2021,ZABR,"546,000,000.00",7.00,7
30/09/2021,MAFS,"50,000,000.00",2.88,2.88
30/09/2021,ZMBF,"300,579,610.00",1.50,1.5
30/09/2021,SCBL,"1,666,980,000.00",1.17,1.17
30/09/2021,ZSUG,"316,571,385.40",6.31,6.31
30/09/2021,ZMRE,"45,000,000.00",2.80,2.8
30/09/2021,AECI,"20,406,600.00",29.00,29
30/09/2021,BATA,"76,107,600.00",2.59,2.6
30/09/2021,CHIL,"200,039,904.00",9.99,9.99
01/10/2021,REIZ,"56,460,198.00",1.25,1.25
01/10/2021,ZMFA,"27,090,100.00",4.78,4.78
01/10/2021,ZNCO,"1,443,750,041.28",0.95,0.95
01/10/2021,ZCCM,"160,800,286.00",37.98,37.98
01/10/2021,ZFCO,"400,000,000.00",1.95,1.95
01/10/2021,BATZ,"212,456,304.00",1.40,1.4
01/10/2021,NATB,"63,000,000.00",9.20,9.2
01/10/2021,PUMA,"500,000,000.00",1.12,1.12
01/10/2021,SHOP,"2,700,000.00",64.00,64
01/10/2021,CCAF,"1,625,000,597.00",0.19,0.19
01/10/2021,PMDZ,"100,000,000.00",0.60,0.6
01/10/2021,ATEL,"104,000,000.00",27.00,27
01/10/2021,CECZ,"1,625,000,597.00",1.95,1.95
01/10/2021,ZABR,"546,000,000.00",7.00,7
01/10/2021,MAFS,"50,000,000.00",2.88,2.88
01/10/2021,ZMBF,"300,579,610.00",1.50,1.5
01/10/2021,SCBL,"1,666,980,000.00",1.17,1.17
01/10/2021,ZSUG,"316,571,385.40",6.31,6.31
01/10/2021,ZMRE,"45,000,000.00",2.80,2.8
01/10/2021,AECI,"20,406,600.00",29.00,29
01/10/2021,BATA,"76,107,600.00",2.60,2.6
01/10/2021,CHIL,"200,039,904.00",9.99,9.99
04/10/2021,REIZ,"56,460,198.00",1.25,1.25
04/10/2021,ZMFA,"27,090,100.00",4.78,4.78
04/10/2021,ZNCO,"1,443,750,041.28",0.95,0.95
04/10/2021,ZCCM,"160,800,286.00",37.98,37.98
04/10/2021,ZFCO,"400,000,000.00",1.95,1.95
04/10/2021,BATZ,"212,456,304.00",1.40,1.4
04/10/2021,NATB,"63,000,000.00",9.20,9.2
04/10/2021,PUMA,"500,000,000.00",1.12,1.12
04/10/2021,SHOP,"2,700,000.00",64.00,64
04/10/2021,CCAF,"1,625,000,597.00",0.19,0.19
04/10/2021,PMDZ,"100,000,000.00",0.60,0.6
04/10/2021,ATEL,"104,000,000.00",27.00,27
04/10/2021,CECZ,"1,625,000,597.00",1.95,1.95
04/10/2021,ZABR,"546,000,000.00",7.00,7
04/10/2021,MAFS,"50,000,000.00",2.88,2.88
04/10/2021,ZMBF,"300,579,610.00",1.50,1.5
04/10/2021,SCBL,"1,666,980,000.00",1.17,1.17
04/10/2021,ZSUG,"316,571,385.40",6.31,6.31
04/10/2021,ZMRE,"45,000,000.00",2.80,2.8
04/10/2021,AECI,"20,406,600.00",29.00,29
04/10/2021,BATA,"76,107,600.00",2.60,2.6
04/10/2021,CHIL,"200,039,904.00",9.99,10.99
05/10/2021,REIZ,"56,460,198.00",1.25,1.25
05/10/2021,ZMFA,"27,090,100.00",4.78,4.78
05/10/2021,ZNCO,"1,443,750,041.28",0.95,0.95
05/10/2021,ZCCM,"160,800,286.00",37.98,37.98
05/10/2021,ZFCO,"400,000,000.00",1.95,1.95
05/10/2021,BATZ,"212,456,304.00",1.40,1.4
05/10/2021,NATB,"63,000,000.00",9.20,9.2
05/10/2021,PUMA,"500,000,000.00",1.12,1.12
05/10/2021,SHOP,"2,700,000.00",64.00,64
05/10/2021,CCAF,"1,625,000,597.00",0.19,0.19
05/10/2021,PMDZ,"100,000,000.00",0.60,0.6
05/10/2021,ATEL,"104,000,000.00",27.00,27
05/10/2021,CECZ,"1,625,000,597.00",1.95,1.95
05/10/2021,ZABR,"546,000,000.00",7.00,7
05/10/2021,MAFS,"50,000,000.00",2.88,2.88
05/10/2021,ZMBF,"300,579,610.00",1.50,1.5
05/10/2021,SCBL,"1,666,980,000.00",1.17,1.17
05/10/2021,ZSUG,"316,571,385.40",6.31,6.31
05/10/2021,ZMRE,"45,000,000.00",2.80,2.8
05/10/2021,AECI,"20,406,600.00",29.00,29
05/10/2021,BATA,"76,107,600.00",2.60,2.6
05/10/2021,CHIL,"200,039,904.00",10.99,10.99
06/10/2021,REIZ,"56,460,198.00",1.25,1.25
06/10/2021,ZMFA,"27,090,100.00",4.78,4.78
06/10/2021,ZNCO,"1,443,750,041.28",0.95,0.95
06/10/2021,ZCCM,"160,800,286.00",37.98,37.98
06/10/2021,ZFCO,"400,000,000.00",1.95,1.95
06/10/2021,BATZ,"212,456,304.00",1.40,1.4
06/10/2021,NATB,"63,000,000.00",9.20,9.2
06/10/2021,PUMA,"500,000,000.00",1.12,1.12
06/10/2021,SHOP,"2,700,000.00",64.00,64
06/10/2021,CCAF,"1,625,000,597.00",0.19,0.19
06/10/2021,PMDZ,"100,000,000.00",0.60,0.6
06/10/2021,ATEL,"104,000,000.00",27.00,27
06/10/2021,CECZ,"1,625,000,597.00",1.95,1.95
06/10/2021,ZABR,"546,000,000.00",7.00,7
06/10/2021,MAFS,"50,000,000.00",2.88,2.88
06/10/2021,ZMBF,"300,579,610.00",1.50,1.5
06/10/2021,SCBL,"1,666,980,000.00",1.17,1.17
06/10/2021,ZSUG,"316,571,385.40",6.31,6.31
06/10/2021,ZMRE,"45,000,000.00",2.80,2.8
06/10/2021,AECI,"20,406,600.00",29.00,29
06/10/2021,BATA,"76,107,600.00",2.60,2.6
06/10/2021,CHIL,"200,039,904.00",10.99,10.99
07/10/2021,REIZ,"56,460,198.00",1.25,1.25
07/10/2021,ZMFA,"27,090,100.00",4.78,4.78
07/10/2021,ZNCO,"1,443,750,041.28",0.95,0.95
07/10/2021,ZCCM,"160,800,286.00",37.98,37.98
07/10/2021,ZFCO,"400,000,000.00",1.95,1.95
07/10/2021,BATZ,"212,456,304.00",1.40,1.4
07/10/2021,NATB,"63,000,000.00",9.20,9.2
07/10/2021,PUMA,"500,000,000.00",1.12,1.12
07/10/2021,SHOP,"2,700,000.00",64.00,64
07/10/2021,CCAF,"1,625,000,597.00",0.19,0.19
07/10/2021,PMDZ,"100,000,000.00",0.60,0.6
07/10/2021,ATEL,"104,000,000.00",27.00,27
07/10/2021,CECZ,"1,625,000,597.00",1.95,1.95
07/10/2021,ZABR,"546,000,000.00",7.00,7
07/10/2021,MAFS,"50,000,000.00",2.88,2.88
07/10/2021,ZMBF,"300,579,610.00",1.50,1.5
07/10/2021,SCBL,"1,666,980,000.00",1.17,1.17
07/10/2021,ZSUG,"316,571,385.40",6.31,6.31
07/10/2021,ZMRE,"45,000,000.00",2.80,2.8
07/10/2021,AECI,"20,406,600.00",29.00,29
07/10/2021,BATA,"76,107,600.00",2.60,2.6
07/10/2021,CHIL,"200,039,904.00",10.99,10.99
08/10/2021,REIZ,"56,460,198.00",1.25,1.25
08/10/2021,ZMFA,"27,090,100.00",4.78,4.78
08/10/2021,ZNCO,"1,443,750,041.28",0.95,0.95
08/10/2021,ZCCM,"160,800,286.00",37.98,37.98
08/10/2021,ZFCO,"400,000,000.00",1.95,1.95
08/10/2021,BATZ,"212,456,304.00",1.40,1.4
08/10/2021,NATB,"63,000,000.00",9.20,9.2
08/10/2021,PUMA,"500,000,000.00",1.12,1.12
08/10/2021,SHOP,"2,700,000.00",64.00,64
08/10/2021,CCAF,"1,625,000,597.00",0.19,0.19
08/10/2021,PMDZ,"100,000,000.00",0.60,0.6
08/10/2021,ATEL,"104,000,000.00",27.00,27
08/10/2021,CECZ,"1,625,000,597.00",1.95,1.95
08/10/2021,ZABR,"546,000,000.00",7.00,7
08/10/2021,MAFS,"50,000,000.00",2.88,2.88
08/10/2021,ZMBF,"300,579,610.00",1.50,1.5
08/10/2021,SCBL,"1,666,980,000.00",1.17,1.17
08/10/2021,ZSUG,"316,571,385.40",6.31,6.31
08/10/2021,ZMRE,"45,000,000.00",2.80,2.8
08/10/2021,AECI,"20,406,600.00",29.00,29
08/10/2021,BATA,"76,107,600.00",2.60,2.6
08/10/2021,CHIL,"200,039,904.00",10.99,10.99
11/10/2021,REIZ,"56,460,198.00",1.25,1.25
11/10/2021,ZMFA,"27,090,100.00",4.78,4.78
11/10/2021,ZNCO,"1,443,750,041.28",0.95,0.95
11/10/2021,ZCCM,"160,800,286.00",37.98,37.98
11/10/2021,ZFCO,"400,000,000.00",1.95,1.95
11/10/2021,BATZ,"212,456,304.00",1.40,1.4
11/10/2021,NATB,"63,000,000.00",9.20,9.2
11/10/2021,PUMA,"500,000,000.00",1.12,1.12
11/10/2021,SHOP,"2,700,000.00",64.00,64
11/10/2021,CCAF,"1,625,000,597.00",0.19,0.19
11/10/2021,PMDZ,"100,000,000.00",0.60,0.6
11/10/2021,ATEL,"104,000,000.00",27.00,27
11/10/2021,CECZ,"1,625,000,597.00",1.95,1.95
11/10/2021,ZABR,"546,000,000.00",7.00,7
11/10/2021,MAFS,"50,000,000.00",2.88,2.88
11/10/2021,ZMBF,"300,579,610.00",1.50,1.5
11/10/2021,SCBL,"1,666,980,000.00",1.17,1.17
11/10/2021,ZSUG,"316,571,385.40",6.31,6.31
11/10/2021,ZMRE,"45,000,000.00",2.80,2.8
11/10/2021,AECI,"20,406,600.00",29.00,29
11/10/2021,BATA,"76,107,600.00",2.60,2.59
11/10/2021,CHIL,"200,039,904.00",10.99,11
12/10/2021,REIZ,"56,460,198.00",1.25,1.25
12/10/2021,ZMFA,"27,090,100.00",4.78,4.78
12/10/2021,ZNCO,"1,443,750,041.28",0.95,0.95
12/10/2021,ZCCM,"160,800,286.00",37.98,37.98
12/10/2021,ZFCO,"400,000,000.00",1.95,1.95
12/10/2021,BATZ,"212,456,304.00",1.40,1.4
12/10/2021,NATB,"63,000,000.00",9.20,9.2
12/10/2021,PUMA,"500,000,000.00",1.12,1.12
12/10/2021,SHOP,"2,700,000.00",64.00,64
12/10/2021,CCAF,"1,625,000,597.00",0.19,0.19
12/10/2021,PMDZ,"100,000,000.00",0.60,0.6
12/10/2021,ATEL,"104,000,000.00",27.00,27
12/10/2021,CECZ,"1,625,000,597.00",1.95,1.95
12/10/2021,ZABR,"546,000,000.00",7.00,7
12/10/2021,MAFS,"50,000,000.00",2.88,2.88
12/10/2021,ZMBF,"300,579,610.00",1.50,1.51
12/10/2021,SCBL,"1,666,980,000.00",1.17,1.17
12/10/2021,ZSUG,"316,571,385.40",6.31,6.31
12/10/2021,ZMRE,"45,000,000.00",2.80,2.8
12/10/2021,AECI,"20,406,600.00",29.00,29
12/10/2021,BATA,"76,107,600.00",2.59,2.59
12/10/2021,CHIL,"200,039,904.00",11.00,11
13/10/2021,REIZ,"56,460,198.00",1.25,1.25
13/10/2021,ZMFA,"27,090,100.00",4.78,4.78
13/10/2021,ZNCO,"1,443,750,041.28",0.95,0.95
13/10/2021,ZCCM,"160,800,286.00",37.98,37.98
13/10/2021,ZFCO,"400,000,000.00",1.95,1.95
13/10/2021,BATZ,"212,456,304.00",1.40,1.4
13/10/2021,NATB,"63,000,000.00",9.20,9.2
13/10/2021,PUMA,"500,000,000.00",1.12,1.12
13/10/2021,SHOP,"2,700,000.00",64.00,64
13/10/2021,CCAF,"1,625,000,597.00",0.19,0.19
13/10/2021,PMDZ,"100,000,000.00",0.60,0.6
13/10/2021,ATEL,"104,000,000.00",27.00,27
13/10/2021,CECZ,"1,625,000,597.00",1.95,2
13/10/2021,ZABR,"546,000,000.00",7.00,7
13/10/2021,MAFS,"50,000,000.00",2.88,2.88
13/10/2021,ZMBF,"300,579,610.00",1.51,1.51
13/10/2021,SCBL,"1,666,980,000.00",1.17,1.17
13/10/2021,ZSUG,"316,571,385.40",6.31,6.31
13/10/2021,ZMRE,"45,000,000.00",2.80,2.8
13/10/2021,AECI,"20,406,600.00",29.00,29
13/10/2021,BATA,"76,107,600.00",2.59,2.59
13/10/2021,CHIL,"200,039,904.00",11.00,11
14/10/2021,REIZ,"56,460,198.00",1.10,1.1
14/10/2021,ZMFA,"27,090,100.00",4.78,4.78
14/10/2021,ZNCO,"1,443,750,041.28",0.95,0.95
14/10/2021,ZCCM,"160,800,286.00",37.98,37.98
14/10/2021,ZFCO,"400,000,000.00",1.95,1.95
14/10/2021,BATZ,"212,456,304.00",1.40,1.4
14/10/2021,NATB,"63,000,000.00",9.20,9.2
14/10/2021,PUMA,"500,000,000.00",1.12,1.12
14/10/2021,SHOP,"2,700,000.00",64.00,64
14/10/2021,CCAF,"1,625,000,597.00",0.19,0.19
14/10/2021,PMDZ,"100,000,000.00",0.60,0.6
14/10/2021,ATEL,"104,000,000.00",27.00,27
14/10/2021,CECZ,"1,625,000,597.00",2.00,2
14/10/2021,ZABR,"546,000,000.00",7.00,7
14/10/2021,MAFS,"50,000,000.00",2.88,2.88
14/10/2021,ZMBF,"300,579,610.00",1.51,1.51
14/10/2021,SCBL,"1,666,980,000.00",1.17,1.17
14/10/2021,ZSUG,"316,571,385.40",6.31,6.31
14/10/2021,ZMRE,"45,000,000.00",2.80,2.8
14/10/2021,AECI,"20,406,600.00",29.00,29
14/10/2021,BATA,"76,107,600.00",2.59,2.59
14/10/2021,CHIL,"200,039,904.00",11.00,11
15/10/2021,REIZ,"56,460,198.00",1.10,1.1
15/10/2021,ZMFA,"27,090,100.00",4.78,4.78
15/10/2021,ZNCO,"1,443,750,041.28",0.95,0.95
15/10/2021,ZCCM,"160,800,286.00",37.98,37.98
15/10/2021,ZFCO,"400,000,000.00",1.95,1.95
15/10/2021,BATZ,"212,456,304.00",1.40,1.4
15/10/2021,NATB,"63,000,000.00",9.20,9.2
15/10/2021,PUMA,"500,000,000.00",1.12,1.12
15/10/2021,SHOP,"2,700,000.00",64.00,64
15/10/2021,CCAF,"1,625,000,597.00",0.19,0.19
15/10/2021,PMDZ,"100,000,000.00",0.60,0.6
15/10/2021,ATEL,"104,000,000.00",27.00,27
15/10/2021,CECZ,"1,625,000,597.00",2.00,2
15/10/2021,ZABR,"546,000,000.00",7.00,7
15/10/2021,MAFS,"50,000,000.00",2.88,2.88
15/10/2021,ZMBF,"300,579,610.00",1.51,1.51
15/10/2021,SCBL,"1,666,980,000.00",1.17,1.17
15/10/2021,ZSUG,"316,571,385.40",6.31,6.31
15/10/2021,ZMRE,"45,000,000.00",2.80,2.8
15/10/2021,AECI,"20,406,600.00",29.00,29.01
15/10/2021,BATA,"76,107,600.00",2.59,2.59
15/10/2021,CHIL,"200,039,904.00",11.00,11
19/10/2021,REIZ,"56,460,198.00",1.10,1.1
19/10/2021,ZMFA,"27,090,100.00",4.78,4.78
19/10/2021,ZNCO,"1,443,750,041.28",0.95,0.95
19/10/2021,ZCCM,"160,800,286.00",37.98,37.98
19/10/2021,ZFCO,"400,000,000.00",1.95,1.95
19/10/2021,BATZ,"212,456,304.00",1.40,1.4
19/10/2021,NATB,"63,000,000.00",9.20,9.2
19/10/2021,PUMA,"500,000,000.00",1.12,1.12
19/10/2021,SHOP,"2,700,000.00",64.00,64
19/10/2021,CCAF,"1,625,000,597.00",0.19,0.19
19/10/2021,PMDZ,"100,000,000.00",0.60,0.6
19/10/2021,ATEL,"104,000,000.00",27.00,27
19/10/2021,CECZ,"1,625,000,597.00",2.00,2
19/10/2021,ZABR,"546,000,000.00",7.00,7
19/10/2021,MAFS,"50,000,000.00",2.88,2.88
19/10/2021,ZMBF,"300,579,610.00",1.51,1.51
19/10/2021,SCBL,"1,666,980,000.00",1.17,1.17
19/10/2021,ZSUG,"316,571,385.40",6.31,6.31
19/10/2021,ZMRE,"45,000,000.00",2.80,2.8
19/10/2021,AECI,"20,406,600.00",29.01,29.01
19/10/2021,BATA,"76,107,600.00",2.59,2.59
19/10/2021,CHIL,"200,039,904.00",11.00,11
20/10/2021,REIZ,"56,460,198.00",1.10,1.1
20/10/2021,ZMFA,"27,090,100.00",4.78,4.78
20/10/2021,ZNCO,"1,443,750,041.28",0.95,0.95
20/10/2021,ZCCM,"160,800,286.00",37.98,37.98
20/10/2021,ZFCO,"400,000,000.00",1.95,1.95
20/10/2021,BATZ,"212,456,304.00",1.40,1.4
20/10/2021,NATB,"63,000,000.00",9.20,9.2
20/10/2021,PUMA,"500,000,000.00",1.12,1.12
20/10/2021,SHOP,"2,700,000.00",64.00,64
20/10/2021,CCAF,"1,625,000,597.00",0.19,0.19
20/10/2021,PMDZ,"100,000,000.00",0.60,0.6
20/10/2021,ATEL,"104,000,000.00",27.00,27
20/10/2021,CECZ,"1,625,000,597.00",2.00,2
20/10/2021,ZABR,"546,000,000.00",7.00,7
20/10/2021,MAFS,"50,000,000.00",2.88,2.88
20/10/2021,ZMBF,"300,579,610.00",1.51,1.51
20/10/2021,SCBL,"1,666,980,000.00",1.17,0.88
20/10/2021,ZSUG,"316,571,385.40",6.31,6.31
20/10/2021,ZMRE,"45,000,000.00",2.80,2.8
20/10/2021,AECI,"20,406,600.00",29.01,29.01
20/10/2021,BATA,"76,107,600.00",2.59,2.59
20/10/2021,CHIL,"200,039,904.00",11.00,11
21/10/2021,REIZ,"56,460,198.00",1.10,1.1
21/10/2021,ZMFA,"27,090,100.00",4.78,4.78
21/10/2021,ZNCO,"1,443,750,041.28",0.95,0.95
21/10/2021,ZCCM,"160,800,286.00",37.98,37.98
21/10/2021,ZFCO,"400,000,000.00",1.95,1.95
21/10/2021,BATZ,"212,456,304.00",1.40,1.4
21/10/2021,NATB,"63,000,000.00",9.20,9.2
21/10/2021,PUMA,"500,000,000.00",1.12,1.12
21/10/2021,SHOP,"2,700,000.00",64.00,64
21/10/2021,CCAF,"1,625,000,597.00",0.19,0.19
21/10/2021,PMDZ,"100,000,000.00",0.60,0.6
21/10/2021,ATEL,"104,000,000.00",27.00,27
21/10/2021,CECZ,"1,625,000,597.00",2.00,2.05
21/10/2021,ZABR,"546,000,000.00",7.00,7
21/10/2021,MAFS,"50,000,000.00",2.88,2.88
21/10/2021,ZMBF,"300,579,610.00",1.51,1.51
21/10/2021,SCBL,"1,666,980,000.00",0.88,0.9
21/10/2021,ZSUG,"316,571,385.40",6.31,6.31
21/10/2021,ZMRE,"45,000,000.00",2.80,2.8
21/10/2021,AECI,"20,406,600.00",29.01,29.01
21/10/2021,BATA,"76,107,600.00",2.59,2.59
21/10/2021,CHIL,"200,039,904.00",11.00,10.99
22/10/2021,REIZ,"56,460,198.00",1.10,1.1
22/10/2021,ZMFA,"27,090,100.00",4.78,4.78
22/10/2021,ZNCO,"1,443,750,041.28",0.95,0.95
22/10/2021,ZCCM,"160,800,286.00",37.98,37.98
22/10/2021,ZFCO,"400,000,000.00",1.95,1.95
22/10/2021,BATZ,"212,456,304.00",1.40,1.4
22/10/2021,NATB,"63,000,000.00",9.20,9.2
22/10/2021,PUMA,"500,000,000.00",1.12,1.12
22/10/2021,SHOP,"2,700,000.00",64.00,64
22/10/2021,CCAF,"1,625,000,597.00",0.19,0.19
22/10/2021,PMDZ,"100,000,000.00",0.60,0.6
22/10/2021,ATEL,"104,000,000.00",27.00,24
22/10/2021,CECZ,"1,625,000,597.00",2.04,2.05
22/10/2021,ZABR,"546,000,000.00",7.00,7
22/10/2021,MAFS,"50,000,000.00",2.88,2.88
22/10/2021,ZMBF,"300,579,610.00",1.51,1.51
22/10/2021,SCBL,"1,666,980,000.00",0.88,0.88
22/10/2021,ZSUG,"316,571,385.40",6.31,6.31
22/10/2021,ZMRE,"45,000,000.00",2.80,2.8
22/10/2021,AECI,"20,406,600.00",29.01,29.01
22/10/2021,BATA,"76,107,600.00",2.59,2.59
22/10/2021,CHIL,"200,039,904.00",10.99,11
26/10/2021,REIZ,"56,460,198.00",1.10,1.1
26/10/2021,ZMFA,"27,090,100.00",4.78,4.78
26/10/2021,ZNCO,"1,443,750,041.28",0.95,0.95
26/10/2021,ZCCM,"160,800,286.00",37.98,37.98
26/10/2021,ZFCO,"400,000,000.00",1.95,1.95
26/10/2021,BATZ,"212,456,304.00",1.40,1.4
26/10/2021,NATB,"63,000,000.00",9.20,9.2
26/10/2021,PUMA,"500,000,000.00",1.12,1.12
26/10/2021,SHOP,"2,700,000.00",64.00,64
26/10/2021,CCAF,"1,625,000,597.00",0.19,0.19
26/10/2021,PMDZ,"100,000,000.00",0.60,0.6
26/10/2021,ATEL,"104,000,000.00",24.00,24
26/10/2021,CECZ,"1,625,000,597.00",2.05,2.05
26/10/2021,ZABR,"546,000,000.00",7.00,7
26/10/2021,MAFS,"50,000,000.00",2.88,2.88
26/10/2021,ZMBF,"300,579,610.00",1.51,1.51
26/10/2021,SCBL,"1,666,980,000.00",0.88,0.88
26/10/2021,ZSUG,"316,571,385.40",6.31,6.31
26/10/2021,ZMRE,"45,000,000.00",2.80,2.8
26/10/2021,AECI,"20,406,600.00",29.01,29.01
26/10/2021,BATA,"76,107,600.00",2.59,2.59
26/10/2021,CHIL,"200,039,904.00",11.00,11
27/10/2021,REIZ,"56,460,198.00",1.10,1.1
27/10/2021,ZMFA,"27,090,100.00",4.78,4.78
27/10/2021,ZNCO,"1,443,750,041.28",0.95,0.95
27/10/2021,ZCCM,"160,800,286.00",37.98,37.98
27/10/2021,ZFCO,"400,000,000.00",1.95,1.95
27/10/2021,BATZ,"212,456,304.00",1.40,1.4
27/10/2021,NATB,"63,000,000.00",9.20,9.2
27/10/2021,PUMA,"500,000,000.00",1.12,1.12
27/10/2021,SHOP,"2,700,000.00",64.00,64
27/10/2021,CCAF,"1,625,000,597.00",0.19,0.19
27/10/2021,PMDZ,"100,000,000.00",0.60,0.6
27/10/2021,ATEL,"104,000,000.00",24.00,24
27/10/2021,CECZ,"1,625,000,597.00",2.05,2.05
27/10/2021,ZABR,"546,000,000.00",7.00,7
27/10/2021,MAFS,"50,000,000.00",2.88,2.45
27/10/2021,ZMBF,"300,579,610.00",1.51,1.51
27/10/2021,SCBL,"1,666,980,000.00",0.88,0.88
27/10/2021,ZSUG,"316,571,385.40",6.31,6.31
27/10/2021,ZMRE,"45,000,000.00",2.80,2.8
27/10/2021,AECI,"20,406,600.00",29.01,29.01
27/10/2021,BATA,"76,107,600.00",2.59,2.59
27/10/2021,CHIL,"200,039,904.00",11.00,11
28/10/2021,REIZ,"56,460,198.00",1.10,1.1
28/10/2021,ZMFA,"27,090,100.00",4.78,4.78
28/10/2021,ZNCO,"1,443,750,041.28",0.95,0.95
28/10/2021,ZCCM,"160,800,286.00",37.98,37.98
28/10/2021,ZFCO,"400,000,000.00",1.95,1.95
28/10/2021,BATZ,"212,456,304.00",1.40,1.4
28/10/2021,NATB,"63,000,000.00",9.20,9.2
28/10/2021,PUMA,"500,000,000.00",1.12,1.12
28/10/2021,SHOP,"2,700,000.00",64.00,64
28/10/2021,CCAF,"1,625,000,597.00",0.19,0.19
28/10/2021,PMDZ,"100,000,000.00",0.60,0.6
28/10/2021,ATEL,"104,000,000.00",24.00,24
28/10/2021,CECZ,"1,625,000,597.00",2.05,2.05
28/10/2021,ZABR,"546,000,000.00",7.00,7
28/10/2021,MAFS,"50,000,000.00",2.45,2.45
28/10/2021,ZMBF,"300,579,610.00",1.51,1.51
28/10/2021,SCBL,"1,666,980,000.00",0.88,0.88
28/10/2021,ZSUG,"316,571,385.40",6.31,6.31
28/10/2021,ZMRE,"45,000,000.00",2.80,2.79
28/10/2021,AECI,"20,406,600.00",29.01,29.01
28/10/2021,BATA,"76,107,600.00",2.59,2.59
28/10/2021,CHIL,"200,039,904.00",11.00,11
29/10/2021,REIZ,"56,460,198.00",1.10,1.1
29/10/2021,ZMFA,"27,090,100.00",4.78,4.78
29/10/2021,ZNCO,"1,443,750,041.28",0.95,1.18
29/10/2021,ZCCM,"160,800,286.00",37.98,37.98
29/10/2021,ZFCO,"400,000,000.00",1.95,1.95
29/10/2021,BATZ,"212,456,304.00",1.40,1.4
29/10/2021,NATB,"63,000,000.00",9.20,9.2
29/10/2021,PUMA,"500,000,000.00",1.12,1.12
29/10/2021,SHOP,"2,700,000.00",64.00,64
29/10/2021,CCAF,"1,625,000,597.00",0.19,0.19
29/10/2021,PMDZ,"100,000,000.00",0.60,0.6
29/10/2021,ATEL,"104,000,000.00",24.00,24
29/10/2021,CECZ,"1,625,000,597.00",2.05,2.05
29/10/2021,ZABR,"546,000,000.00",7.00,7
29/10/2021,MAFS,"50,000,000.00",2.45,2.45
29/10/2021,ZMBF,"300,579,610.00",1.51,1.51
29/10/2021,SCBL,"1,666,980,000.00",0.88,0.88
29/10/2021,ZSUG,"316,571,385.40",6.31,6.31
29/10/2021,ZMRE,"45,000,000.00",2.79,2.79
29/10/2021,AECI,"20,406,600.00",29.01,29.01
29/10/2021,BATA,"76,107,600.00",2.59,2.59
29/10/2021,CHIL,"200,039,904.00",11.00,11
01/11/2021,REIZ,"56,460,198.00",1.10,1.1
01/11/2021,ZMFA,"27,090,100.00",4.78,4.78
01/11/2021,ZNCO,"1,443,750,041.28",1.18,1.18
01/11/2021,ZCCM,"160,800,286.00",37.98,37.98
01/11/2021,ZFCO,"400,000,000.00",1.95,1.95
01/11/2021,BATZ,"212,456,304.00",1.40,1.4
01/11/2021,NATB,"63,000,000.00",9.20,9.2
01/11/2021,PUMA,"500,000,000.00",1.12,1.12
01/11/2021,SHOP,"2,700,000.00",64.00,64
01/11/2021,CCAF,"1,625,000,597.00",0.19,0.19
01/11/2021,PMDZ,"100,000,000.00",0.60,0.6
01/11/2021,ATEL,"104,000,000.00",24.00,24
01/11/2021,CECZ,"1,625,000,597.00",2.05,2.05
01/11/2021,ZABR,"546,000,000.00",7.00,7
01/11/2021,MAFS,"50,000,000.00",2.45,2.45
01/11/2021,ZMBF,"300,579,610.00",1.51,1.51
01/11/2021,SCBL,"1,666,980,000.00",0.88,0.88
01/11/2021,ZSUG,"316,571,385.40",6.31,6.31
01/11/2021,ZMRE,"45,000,000.00",2.79,2.79
01/11/2021,AECI,"20,406,600.00",29.01,29.01
01/11/2021,BATA,"76,107,600.00",2.59,2.59
01/11/2021,CHIL,"200,039,904.00",11.00,11
02/11/2021,REIZ,"56,460,198.00",1.10,1.1
02/11/2021,ZMFA,"27,090,100.00",4.78,4.78
02/11/2021,ZNCO,"1,443,750,041.28",1.18,1.25
02/11/2021,ZCCM,"160,800,286.00",37.98,37.98
02/11/2021,ZFCO,"400,000,000.00",1.95,1.95
02/11/2021,BATZ,"212,456,304.00",1.40,1.4
02/11/2021,NATB,"63,000,000.00",9.20,9.2
02/11/2021,PUMA,"500,000,000.00",1.12,1.12
02/11/2021,SHOP,"2,700,000.00",64.00,64
02/11/2021,CCAF,"1,625,000,597.00",0.19,0.19
02/11/2021,PMDZ,"100,000,000.00",0.60,0.6
02/11/2021,ATEL,"104,000,000.00",24.00,24
02/11/2021,CECZ,"1,625,000,597.00",2.05,2.15
02/11/2021,ZABR,"546,000,000.00",7.00,7
02/11/2021,MAFS,"50,000,000.00",2.45,2.45
02/11/2021,ZMBF,"300,579,610.00",1.51,1.51
02/11/2021,SCBL,"1,666,980,000.00",0.88,0.88
02/11/2021,ZSUG,"316,571,385.40",6.31,6.31
02/11/2021,ZMRE,"45,000,000.00",2.79,2.79
02/11/2021,AECI,"20,406,600.00",29.01,29.01
02/11/2021,BATA,"76,107,600.00",2.59,2.59
02/11/2021,CHIL,"200,039,904.00",11.00,11
03/11/2021,REIZ,"56,460,198.00",1.10,1.1
03/11/2021,ZMFA,"27,090,100.00",4.78,4.78
03/11/2021,ZNCO,"1,443,750,041.28",1.25,1.25
03/11/2021,ZCCM,"160,800,286.00",37.98,37.98
03/11/2021,ZFCO,"400,000,000.00",1.95,1.95
03/11/2021,BATZ,"212,456,304.00",1.40,1.4
03/11/2021,NATB,"63,000,000.00",9.20,9.2
03/11/2021,PUMA,"500,000,000.00",1.12,1.21
03/11/2021,SHOP,"2,700,000.00",64.00,64
03/11/2021,CCAF,"1,625,000,597.00",0.19,0.19
03/11/2021,PMDZ,"100,000,000.00",0.60,0.6
03/11/2021,ATEL,"104,000,000.00",24.00,24
03/11/2021,CECZ,"1,625,000,597.00",2.15,2.15
03/11/2021,ZABR,"546,000,000.00",7.00,7
03/11/2021,MAFS,"50,000,000.00",2.45,2.45
03/11/2021,ZMBF,"300,579,610.00",1.51,1.51
03/11/2021,SCBL,"1,666,980,000.00",0.88,0.88
03/11/2021,ZSUG,"316,571,385.40",6.31,7.88
03/11/2021,ZMRE,"45,000,000.00",2.79,2.79
03/11/2021,AECI,"20,406,600.00",29.01,29.01
03/11/2021,BATA,"76,107,600.00",2.59,2.59
03/11/2021,CHIL,"200,039,904.00",11.00,11
04/11/2021,REIZ,"56,460,198.00",1.10,1.25
04/11/2021,ZMFA,"27,090,100.00",4.78,4.78
04/11/2021,ZNCO,"1,443,750,041.28",1.25,1.25
04/11/2021,ZCCM,"160,800,286.00",37.98,37.98
04/11/2021,ZFCO,"400,000,000.00",1.95,1.95
04/11/2021,BATZ,"212,456,304.00",1.40,1.4
04/11/2021,NATB,"63,000,000.00",9.20,9.2
04/11/2021,PUMA,"500,000,000.00",1.21,1.21
04/11/2021,SHOP,"2,700,000.00",64.00,64
04/11/2021,CCAF,"1,625,000,597.00",0.19,0.19
04/11/2021,PMDZ,"100,000,000.00",0.60,0.6
04/11/2021,ATEL,"104,000,000.00",24.00,24
04/11/2021,CECZ,"1,625,000,597.00",2.15,2.15
04/11/2021,ZABR,"546,000,000.00",7.00,7
04/11/2021,MAFS,"50,000,000.00",2.45,2.45
04/11/2021,ZMBF,"300,579,610.00",1.51,1.51
04/11/2021,SCBL,"1,666,980,000.00",0.88,0.88
04/11/2021,ZSUG,"316,571,385.40",7.88,7.88
04/11/2021,ZMRE,"45,000,000.00",2.79,2.79
04/11/2021,AECI,"20,406,600.00",29.01,29.01
04/11/2021,BATA,"76,107,600.00",2.59,2.59
04/11/2021,CHIL,"200,039,904.00",11.00,11
05/11/2021,REIZ,"56,460,198.00",1.25,1.25
05/11/2021,ZMFA,"27,090,100.00",4.78,4.78
05/11/2021,ZNCO,"1,443,750,041.28",1.27,1.27
05/11/2021,ZCCM,"160,800,286.00",37.98,37.98
05/11/2021,ZFCO,"400,000,000.00",1.95,1.95
05/11/2021,BATZ,"212,456,304.00",1.40,1.4
05/11/2021,NATB,"63,000,000.00",9.20,9.2
05/11/2021,PUMA,"500,000,000.00",1.21,1.21
05/11/2021,SHOP,"2,700,000.00",64.00,64
05/11/2021,CCAF,"1,625,000,597.00",0.19,0.19
05/11/2021,PMDZ,"100,000,000.00",0.60,0.6
05/11/2021,ATEL,"104,000,000.00",24.00,24
05/11/2021,CECZ,"1,625,000,597.00",2.15,2.2
05/11/2021,ZABR,"546,000,000.00",7.00,7
05/11/2021,MAFS,"50,000,000.00",2.45,2.45
05/11/2021,ZMBF,"300,579,610.00",1.51,1.51
05/11/2021,SCBL,"1,666,980,000.00",0.88,0.75
05/11/2021,ZSUG,"316,571,385.40",7.88,7.88
05/11/2021,ZMRE,"45,000,000.00",2.79,2.79
05/11/2021,AECI,"20,406,600.00",29.01,29.01
05/11/2021,BATA,"76,107,600.00",2.59,2.59
05/11/2021,CHIL,"200,039,904.00",11.00,13
08/11/2021,REIZ,"56,460,198.00",1.25,1.25
08/11/2021,ZMFA,"27,090,100.00",4.78,4.78
08/11/2021,ZNCO,"1,443,750,041.28",1.27,1.3
08/11/2021,ZCCM,"160,800,286.00",37.98,37.98
08/11/2021,ZFCO,"400,000,000.00",1.95,2.02
08/11/2021,BATZ,"212,456,304.00",1.40,1.4
08/11/2021,NATB,"63,000,000.00",9.20,9.2
08/11/2021,PUMA,"500,000,000.00",1.21,1.21
08/11/2021,SHOP,"2,700,000.00",64.00,64
08/11/2021,CCAF,"1,625,000,597.00",0.19,0.19
08/11/2021,PMDZ,"100,000,000.00",0.60,0.6
08/11/2021,ATEL,"104,000,000.00",24.00,24
08/11/2021,CECZ,"1,625,000,597.00",2.17,2.2
08/11/2021,ZABR,"546,000,000.00",7.00,7
08/11/2021,MAFS,"50,000,000.00",2.45,2.45
08/11/2021,ZMBF,"300,579,610.00",1.51,1.51
08/11/2021,SCBL,"1,666,980,000.00",0.87,0.87
08/11/2021,ZSUG,"316,571,385.40",7.88,8
08/11/2021,ZMRE,"45,000,000.00",2.79,2.79
08/11/2021,AECI,"20,406,600.00",29.01,29.01
08/11/2021,BATA,"76,107,600.00",2.59,2.59
08/11/2021,CHIL,"200,039,904.00",13.00,14.4
09/11/2021,REIZ,"56,460,198.00",1.25,1.25
09/11/2021,ZMFA,"27,090,100.00",4.78,4.78
09/11/2021,ZNCO,"1,443,750,041.28",1.30,1.3
09/11/2021,ZCCM,"160,800,286.00",37.98,37.98
09/11/2021,ZFCO,"400,000,000.00",2.02,1.95
09/11/2021,BATZ,"212,456,304.00",1.40,1.4
09/11/2021,NATB,"63,000,000.00",9.20,9.2
09/11/2021,PUMA,"500,000,000.00",1.21,1.21
09/11/2021,SHOP,"2,700,000.00",64.00,64
09/11/2021,CCAF,"1,625,000,597.00",0.19,0.19
09/11/2021,PMDZ,"100,000,000.00",0.60,0.6
09/11/2021,ATEL,"104,000,000.00",24.00,24
09/11/2021,CECZ,"1,625,000,597.00",2.18,2.2
09/11/2021,ZABR,"546,000,000.00",7.00,7
09/11/2021,MAFS,"50,000,000.00",2.45,2.47
09/11/2021,ZMBF,"300,579,610.00",1.51,1.51
09/11/2021,SCBL,"1,666,980,000.00",0.87,0.88
09/11/2021,ZSUG,"316,571,385.40",8.00,8
09/11/2021,ZMRE,"45,000,000.00",2.79,2.79
09/11/2021,AECI,"20,406,600.00",29.01,29.01
09/11/2021,BATA,"76,107,600.00",2.59,2.59
09/11/2021,CHIL,"200,039,904.00",13.70,13.7
10/11/2021,REIZ,"56,460,198.00",1.25,1.25
10/11/2021,ZMFA,"27,090,100.00",4.78,4.78
10/11/2021,ZNCO,"1,443,750,041.28",1.30,1.3
10/11/2021,ZCCM,"160,800,286.00",37.98,37.98
10/11/2021,ZFCO,"400,000,000.00",1.95,1.95
10/11/2021,BATZ,"212,456,304.00",1.40,1.4
10/11/2021,NATB,"63,000,000.00",9.20,9.2
10/11/2021,PUMA,"500,000,000.00",1.21,1.21
10/11/2021,SHOP,"2,700,000.00",64.00,64
10/11/2021,CCAF,"1,625,000,597.00",0.19,0.19
10/11/2021,PMDZ,"100,000,000.00",0.60,0.6
10/11/2021,ATEL,"104,000,000.00",24.00,24
10/11/2021,CECZ,"1,625,000,597.00",2.20,2.2
10/11/2021,ZABR,"546,000,000.00",7.00,7
10/11/2021,MAFS,"50,000,000.00",2.47,2.47
10/11/2021,ZMBF,"300,579,610.00",1.51,1.51
10/11/2021,SCBL,"1,666,980,000.00",0.88,0.88
10/11/2021,ZSUG,"316,571,385.40",8.00,8
10/11/2021,ZMRE,"45,000,000.00",2.79,2.79
10/11/2021,AECI,"20,406,600.00",29.01,29.01
10/11/2021,BATA,"76,107,600.00",2.59,2.59
10/11/2021,CHIL,"200,039,904.00",13.70,13.7
11/11/2021,REIZ,"56,460,198.00",1.25,1.25
11/11/2021,ZMFA,"27,090,100.00",4.78,4.78
11/11/2021,ZNCO,"1,443,750,041.28",1.30,1.3
11/11/2021,ZCCM,"160,800,286.00",37.98,37.98
11/11/2021,ZFCO,"400,000,000.00",1.95,1.95
11/11/2021,BATZ,"212,456,304.00",1.40,1.4
11/11/2021,NATB,"63,000,000.00",9.20,9.2
11/11/2021,PUMA,"500,000,000.00",1.21,1.21
11/11/2021,SHOP,"2,700,000.00",64.00,64
11/11/2021,CCAF,"1,625,000,597.00",0.19,0.19
11/11/2021,PMDZ,"100,000,000.00",0.60,0.6
11/11/2021,ATEL,"104,000,000.00",24.00,24
11/11/2021,CECZ,"1,625,000,597.00",2.23,2.65
11/11/2021,ZABR,"546,000,000.00",7.00,7
11/11/2021,MAFS,"50,000,000.00",2.47,2.47
11/11/2021,ZMBF,"300,579,610.00",1.51,1.51
11/11/2021,SCBL,"1,666,980,000.00",0.88,0.88
11/11/2021,ZSUG,"316,571,385.40",8.00,8
11/11/2021,ZMRE,"45,000,000.00",2.79,2.79
11/11/2021,AECI,"20,406,600.00",29.01,29.01
11/11/2021,BATA,"76,107,600.00",2.59,2.59
11/11/2021,CHIL,"200,039,904.00",13.70,13.7
12/11/2021,REIZ,"56,460,198.00",1.25,1.25
12/11/2021,ZMFA,"27,090,100.00",4.78,4.78
12/11/2021,ZNCO,"1,443,750,041.28",1.30,1.3
12/11/2021,ZCCM,"160,800,286.00",37.98,37.98
12/11/2021,ZFCO,"400,000,000.00",1.95,1.95
12/11/2021,BATZ,"212,456,304.00",1.40,1.4
12/11/2021,NATB,"63,000,000.00",9.20,9.2
12/11/2021,PUMA,"500,000,000.00",1.21,1.21
12/11/2021,SHOP,"2,700,000.00",64.00,64
12/11/2021,CCAF,"1,625,000,597.00",0.19,0.19
12/11/2021,PMDZ,"100,000,000.00",0.60,0.6
12/11/2021,ATEL,"104,000,000.00",24.00,24
12/11/2021,CECZ,"1,625,000,597.00",2.65,2.65
12/11/2021,ZABR,"546,000,000.00",7.00,7
12/11/2021,MAFS,"50,000,000.00",2.47,2.47
12/11/2021,ZMBF,"300,579,610.00",1.51,1.51
12/11/2021,SCBL,"1,666,980,000.00",0.78,0.88
12/11/2021,ZSUG,"316,571,385.40",8.00,8
12/11/2021,ZMRE,"45,000,000.00",2.79,2.79
12/11/2021,AECI,"20,406,600.00",29.01,29.01
12/11/2021,BATA,"76,107,600.00",2.59,2.59
12/11/2021,CHIL,"200,039,904.00",13.70,13.7
15/11/2021,REIZ,"56,460,198.00",1.25,1.25
15/11/2021,ZMFA,"27,090,100.00",4.78,4.78
15/11/2021,ZNCO,"1,443,750,041.28",1.30,1.3
15/11/2021,ZCCM,"160,800,286.00",37.98,37.98
15/11/2021,ZFCO,"400,000,000.00",1.95,1.95
15/11/2021,BATZ,"212,456,304.00",1.40,1.4
15/11/2021,NATB,"63,000,000.00",9.20,9.2
15/11/2021,PUMA,"500,000,000.00",1.21,1.21
15/11/2021,SHOP,"2,700,000.00",64.00,64
15/11/2021,CCAF,"1,625,000,597.00",0.19,0.19
15/11/2021,PMDZ,"100,000,000.00",0.60,0.6
15/11/2021,ATEL,"104,000,000.00",24.00,24
15/11/2021,CECZ,"1,625,000,597.00",2.61,2.64
15/11/2021,ZABR,"546,000,000.00",7.00,7
15/11/2021,MAFS,"50,000,000.00",2.47,2.47
15/11/2021,ZMBF,"300,579,610.00",1.51,1.51
15/11/2021,SCBL,"1,666,980,000.00",0.88,0.88
15/11/2021,ZSUG,"316,571,385.40",8.00,10
15/11/2021,ZMRE,"45,000,000.00",2.79,2.79
15/11/2021,AECI,"20,406,600.00",29.01,29.01
15/11/2021,BATA,"76,107,600.00",2.59,2.59
15/11/2021,CHIL,"200,039,904.00",13.70,13.7
16/11/2021,REIZ,"56,460,198.00",1.25,1.25
16/11/2021,ZMFA,"27,090,100.00",4.78,4.78
16/11/2021,ZNCO,"1,443,750,041.28",1.30,1.3
16/11/2021,ZCCM,"160,800,286.00",37.98,37.98
16/11/2021,ZFCO,"400,000,000.00",1.95,1.95
16/11/2021,BATZ,"212,456,304.00",1.40,1.4
16/11/2021,NATB,"63,000,000.00",9.20,9.2
16/11/2021,PUMA,"500,000,000.00",1.21,1.21
16/11/2021,SHOP,"2,700,000.00",64.00,64
16/11/2021,CCAF,"1,625,000,597.00",0.19,0.19
16/11/2021,PMDZ,"100,000,000.00",0.60,0.6
16/11/2021,ATEL,"104,000,000.00",24.00,24
16/11/2021,CECZ,"1,625,000,597.00",2.65,2.19
16/11/2021,ZABR,"546,000,000.00",7.00,7
16/11/2021,MAFS,"50,000,000.00",2.47,2.47
16/11/2021,ZMBF,"300,579,610.00",1.51,1.51
16/11/2021,SCBL,"1,666,980,000.00",0.88,0.88
16/11/2021,ZSUG,"316,571,385.40",10.00,10
16/11/2021,ZMRE,"45,000,000.00",2.79,2.79
16/11/2021,AECI,"20,406,600.00",29.01,29.01
16/11/2021,BATA,"76,107,600.00",2.59,2.59
16/11/2021,CHIL,"200,039,904.00",13.85,13.85
17/11/2021,REIZ,"56,460,198.00",1.25,1.25
17/11/2021,ZMFA,"27,090,100.00",4.78,4.78
17/11/2021,ZNCO,"1,443,750,041.28",1.30,1.3
17/11/2021,ZCCM,"160,800,286.00",37.98,37.98
17/11/2021,ZFCO,"400,000,000.00",1.95,1.95
17/11/2021,BATZ,"212,456,304.00",1.40,1.4
17/11/2021,NATB,"63,000,000.00",9.20,9.2
17/11/2021,PUMA,"500,000,000.00",1.21,1.21
17/11/2021,SHOP,"2,700,000.00",64.00,64
17/11/2021,CCAF,"1,625,000,597.00",0.19,0.19
17/11/2021,PMDZ,"100,000,000.00",0.60,0.6
17/11/2021,ATEL,"104,000,000.00",24.00,24
17/11/2021,CECZ,"1,625,000,597.00",2.55,2.65
17/11/2021,ZABR,"546,000,000.00",7.00,7
17/11/2021,MAFS,"50,000,000.00",2.47,2.47
17/11/2021,ZMBF,"300,579,610.00",1.51,1.51
17/11/2021,SCBL,"1,666,980,000.00",0.88,0.88
17/11/2021,ZSUG,"316,571,385.40",10.00,10
17/11/2021,ZMRE,"45,000,000.00",2.79,2.79
17/11/2021,AECI,"20,406,600.00",29.01,29.01
17/11/2021,BATA,"76,107,600.00",2.59,2.59
17/11/2021,CHIL,"200,039,904.00",13.85,13.85
18/11/2021,REIZ,"56,460,198.00",1.25,1.25
18/11/2021,ZMFA,"27,090,100.00",4.78,4.78
18/11/2021,ZNCO,"1,443,750,041.28",1.30,1.3
18/11/2021,ZCCM,"160,800,286.00",37.98,37.98
18/11/2021,ZFCO,"400,000,000.00",1.95,1.95
18/11/2021,BATZ,"212,456,304.00",1.40,1.4
18/11/2021,NATB,"63,000,000.00",9.20,9.2
18/11/2021,PUMA,"500,000,000.00",1.21,1.21
18/11/2021,SHOP,"2,700,000.00",64.00,64
18/11/2021,CCAF,"1,625,000,597.00",0.19,0.19
18/11/2021,PMDZ,"100,000,000.00",0.60,0.6
18/11/2021,ATEL,"104,000,000.00",24.00,24
18/11/2021,CECZ,"1,625,000,597.00",2.65,2.65
18/11/2021,ZABR,"546,000,000.00",7.00,7
18/11/2021,MAFS,"50,000,000.00",2.47,2.47
18/11/2021,ZMBF,"300,579,610.00",1.51,1.51
18/11/2021,SCBL,"1,666,980,000.00",0.88,0.88
18/11/2021,ZSUG,"316,571,385.40",10.00,10
18/11/2021,ZMRE,"45,000,000.00",2.79,2.79
18/11/2021,AECI,"20,406,600.00",29.21,29.01
18/11/2021,BATA,"76,107,600.00",2.59,2.59
18/11/2021,CHIL,"200,039,904.00",13.85,13.85
19/11/2021,REIZ,"56,460,198.00",1.25,1.25
19/11/2021,ZMFA,"27,090,100.00",4.78,4.78
19/11/2021,ZNCO,"1,443,750,041.28",1.30,1.3
19/11/2021,ZCCM,"160,800,286.00",37.98,37.98
19/11/2021,ZFCO,"400,000,000.00",1.95,1.95
19/11/2021,BATZ,"212,456,304.00",1.40,1.4
19/11/2021,NATB,"63,000,000.00",9.20,9.2
19/11/2021,PUMA,"500,000,000.00",1.21,1.21
19/11/2021,SHOP,"2,700,000.00",64.00,64
19/11/2021,CCAF,"1,625,000,597.00",0.19,0.19
19/11/2021,PMDZ,"100,000,000.00",0.60,0.6
19/11/2021,ATEL,"104,000,000.00",24.00,18
19/11/2021,CECZ,"1,625,000,597.00",2.65,2.65
19/11/2021,ZABR,"546,000,000.00",7.00,7
19/11/2021,MAFS,"50,000,000.00",2.47,2.47
19/11/2021,ZMBF,"300,579,610.00",1.51,1.6
19/11/2021,SCBL,"1,666,980,000.00",0.88,0.88
19/11/2021,ZSUG,"316,571,385.40",10.00,10
19/11/2021,ZMRE,"45,000,000.00",2.79,2.79
19/11/2021,AECI,"20,406,600.00",29.01,29.01
19/11/2021,BATA,"76,107,600.00",2.59,2.59
19/11/2021,CHIL,"200,039,904.00",13.85,13.85
22/11/2021,REIZ,"56,460,198.00",1.25,1.25
22/11/2021,ZMFA,"27,090,100.00",4.78,4.78
22/11/2021,ZNCO,"1,443,750,041.28",1.30,1.3
22/11/2021,ZCCM,"160,800,286.00",37.98,37.98
22/11/2021,ZFCO,"400,000,000.00",1.95,1.95
22/11/2021,BATZ,"212,456,304.00",1.40,1.4
22/11/2021,NATB,"63,000,000.00",9.20,9.2
22/11/2021,PUMA,"500,000,000.00",1.21,1.21
22/11/2021,SHOP,"2,700,000.00",64.00,64
22/11/2021,CCAF,"1,625,000,597.00",0.19,0.19
22/11/2021,PMDZ,"100,000,000.00",0.60,0.6
22/11/2021,ATEL,"104,000,000.00",18.00,18
22/11/2021,CECZ,"1,625,000,597.00",2.65,2.65
22/11/2021,ZABR,"546,000,000.00",7.00,7
22/11/2021,MAFS,"50,000,000.00",2.47,2.47
22/11/2021,ZMBF,"300,579,610.00",1.60,1.51
22/11/2021,SCBL,"1,666,980,000.00",0.88,0.88
22/11/2021,ZSUG,"316,571,385.40",10.00,10
22/11/2021,ZMRE,"45,000,000.00",2.79,2.79
22/11/2021,AECI,"20,406,600.00",29.01,29.01
22/11/2021,BATA,"76,107,600.00",2.59,2.59
22/11/2021,CHIL,"200,039,904.00",13.85,13.85
23/11/2021,REIZ,"56,460,198.00",1.25,1.25
23/11/2021,ZMFA,"27,090,100.00",4.78,4.78
23/11/2021,ZNCO,"1,443,750,041.28",1.30,1.3
23/11/2021,ZCCM,"160,800,286.00",37.98,37.98
23/11/2021,ZFCO,"400,000,000.00",1.95,1.95
23/11/2021,BATZ,"212,456,304.00",1.40,1.4
23/11/2021,NATB,"63,000,000.00",9.20,9.2
23/11/2021,PUMA,"500,000,000.00",1.21,1.21
23/11/2021,SHOP,"2,700,000.00",64.00,64
23/11/2021,CCAF,"1,625,000,597.00",0.19,0.19
23/11/2021,PMDZ,"100,000,000.00",0.60,0.6
23/11/2021,ATEL,"104,000,000.00",18.00,18
23/11/2021,CECZ,"1,625,000,597.00",2.65,2.65
23/11/2021,ZABR,"546,000,000.00",7.00,7
23/11/2021,MAFS,"50,000,000.00",2.47,2.47
23/11/2021,ZMBF,"300,579,610.00",1.51,1.6
23/11/2021,SCBL,"1,666,980,000.00",0.88,0.88
23/11/2021,ZSUG,"316,571,385.40",10.00,10
23/11/2021,ZMRE,"45,000,000.00",2.79,2.79
23/11/2021,AECI,"20,406,600.00",29.01,29.01
23/11/2021,BATA,"76,107,600.00",2.59,2.59
23/11/2021,CHIL,"200,039,904.00",13.85,13.85
24/11/2021,REIZ,"56,460,198.00",1.25,1.25
24/11/2021,ZMFA,"27,090,100.00",4.78,4.78
24/11/2021,ZNCO,"1,443,750,041.28",1.30,1.3
24/11/2021,ZCCM,"160,800,286.00",37.98,37.98
24/11/2021,ZFCO,"400,000,000.00",1.95,1.95
24/11/2021,BATZ,"212,456,304.00",1.40,1.4
24/11/2021,NATB,"63,000,000.00",9.20,9.2
24/11/2021,PUMA,"500,000,000.00",1.21,1.21
24/11/2021,SHOP,"2,700,000.00",64.00,64
24/11/2021,CCAF,"1,625,000,597.00",0.19,0.19
24/11/2021,PMDZ,"100,000,000.00",0.60,0.6
24/11/2021,ATEL,"104,000,000.00",18.00,18
24/11/2021,CECZ,"1,625,000,597.00",2.65,2.65
24/11/2021,ZABR,"546,000,000.00",7.00,7
24/11/2021,MAFS,"50,000,000.00",2.47,2.47
24/11/2021,ZMBF,"300,579,610.00",1.60,1.6
24/11/2021,SCBL,"1,666,980,000.00",0.88,0.88
24/11/2021,ZSUG,"316,571,385.40",10.00,10
24/11/2021,ZMRE,"45,000,000.00",2.79,2.79
24/11/2021,AECI,"20,406,600.00",29.01,29.01
24/11/2021,BATA,"76,107,600.00",2.59,2.59
24/11/2021,CHIL,"200,039,904.00",13.85,13.85
25/11/2021,REIZ,"56,460,198.00",1.25,1.25
25/11/2021,ZMFA,"27,090,100.00",4.78,4.78
25/11/2021,ZNCO,"1,443,750,041.28",1.30,1.3
25/11/2021,ZCCM,"160,800,286.00",37.98,37.98
25/11/2021,ZFCO,"400,000,000.00",1.95,1.95
25/11/2021,BATZ,"212,456,304.00",1.40,1.4
25/11/2021,NATB,"63,000,000.00",9.20,9.2
25/11/2021,PUMA,"500,000,000.00",1.21,1.21
25/11/2021,SHOP,"2,700,000.00",64.00,64
25/11/2021,CCAF,"1,625,000,597.00",0.19,0.19
25/11/2021,PMDZ,"100,000,000.00",0.60,0.6
25/11/2021,ATEL,"104,000,000.00",18.00,18
25/11/2021,CECZ,"1,625,000,597.00",2.65,2.65
25/11/2021,ZABR,"546,000,000.00",7.00,7
25/11/2021,MAFS,"50,000,000.00",2.47,2.47
25/11/2021,ZMBF,"300,579,610.00",1.60,1.6
25/11/2021,SCBL,"1,666,980,000.00",0.88,0.88
25/11/2021,ZSUG,"316,571,385.40",10.00,10
25/11/2021,ZMRE,"45,000,000.00",2.79,2.79
25/11/2021,AECI,"20,406,600.00",29.01,29.01
25/11/2021,BATA,"76,107,600.00",2.59,2.59
25/11/2021,CHIL,"200,039,904.00",13.85,13.85
26/11/2021,REIZ,"56,460,198.00",1.25,1.25
26/11/2021,ZMFA,"27,090,100.00",4.78,4.78
26/11/2021,ZNCO,"1,443,750,041.28",1.30,1.3
26/11/2021,ZCCM,"160,800,286.00",37.98,37.98
26/11/2021,ZFCO,"400,000,000.00",1.95,1.95
26/11/2021,BATZ,"212,456,304.00",1.40,1.4
26/11/2021,NATB,"63,000,000.00",9.20,9.2
26/11/2021,PUMA,"500,000,000.00",1.21,1.21
26/11/2021,SHOP,"2,700,000.00",64.00,64
26/11/2021,CCAF,"1,625,000,597.00",0.19,0.19
26/11/2021,PMDZ,"100,000,000.00",0.60,0.6
26/11/2021,ATEL,"104,000,000.00",18.00,18
26/11/2021,CECZ,"1,625,000,597.00",2.65,2.55
26/11/2021,ZABR,"546,000,000.00",7.00,7
26/11/2021,MAFS,"50,000,000.00",2.47,2.47
26/11/2021,ZMBF,"300,579,610.00",1.60,1.6
26/11/2021,SCBL,"1,666,980,000.00",0.88,0.88
26/11/2021,ZSUG,"316,571,385.40",10.00,10
26/11/2021,ZMRE,"45,000,000.00",2.79,2.79
26/11/2021,AECI,"20,406,600.00",29.01,29.01
26/11/2021,BATA,"76,107,600.00",2.59,2.59
26/11/2021,CHIL,"200,039,904.00",13.85,13.85
29/11/2021,REIZ,"56,460,198.00",1.25,1.25
29/11/2021,ZMFA,"27,090,100.00",4.78,4.78
29/11/2021,ZNCO,"1,443,750,041.28",1.30,1.3
29/11/2021,ZCCM,"160,800,286.00",37.98,37.98
29/11/2021,ZFCO,"400,000,000.00",1.95,1.95
29/11/2021,BATZ,"212,456,304.00",1.40,1.4
29/11/2021,NATB,"63,000,000.00",9.20,9.2
29/11/2021,PUMA,"500,000,000.00",1.21,1.21
29/11/2021,SHOP,"2,700,000.00",64.00,64
29/11/2021,CCAF,"1,625,000,597.00",0.19,0.2
29/11/2021,PMDZ,"100,000,000.00",0.60,0.6
29/11/2021,ATEL,"104,000,000.00",18.00,18
29/11/2021,CECZ,"1,625,000,597.00",2.63,2.65
29/11/2021,ZABR,"546,000,000.00",7.00,7
29/11/2021,MAFS,"50,000,000.00",2.47,2.47
29/11/2021,ZMBF,"300,579,610.00",1.60,1.6
29/11/2021,SCBL,"1,666,980,000.00",0.88,0.88
29/11/2021,ZSUG,"316,571,385.40",10.00,10
29/11/2021,ZMRE,"45,000,000.00",2.79,2.79
29/11/2021,AECI,"20,406,600.00",29.01,29.01
29/11/2021,BATA,"76,107,600.00",2.59,2.59
29/11/2021,CHIL,"200,039,904.00",13.85,13.85
30/11/2021,REIZ,"56,460,198.00",1.25,1.25
30/11/2021,ZMFA,"27,090,100.00",4.78,4.78
30/11/2021,ZNCO,"1,443,750,041.28",1.30,1.31
30/11/2021,ZCCM,"160,800,286.00",37.98,37.98
30/11/2021,ZFCO,"400,000,000.00",1.95,1.95
30/11/2021,BATZ,"212,456,304.00",1.40,1.4
30/11/2021,NATB,"63,000,000.00",9.20,9.2
30/11/2021,PUMA,"500,000,000.00",1.21,1.21
30/11/2021,SHOP,"2,700,000.00",64.00,64
30/11/2021,CCAF,"1,625,000,597.00",0.20,0.2
30/11/2021,PMDZ,"100,000,000.00",0.60,0.6
30/11/2021,ATEL,"104,000,000.00",18.00,18
30/11/2021,CECZ,"1,625,000,597.00",2.65,2.65
30/11/2021,ZABR,"546,000,000.00",7.00,7
30/11/2021,MAFS,"50,000,000.00",2.47,2.47
30/11/2021,ZMBF,"300,579,610.00",1.60,1.61
30/11/2021,SCBL,"1,666,980,000.00",0.88,0.88
30/11/2021,ZSUG,"316,571,385.40",10.00,10
30/11/2021,ZMRE,"45,000,000.00",2.79,2.79
30/11/2021,AECI,"20,406,600.00",29.01,29.01
30/11/2021,BATA,"76,107,600.00",2.59,2.59
30/11/2021,CHIL,"200,039,904.00",11.92,11.92
01/12/2021,REIZ,"56,460,198.00",1.25,1.25
01/12/2021,ZMFA,"27,090,100.00",4.78,4.78
01/12/2021,ZNCO,"1,443,750,041.28",1.31,1.31
01/12/2021,ZCCM,"160,800,286.00",37.98,37.98
01/12/2021,ZFCO,"400,000,000.00",1.95,1.95
01/12/2021,BATZ,"212,456,304.00",1.40,1.4
01/12/2021,NATB,"63,000,000.00",9.20,9.2
01/12/2021,PUMA,"500,000,000.00",1.21,1.21
01/12/2021,SHOP,"2,700,000.00",64.00,64
01/12/2021,CCAF,"1,625,000,597.00",0.20,0.2
01/12/2021,PMDZ,"100,000,000.00",0.60,0.6
01/12/2021,ATEL,"104,000,000.00",18.00,18
01/12/2021,CECZ,"1,625,000,597.00",2.65,2.65
01/12/2021,ZABR,"546,000,000.00",7.00,7
01/12/2021,MAFS,"50,000,000.00",2.47,2.47
01/12/2021,ZMBF,"300,579,610.00",1.61,1.61
01/12/2021,SCBL,"1,666,980,000.00",0.88,0.88
01/12/2021,ZSUG,"316,571,385.40",10.00,10
01/12/2021,ZMRE,"45,000,000.00",2.79,2.79
01/12/2021,AECI,"20,406,600.00",29.01,29.01
01/12/2021,BATA,"76,107,600.00",2.59,2.59
01/12/2021,CHIL,"200,039,904.00",11.92,11.92
02/12/2021,REIZ,"56,460,198.00",1.25,1.25
02/12/2021,ZMFA,"27,090,100.00",4.78,4.78
02/12/2021,ZNCO,"1,443,750,041.28",1.31,1.31
02/12/2021,ZCCM,"160,800,286.00",37.98,37.98
02/12/2021,ZFCO,"400,000,000.00",1.95,1.95
02/12/2021,BATZ,"212,456,304.00",1.40,1.4
02/12/2021,NATB,"63,000,000.00",9.20,9.2
02/12/2021,PUMA,"500,000,000.00",1.21,1.21
02/12/2021,SHOP,"2,700,000.00",64.00,64
02/12/2021,CCAF,"1,625,000,597.00",0.20,0.2
02/12/2021,PMDZ,"100,000,000.00",0.60,0.6
02/12/2021,ATEL,"104,000,000.00",18.00,18
02/12/2021,CECZ,"1,625,000,597.00",2.65,2.65
02/12/2021,ZABR,"546,000,000.00",7.00,7
02/12/2021,MAFS,"50,000,000.00",2.47,2.47
02/12/2021,ZMBF,"300,579,610.00",1.61,1.6
02/12/2021,SCBL,"1,666,980,000.00",0.88,0.88
02/12/2021,ZSUG,"316,571,385.40",10.00,10
02/12/2021,ZMRE,"45,000,000.00",2.79,2.79
02/12/2021,AECI,"20,406,600.00",29.01,29.01
02/12/2021,BATA,"76,107,600.00",2.59,2.59
02/12/2021,CHIL,"200,039,904.00",11.92,13.16
03/12/2021,REIZ,"56,460,198.00",1.25,1.25
03/12/2021,ZMFA,"27,090,100.00",4.78,4.78
03/12/2021,ZNCO,"1,443,750,041.28",1.31,1.31
03/12/2021,ZCCM,"160,800,286.00",37.98,37.98
03/12/2021,ZFCO,"400,000,000.00",1.95,1.95
03/12/2021,BATZ,"212,456,304.00",1.40,1.4
03/12/2021,NATB,"63,000,000.00",9.20,9.2
03/12/2021,PUMA,"500,000,000.00",1.21,1.21
03/12/2021,SHOP,"2,700,000.00",64.00,64
03/12/2021,CCAF,"1,625,000,597.00",0.20,0.2
03/12/2021,PMDZ,"100,000,000.00",0.60,0.6
03/12/2021,ATEL,"104,000,000.00",18.00,18
03/12/2021,CECZ,"1,625,000,597.00",2.65,2.65
03/12/2021,ZABR,"546,000,000.00",7.00,7
03/12/2021,MAFS,"50,000,000.00",2.47,2.47
03/12/2021,ZMBF,"300,579,610.00",1.60,1.61
03/12/2021,SCBL,"1,666,980,000.00",0.88,0.88
03/12/2021,ZSUG,"316,571,385.40",10.00,10
03/12/2021,ZMRE,"45,000,000.00",2.79,2.79
03/12/2021,AECI,"20,406,600.00",29.01,29.01
03/12/2021,BATA,"76,107,600.00",2.59,2.59
03/12/2021,CHIL,"200,039,904.00",13.07,13.07
06/12/2021,REIZ,"56,460,198.00",1.25,1.25
06/12/2021,ZMFA,"27,090,100.00",4.78,4.78
06/12/2021,ZNCO,"1,443,750,041.28",1.31,1.31
06/12/2021,ZCCM,"160,800,286.00",37.98,37.98
06/12/2021,ZFCO,"400,000,000.00",1.95,1.95
06/12/2021,BATZ,"212,456,304.00",1.40,1.4
06/12/2021,NATB,"63,000,000.00",9.20,9.2
06/12/2021,PUMA,"500,000,000.00",1.21,1.21
06/12/2021,SHOP,"2,700,000.00",64.00,64
06/12/2021,CCAF,"1,625,000,597.00",0.20,0.2
06/12/2021,PMDZ,"100,000,000.00",0.60,0.6
06/12/2021,ATEL,"104,000,000.00",18.00,18
06/12/2021,CECZ,"1,625,000,597.00",2.65,2.65
06/12/2021,ZABR,"546,000,000.00",7.00,7
06/12/2021,MAFS,"50,000,000.00",2.47,2.47
06/12/2021,ZMBF,"300,579,610.00",1.61,1.61
06/12/2021,SCBL,"1,666,980,000.00",0.88,0.88
06/12/2021,ZSUG,"316,571,385.40",10.00,10
06/12/2021,ZMRE,"45,000,000.00",2.79,2.79
06/12/2021,AECI,"20,406,600.00",29.01,29.01
06/12/2021,BATA,"76,107,600.00",2.59,2.59
06/12/2021,CHIL,"200,039,904.00",13.07,13.85
07/12/2021,REIZ,"56,460,198.00",1.25,1.25
07/12/2021,ZMFA,"27,090,100.00",4.78,4.78
07/12/2021,ZNCO,"1,443,750,041.28",1.31,1.31
07/12/2021,ZCCM,"160,800,286.00",37.98,37.98
07/12/2021,ZFCO,"400,000,000.00",1.95,1.95
07/12/2021,BATZ,"212,456,304.00",1.40,1.4
07/12/2021,NATB,"63,000,000.00",9.20,9.2
07/12/2021,PUMA,"500,000,000.00",1.21,1.21
07/12/2021,SHOP,"2,700,000.00",64.00,64
07/12/2021,CCAF,"1,625,000,597.00",0.20,0.19
07/12/2021,PMDZ,"100,000,000.00",0.60,0.6
07/12/2021,ATEL,"104,000,000.00",18.00,18
07/12/2021,CECZ,"1,625,000,597.00",2.63,2.65
07/12/2021,ZABR,"546,000,000.00",7.00,7
07/12/2021,MAFS,"50,000,000.00",2.47,2.47
07/12/2021,ZMBF,"300,579,610.00",1.61,1.61
07/12/2021,SCBL,"1,666,980,000.00",0.88,0.88
07/12/2021,ZSUG,"316,571,385.40",10.00,10
07/12/2021,ZMRE,"45,000,000.00",2.79,2.79
07/12/2021,AECI,"20,406,600.00",29.01,29.01
07/12/2021,BATA,"76,107,600.00",2.59,2.59
07/12/2021,CHIL,"200,039,904.00",13.85,13.85
08/12/2021,REIZ,"56,460,198.00",1.25,1.25
08/12/2021,ZMFA,"27,090,100.00",4.78,4.78
08/12/2021,ZNCO,"1,443,750,041.28",1.31,1.31
08/12/2021,ZCCM,"160,800,286.00",37.98,37.98
08/12/2021,ZFCO,"400,000,000.00",1.95,1.95
08/12/2021,BATZ,"212,456,304.00",1.40,1.4
08/12/2021,NATB,"63,000,000.00",9.20,9.2
08/12/2021,PUMA,"500,000,000.00",1.21,1.21
08/12/2021,SHOP,"2,700,000.00",64.00,64
08/12/2021,CCAF,"1,625,000,597.00",0.19,0.19
08/12/2021,PMDZ,"100,000,000.00",0.60,0.6
08/12/2021,ATEL,"104,000,000.00",18.00,18
08/12/2021,CECZ,"1,625,000,597.00",2.65,2.65
08/12/2021,ZABR,"546,000,000.00",7.00,7
08/12/2021,MAFS,"50,000,000.00",2.47,2.47
08/12/2021,ZMBF,"300,579,610.00",1.61,1.61
08/12/2021,SCBL,"1,666,980,000.00",0.88,0.88
08/12/2021,ZSUG,"316,571,385.40",10.00,10
08/12/2021,ZMRE,"45,000,000.00",2.79,2.79
08/12/2021,AECI,"20,406,600.00",29.01,29.01
08/12/2021,BATA,"76,107,600.00",2.59,2.59
08/12/2021,CHIL,"200,039,904.00",13.85,13.85
09/12/2021,REIZ,"56,460,198.00",1.25,1.25
09/12/2021,ZMFA,"27,090,100.00",4.78,4.78
09/12/2021,ZNCO,"1,443,750,041.28",1.31,1.31
09/12/2021,ZCCM,"160,800,286.00",37.98,37.98
09/12/2021,ZFCO,"400,000,000.00",1.95,1.95
09/12/2021,BATZ,"212,456,304.00",1.40,1.4
09/12/2021,NATB,"63,000,000.00",9.20,9.2
09/12/2021,PUMA,"500,000,000.00",1.21,1.21
09/12/2021,SHOP,"2,700,000.00",64.00,64
09/12/2021,CCAF,"1,625,000,597.00",0.19,0.19
09/12/2021,PMDZ,"100,000,000.00",0.60,0.6
09/12/2021,ATEL,"104,000,000.00",18.00,18
09/12/2021,CECZ,"1,625,000,597.00",2.65,2.65
09/12/2021,ZABR,"546,000,000.00",7.00,7
09/12/2021,MAFS,"50,000,000.00",2.47,2.47
09/12/2021,ZMBF,"300,579,610.00",1.61,1.61
09/12/2021,SCBL,"1,666,980,000.00",0.88,0.88
09/12/2021,ZSUG,"316,571,385.40",10.00,12
09/12/2021,ZMRE,"45,000,000.00",2.79,2.79
09/12/2021,AECI,"20,406,600.00",29.01,29.01
09/12/2021,BATA,"76,107,600.00",2.59,2.59
09/12/2021,CHIL,"200,039,904.00",13.85,13.85
10/12/2021,REIZ,"56,460,198.00",1.25,1.25
10/12/2021,ZMFA,"27,090,100.00",4.78,4.78
10/12/2021,ZNCO,"1,443,750,041.28",1.31,1.31
10/12/2021,ZCCM,"160,800,286.00",37.98,37.98
10/12/2021,ZFCO,"400,000,000.00",1.95,1.95
10/12/2021,BATZ,"212,456,304.00",1.40,1.4
10/12/2021,NATB,"63,000,000.00",9.20,9.2
10/12/2021,PUMA,"500,000,000.00",1.21,1.21
10/12/2021,SHOP,"2,700,000.00",64.00,64
10/12/2021,CCAF,"1,625,000,597.00",0.19,0.19
10/12/2021,PMDZ,"100,000,000.00",0.60,0.6
10/12/2021,ATEL,"104,000,000.00",18.00,18
10/12/2021,CECZ,"1,625,000,597.00",2.65,2.65
10/12/2021,ZABR,"546,000,000.00",7.00,7
10/12/2021,MAFS,"50,000,000.00",2.47,2.47
10/12/2021,ZMBF,"300,579,610.00",1.61,1.61
10/12/2021,SCBL,"1,666,980,000.00",0.88,0.88
10/12/2021,ZSUG,"316,571,385.40",12.00,12
10/12/2021,ZMRE,"45,000,000.00",2.79,2.79
10/12/2021,AECI,"20,406,600.00",29.01,29.01
10/12/2021,BATA,"76,107,600.00",2.59,2.59
10/12/2021,CHIL,"200,039,904.00",13.85,13.85
13/12/2021,REIZ,"56,460,198.00",1.25,1.25
13/12/2021,ZMFA,"27,090,100.00",4.78,4.78
13/12/2021,ZNCO,"1,443,750,041.28",1.31,1.31
13/12/2021,ZCCM,"160,800,286.00",37.98,37.98
13/12/2021,ZFCO,"400,000,000.00",1.95,1.95
13/12/2021,BATZ,"212,456,304.00",1.40,1.4
13/12/2021,NATB,"63,000,000.00",9.20,9.2
13/12/2021,PUMA,"500,000,000.00",1.21,1.21
13/12/2021,SHOP,"2,700,000.00",64.00,64
13/12/2021,CCAF,"1,625,000,597.00",0.19,0.19
13/12/2021,PMDZ,"100,000,000.00",0.60,0.6
13/12/2021,ATEL,"104,000,000.00",18.00,18
13/12/2021,CECZ,"1,625,000,597.00",2.65,2.65
13/12/2021,ZABR,"546,000,000.00",7.00,7
13/12/2021,MAFS,"50,000,000.00",2.47,2.47
13/12/2021,ZMBF,"300,579,610.00",1.61,1.61
13/12/2021,SCBL,"1,666,980,000.00",0.88,0.88
13/12/2021,ZSUG,"316,571,385.40",12.00,12
13/12/2021,ZMRE,"45,000,000.00",2.79,2.79
13/12/2021,AECI,"20,406,600.00",29.01,29.01
13/12/2021,BATA,"76,107,600.00",2.59,2.59
13/12/2021,CHIL,"200,039,904.00",13.85,13.85
14/12/2021,REIZ,"56,460,198.00",1.25,1.25
14/12/2021,ZMFA,"27,090,100.00",4.78,4.78
14/12/2021,ZNCO,"1,443,750,041.28",1.31,1.5
14/12/2021,ZCCM,"160,800,286.00",37.98,37.98
14/12/2021,ZFCO,"400,000,000.00",1.95,1.95
14/12/2021,BATZ,"212,456,304.00",1.40,1.45
14/12/2021,NATB,"63,000,000.00",9.20,9.2
14/12/2021,PUMA,"500,000,000.00",1.21,1.21
14/12/2021,SHOP,"2,700,000.00",64.00,64
14/12/2021,CCAF,"1,625,000,597.00",0.19,0.19
14/12/2021,PMDZ,"100,000,000.00",0.60,0.6
14/12/2021,ATEL,"104,000,000.00",18.00,18
14/12/2021,CECZ,"1,625,000,597.00",2.65,2.65
14/12/2021,ZABR,"546,000,000.00",7.00,6.75
14/12/2021,MAFS,"50,000,000.00",2.47,2.47
14/12/2021,ZMBF,"300,579,610.00",1.61,1.61
14/12/2021,SCBL,"1,666,980,000.00",0.88,0.88
14/12/2021,ZSUG,"316,571,385.40",12.00,12
14/12/2021,ZMRE,"45,000,000.00",2.79,2.79
14/12/2021,AECI,"20,406,600.00",29.01,29.01
14/12/2021,BATA,"76,107,600.00",2.59,2.59
14/12/2021,CHIL,"200,039,904.00",13.85,13.85
15/12/2021,REIZ,"56,460,198.00",1.25,1.25
15/12/2021,ZMFA,"27,090,100.00",4.78,4.78
15/12/2021,ZNCO,"1,443,750,041.28",1.50,1.5
15/12/2021,ZCCM,"160,800,286.00",37.98,37.98
15/12/2021,ZFCO,"400,000,000.00",1.95,1.95
15/12/2021,BATZ,"212,456,304.00",1.45,1.45
15/12/2021,NATB,"63,000,000.00",9.20,9.2
15/12/2021,PUMA,"500,000,000.00",1.21,1.21
15/12/2021,SHOP,"2,700,000.00",64.00,64
15/12/2021,CCAF,"1,625,000,597.00",0.19,0.19
15/12/2021,PMDZ,"100,000,000.00",0.60,0.6
15/12/2021,ATEL,"104,000,000.00",18.00,18
15/12/2021,CECZ,"1,625,000,597.00",2.65,2.65
15/12/2021,ZABR,"546,000,000.00",6.75,6.75
15/12/2021,MAFS,"50,000,000.00",2.47,2.47
15/12/2021,ZMBF,"300,579,610.00",1.61,1.61
15/12/2021,SCBL,"1,666,980,000.00",0.88,0.88
15/12/2021,ZSUG,"316,571,385.40",12.00,12
15/12/2021,ZMRE,"45,000,000.00",2.79,2.79
15/12/2021,AECI,"20,406,600.00",29.01,29.01
15/12/2021,BATA,"76,107,600.00",2.59,2.59
15/12/2021,CHIL,"200,039,904.00",13.85,13.85
16/12/2021,REIZ,"56,460,198.00",1.25,1.25
16/12/2021,ZMFA,"27,090,100.00",4.78,4.78
16/12/2021,ZNCO,"1,443,750,041.28",1.57,1.5
16/12/2021,ZCCM,"160,800,286.00",37.98,37.98
16/12/2021,ZFCO,"400,000,000.00",1.95,1.95
16/12/2021,BATZ,"212,456,304.00",1.45,1.45
16/12/2021,NATB,"63,000,000.00",9.20,9.2
16/12/2021,PUMA,"500,000,000.00",1.21,1.21
16/12/2021,SHOP,"2,700,000.00",64.00,64
16/12/2021,CCAF,"1,625,000,597.00",0.19,0.19
16/12/2021,PMDZ,"100,000,000.00",0.60,0.6
16/12/2021,ATEL,"104,000,000.00",18.00,18
16/12/2021,CECZ,"1,625,000,597.00",2.65,2.65
16/12/2021,ZABR,"546,000,000.00",6.75,7
16/12/2021,MAFS,"50,000,000.00",2.47,2.47
16/12/2021,ZMBF,"300,579,610.00",1.61,1.61
16/12/2021,SCBL,"1,666,980,000.00",0.88,1.1
16/12/2021,ZSUG,"316,571,385.40",12.00,13.2
16/12/2021,ZMRE,"45,000,000.00",2.79,2.79
16/12/2021,AECI,"20,406,600.00",29.38,29.38
16/12/2021,BATA,"76,107,600.00",2.59,2.59
16/12/2021,CHIL,"200,039,904.00",13.85,13.85
17/12/2021,REIZ,"56,460,198.00",1.25,1.25
17/12/2021,ZMFA,"27,090,100.00",4.78,4.78
17/12/2021,ZNCO,"1,443,750,041.28",1.50,1.5
17/12/2021,ZCCM,"160,800,286.00",37.98,37.98
17/12/2021,ZFCO,"400,000,000.00",1.95,1.95
17/12/2021,BATZ,"212,456,304.00",1.45,1.45
17/12/2021,NATB,"63,000,000.00",9.20,9.2
17/12/2021,PUMA,"500,000,000.00",1.21,1.21
17/12/2021,SHOP,"2,700,000.00",64.00,64
17/12/2021,CCAF,"1,625,000,597.00",0.19,0.19
17/12/2021,PMDZ,"100,000,000.00",0.60,0.6
17/12/2021,ATEL,"104,000,000.00",18.00,18
17/12/2021,CECZ,"1,625,000,597.00",2.65,2.65
17/12/2021,ZABR,"546,000,000.00",7.00,6.75
17/12/2021,MAFS,"50,000,000.00",2.47,2.47
17/12/2021,ZMBF,"300,579,610.00",1.61,1.61
17/12/2021,SCBL,"1,666,980,000.00",1.10,1.1
17/12/2021,ZSUG,"316,571,385.40",13.20,13.2
17/12/2021,ZMRE,"45,000,000.00",2.79,2.79
17/12/2021,AECI,"20,406,600.00",29.38,29.38
17/12/2021,BATA,"76,107,600.00",2.59,2.59
17/12/2021,CHIL,"200,039,904.00",13.85,13.85
20/12/2021,REIZ,"56,460,198.00",1.25,1.25
20/12/2021,ZMFA,"27,090,100.00",4.78,4.78
20/12/2021,ZNCO,"1,443,750,041.28",1.50,1.5
20/12/2021,ZCCM,"160,800,286.00",37.98,37.98
20/12/2021,ZFCO,"400,000,000.00",1.95,1.95
20/12/2021,BATZ,"212,456,304.00",1.45,1.45
20/12/2021,NATB,"63,000,000.00",9.20,9.2
20/12/2021,PUMA,"500,000,000.00",1.21,1.21
20/12/2021,SHOP,"2,700,000.00",64.00,64
20/12/2021,CCAF,"1,625,000,597.00",0.19,0.19
20/12/2021,PMDZ,"100,000,000.00",0.60,0.6
20/12/2021,ATEL,"104,000,000.00",18.00,18
20/12/2021,CECZ,"1,625,000,597.00",2.65,2.65
20/12/2021,ZABR,"546,000,000.00",6.75,6.75
20/12/2021,MAFS,"50,000,000.00",2.47,2.47
20/12/2021,ZMBF,"300,579,610.00",1.61,1.61
20/12/2021,SCBL,"1,666,980,000.00",1.10,1.1
20/12/2021,ZSUG,"316,571,385.40",13.20,13.2
20/12/2021,ZMRE,"45,000,000.00",2.79,2.79
20/12/2021,AECI,"20,406,600.00",29.38,29.38
20/12/2021,BATA,"76,107,600.00",2.59,2.59
20/12/2021,CHIL,"200,039,904.00",13.85,13.85
21/12/2021,REIZ,"56,460,198.00",1.25,1.25
21/12/2021,ZMFA,"27,090,100.00",4.78,4.78
21/12/2021,ZNCO,"1,443,750,041.28",1.50,1.5
21/12/2021,ZCCM,"160,800,286.00",37.98,37.98
21/12/2021,ZFCO,"400,000,000.00",1.95,1.95
21/12/2021,BATZ,"212,456,304.00",1.45,1.45
21/12/2021,NATB,"63,000,000.00",9.20,9.2
21/12/2021,PUMA,"500,000,000.00",1.21,1.21
21/12/2021,SHOP,"2,700,000.00",64.00,64
21/12/2021,CCAF,"1,625,000,597.00",0.19,0.19
21/12/2021,PMDZ,"100,000,000.00",0.60,0.6
21/12/2021,ATEL,"104,000,000.00",18.00,18
21/12/2021,CECZ,"1,625,000,597.00",2.65,2.65
21/12/2021,ZABR,"546,000,000.00",6.75,6.75
21/12/2021,MAFS,"50,000,000.00",2.47,2.47
21/12/2021,ZMBF,"300,579,610.00",1.61,1.61
21/12/2021,SCBL,"1,666,980,000.00",1.10,1.1
21/12/2021,ZSUG,"316,571,385.40",13.20,13.2
21/12/2021,ZMRE,"45,000,000.00",2.79,2.79
21/12/2021,AECI,"20,406,600.00",29.38,29.38
21/12/2021,BATA,"76,107,600.00",2.59,2.59
21/12/2021,CHIL,"200,039,904.00",13.85,13.85
22/12/2021,REIZ,"56,460,198.00",1.25,1.25
22/12/2021,ZMFA,"27,090,100.00",4.78,4.78
22/12/2021,ZNCO,"1,443,750,041.28",1.50,1.5
22/12/2021,ZCCM,"160,800,286.00",37.98,37.98
22/12/2021,ZFCO,"400,000,000.00",1.95,1.95
22/12/2021,BATZ,"212,456,304.00",1.45,1.45
22/12/2021,NATB,"63,000,000.00",9.20,9.2
22/12/2021,PUMA,"500,000,000.00",1.21,1.21
22/12/2021,SHOP,"2,700,000.00",64.00,64
22/12/2021,CCAF,"1,625,000,597.00",0.19,0.19
22/12/2021,PMDZ,"100,000,000.00",0.60,0.6
22/12/2021,ATEL,"104,000,000.00",18.00,18
22/12/2021,CECZ,"1,625,000,597.00",2.65,2.65
22/12/2021,ZABR,"546,000,000.00",6.75,6.75
22/12/2021,MAFS,"50,000,000.00",2.47,2.47
22/12/2021,ZMBF,"300,579,610.00",1.61,1.61
22/12/2021,SCBL,"1,666,980,000.00",1.10,1.1
22/12/2021,ZSUG,"316,571,385.40",13.20,13.2
22/12/2021,ZMRE,"45,000,000.00",2.79,2.79
22/12/2021,AECI,"20,406,600.00",29.38,29.38
22/12/2021,BATA,"76,107,600.00",2.59,2.59
22/12/2021,CHIL,"200,039,904.00",13.85,13.85
23/12/2021,REIZ,"56,460,198.00",1.25,1.25
23/12/2021,ZMFA,"27,090,100.00",4.78,4.78
23/12/2021,ZNCO,"1,443,750,041.28",1.50,1.5
23/12/2021,ZCCM,"160,800,286.00",37.98,37.98
23/12/2021,ZFCO,"400,000,000.00",1.95,1.95
23/12/2021,BATZ,"212,456,304.00",1.45,1.45
23/12/2021,NATB,"63,000,000.00",9.20,9.2
23/12/2021,PUMA,"500,000,000.00",1.21,1.21
23/12/2021,SHOP,"2,700,000.00",64.00,64
23/12/2021,CCAF,"1,625,000,597.00",0.19,0.19
23/12/2021,PMDZ,"100,000,000.00",0.60,0.6
23/12/2021,ATEL,"104,000,000.00",18.00,18
23/12/2021,CECZ,"1,625,000,597.00",2.65,2.65
23/12/2021,ZABR,"546,000,000.00",6.75,6.75
23/12/2021,MAFS,"50,000,000.00",2.47,2.47
23/12/2021,ZMBF,"300,579,610.00",1.61,1.61
23/12/2021,SCBL,"1,666,980,000.00",1.10,1.1
23/12/2021,ZSUG,"316,571,385.40",13.20,13.2
23/12/2021,ZMRE,"45,000,000.00",2.79,2.79
23/12/2021,AECI,"20,406,600.00",29.38,29.38
23/12/2021,BATA,"76,107,600.00",2.59,2.59
23/12/2021,CHIL,"200,039,904.00",13.85,13.85
24/12/2021,REIZ,"56,460,198.00",1.25,1.25
24/12/2021,ZMFA,"27,090,100.00",4.78,4.78
24/12/2021,ZNCO,"1,443,750,041.28",1.50,1.65
24/12/2021,ZCCM,"160,800,286.00",37.98,37.98
24/12/2021,ZFCO,"400,000,000.00",1.95,1.95
24/12/2021,BATZ,"212,456,304.00",1.45,1.45
24/12/2021,NATB,"63,000,000.00",9.20,9.2
24/12/2021,PUMA,"500,000,000.00",1.21,1.21
24/12/2021,SHOP,"2,700,000.00",64.00,64
24/12/2021,CCAF,"1,625,000,597.00",0.19,0.19
24/12/2021,PMDZ,"100,000,000.00",0.60,0.6
24/12/2021,ATEL,"104,000,000.00",18.00,18
24/12/2021,CECZ,"1,625,000,597.00",2.63,2.65
24/12/2021,ZABR,"546,000,000.00",6.75,6.75
24/12/2021,MAFS,"50,000,000.00",2.47,2.47
24/12/2021,ZMBF,"300,579,610.00",1.61,1.61
24/12/2021,SCBL,"1,666,980,000.00",1.10,1.1
24/12/2021,ZSUG,"316,571,385.40",13.20,13.2
24/12/2021,ZMRE,"45,000,000.00",2.79,2.79
24/12/2021,AECI,"20,406,600.00",29.38,29.38
24/12/2021,BATA,"76,107,600.00",2.59,2.59
24/12/2021,CHIL,"200,039,904.00",13.85,13.85
27/12/2021,REIZ,"56,460,198.00",1.25,1.25
27/12/2021,ZMFA,"27,090,100.00",4.78,4.78
27/12/2021,ZNCO,"1,443,750,041.28",1.65,1.65
27/12/2021,ZCCM,"160,800,286.00",37.98,37.98
27/12/2021,ZFCO,"400,000,000.00",1.95,1.95
27/12/2021,BATZ,"212,456,304.00",1.45,1.45
27/12/2021,NATB,"63,000,000.00",9.20,9.2
27/12/2021,PUMA,"500,000,000.00",1.21,1.21
27/12/2021,SHOP,"2,700,000.00",64.00,64
27/12/2021,CCAF,"1,625,000,597.00",0.19,0.19
27/12/2021,PMDZ,"100,000,000.00",0.60,0.6
27/12/2021,ATEL,"104,000,000.00",18.00,18
27/12/2021,CECZ,"1,625,000,597.00",2.65,2.65
27/12/2021,ZABR,"546,000,000.00",6.75,6.75
27/12/2021,MAFS,"50,000,000.00",2.47,2.47
27/12/2021,ZMBF,"300,579,610.00",1.61,1.61
27/12/2021,SCBL,"1,666,980,000.00",1.10,1.1
27/12/2021,ZSUG,"316,571,385.40",13.20,13.2
27/12/2021,ZMRE,"45,000,000.00",2.79,2.79
27/12/2021,AECI,"20,406,600.00",29.38,29.38
27/12/2021,BATA,"76,107,600.00",2.59,2.59
27/12/2021,CHIL,"200,039,904.00",13.85,13.85
28/12/2021,REIZ,"56,460,198.00",1.25,1.25
28/12/2021,ZMFA,"27,090,100.00",4.78,4.78
28/12/2021,ZNCO,"1,443,750,041.28",1.65,1.65
28/12/2021,ZCCM,"160,800,286.00",37.98,37.98
28/12/2021,ZFCO,"400,000,000.00",1.95,1.95
28/12/2021,BATZ,"212,456,304.00",1.45,1.45
28/12/2021,NATB,"63,000,000.00",9.20,9.2
28/12/2021,PUMA,"500,000,000.00",1.21,1.21
28/12/2021,SHOP,"2,700,000.00",64.00,64
28/12/2021,CCAF,"1,625,000,597.00",0.19,0.19
28/12/2021,PMDZ,"100,000,000.00",0.60,0.6
28/12/2021,ATEL,"104,000,000.00",18.00,18
28/12/2021,CECZ,"1,625,000,597.00",2.65,2.65
28/12/2021,ZABR,"546,000,000.00",6.75,6.75
28/12/2021,MAFS,"50,000,000.00",2.47,2.47
28/12/2021,ZMBF,"300,579,610.00",1.61,1.61
28/12/2021,SCBL,"1,666,980,000.00",1.10,1.2
28/12/2021,ZSUG,"316,571,385.40",13.20,13.2
28/12/2021,ZMRE,"45,000,000.00",2.79,2.79
28/12/2021,AECI,"20,406,600.00",29.38,29.38
28/12/2021,BATA,"76,107,600.00",2.59,2.59
28/12/2021,CHIL,"200,039,904.00",13.85,13.85
29/12/2021,REIZ,"56,460,198.00",1.25,1.25
29/12/2021,ZMFA,"27,090,100.00",4.78,4.78
29/12/2021,ZNCO,"1,443,750,041.28",1.65,1.9
29/12/2021,ZCCM,"160,800,286.00",37.98,37.98
29/12/2021,ZFCO,"400,000,000.00",1.95,1.95
29/12/2021,BATZ,"212,456,304.00",1.45,1.45
29/12/2021,NATB,"63,000,000.00",9.20,9.2
29/12/2021,PUMA,"500,000,000.00",1.21,1.21
29/12/2021,SHOP,"2,700,000.00",64.00,64
29/12/2021,CCAF,"1,625,000,597.00",0.19,0.19
29/12/2021,PMDZ,"100,000,000.00",0.60,0.6
29/12/2021,ATEL,"104,000,000.00",18.00,18
29/12/2021,CECZ,"1,625,000,597.00",2.65,2.65
29/12/2021,ZABR,"546,000,000.00",6.75,6.75
29/12/2021,MAFS,"50,000,000.00",2.47,2.47
29/12/2021,ZMBF,"300,579,610.00",1.61,1.61
29/12/2021,SCBL,"1,666,980,000.00",1.20,1.2
29/12/2021,ZSUG,"316,571,385.40",13.20,13.2
29/12/2021,ZMRE,"45,000,000.00",2.79,2.79
29/12/2021,AECI,"20,406,600.00",29.38,29.38
29/12/2021,BATA,"76,107,600.00",2.59,2.59
29/12/2021,CHIL,"200,039,904.00",13.85,13.85
30/12/2021,REIZ,"56,460,198.00",1.25,1.25
30/12/2021,ZMFA,"27,090,100.00",4.78,4.78
30/12/2021,ZNCO,"1,443,750,041.28",1.90,1.9
30/12/2021,ZCCM,"160,800,286.00",37.98,37.98
30/12/2021,ZFCO,"400,000,000.00",1.95,1.95
30/12/2021,BATZ,"212,456,304.00",1.45,1.45
30/12/2021,NATB,"63,000,000.00",9.20,9.2
30/12/2021,PUMA,"500,000,000.00",1.21,1.21
30/12/2021,SHOP,"2,700,000.00",64.00,64
30/12/2021,CCAF,"1,625,000,597.00",0.19,0.19
30/12/2021,PMDZ,"100,000,000.00",0.60,0.6
30/12/2021,ATEL,"104,000,000.00",18.00,18
30/12/2021,CECZ,"1,625,000,597.00",2.65,2.65
30/12/2021,ZABR,"546,000,000.00",6.75,6.75
30/12/2021,MAFS,"50,000,000.00",2.47,2.47
30/12/2021,ZMBF,"300,579,610.00",1.61,1.61
30/12/2021,SCBL,"1,666,980,000.00",1.20,1.2
30/12/2021,ZSUG,"316,571,385.40",13.20,13.2
30/12/2021,ZMRE,"45,000,000.00",2.79,2.79
30/12/2021,AECI,"20,406,600.00",29.38,29.38
30/12/2021,BATA,"76,107,600.00",2.59,2.59
30/12/2021,CHIL,"200,039,904.00",13.62,13.62
31/12/2021,REIZ,"56,460,198.00",1.25,1.25
31/12/2021,ZMFA,"27,090,100.00",4.78,4.78
31/12/2021,ZNCO,"1,443,750,041.28",1.90,1.9
31/12/2021,ZCCM,"160,800,286.00",37.98,37.98
31/12/2021,ZFCO,"400,000,000.00",1.95,1.95
31/12/2021,BATZ,"212,456,304.00",1.45,1.45
31/12/2021,NATB,"63,000,000.00",9.20,9.2
31/12/2021,PUMA,"500,000,000.00",1.21,1.21
31/12/2021,SHOP,"2,700,000.00",64.00,64
31/12/2021,CCAF,"1,625,000,597.00",0.19,0.19
31/12/2021,PMDZ,"100,000,000.00",0.60,0.6
31/12/2021,ATEL,"104,000,000.00",18.00,18
31/12/2021,CECZ,"1,625,000,597.00",2.65,2.65
31/12/2021,ZABR,"546,000,000.00",6.75,6.75
31/12/2021,MAFS,"50,000,000.00",2.47,2.47
31/12/2021,ZMBF,"300,579,610.00",1.61,1.61
31/12/2021,SCBL,"1,666,980,000.00",1.20,1.2
31/12/2021,ZSUG,"316,571,385.40",13.20,14.5
31/12/2021,ZMRE,"45,000,000.00",2.79,2.79
31/12/2021,AECI,"20,406,600.00",29.38,29.38
31/12/2021,BATA,"76,107,600.00",2.59,2.59
31/12/2021,CHIL,"200,039,904.00",13.62,13.85
03/01/2022,REIZ,"56,460,198.00",1.25,1.25
03/01/2022,ZMFA,"27,090,100.00",4.78,4.78
03/01/2022,ZNCO,"1,443,750,041.28",1.90,1.9
03/01/2022,ZCCM,"160,800,286.00",37.98,37.98
03/01/2022,ZFCO,"400,000,000.00",1.95,1.95
03/01/2022,BATZ,"212,456,304.00",1.45,1.45
03/01/2022,NATB,"63,000,000.00",9.20,9.2
03/01/2022,PUMA,"500,000,000.00",1.21,1.21
03/01/2022,SHOP,"2,700,000.00",64.00,64
03/01/2022,CCAF,"1,625,000,597.00",0.19,0.19
03/01/2022,PMDZ,"100,000,000.00",0.60,0.6
03/01/2022,ATEL,"104,000,000.00",18.00,18
03/01/2022,CECZ,"1,625,000,597.00",2.65,2.65
03/01/2022,ZABR,"546,000,000.00",6.75,6.75
03/01/2022,MAFS,"50,000,000.00",2.47,2.47
03/01/2022,ZMBF,"300,579,610.00",1.61,1.61
03/01/2022,SCBL,"1,666,980,000.00",1.20,1.2
03/01/2022,ZSUG,"316,571,385.40",14.50,14.5
03/01/2022,ZMRE,"45,000,000.00",2.79,2.79
03/01/2022,AECI,"20,406,600.00",29.38,29.38
03/01/2022,BATA,"76,107,600.00",2.59,2.59
03/01/2022,CHIL,"200,039,904.00",13.85,13.85
04/01/2022,REIZ,"56,460,198.00",1.25,1.25
04/01/2022,ZMFA,"27,090,100.00",4.78,4.78
04/01/2022,ZNCO,"1,443,750,041.28",1.90,1.91
04/01/2022,ZCCM,"160,800,286.00",37.98,37.98
04/01/2022,ZFCO,"400,000,000.00",1.95,1.95
04/01/2022,BATZ,"212,456,304.00",1.45,1.45
04/01/2022,NATB,"63,000,000.00",9.20,9.2
04/01/2022,PUMA,"500,000,000.00",1.21,1.21
04/01/2022,SHOP,"2,700,000.00",64.00,64
04/01/2022,CCAF,"1,625,000,597.00",0.19,0.19
04/01/2022,PMDZ,"100,000,000.00",0.60,0.6
04/01/2022,ATEL,"104,000,000.00",18.00,18
04/01/2022,CECZ,"1,625,000,597.00",2.65,2.65
04/01/2022,ZABR,"546,000,000.00",6.75,6.75
04/01/2022,MAFS,"50,000,000.00",2.47,2.47
04/01/2022,ZMBF,"300,579,610.00",1.61,1.61
04/01/2022,SCBL,"1,666,980,000.00",1.20,1.2
04/01/2022,ZSUG,"316,571,385.40",14.50,14.5
04/01/2022,ZMRE,"45,000,000.00",2.79,2.79
04/01/2022,AECI,"20,406,600.00",29.38,29.38
04/01/2022,BATA,"76,107,600.00",2.59,2.59
04/01/2022,CHIL,"200,039,904.00",13.85,13.85
05/01/2022,REIZ,"56,460,198.00",1.25,1.25
05/01/2022,ZMFA,"27,090,100.00",4.78,4.78
05/01/2022,ZNCO,"1,443,750,041.28",1.91,1.91
05/01/2022,ZCCM,"160,800,286.00",37.98,37.98
05/01/2022,ZFCO,"400,000,000.00",1.95,1.95
05/01/2022,BATZ,"212,456,304.00",1.45,1.45
05/01/2022,NATB,"63,000,000.00",9.20,9.2
05/01/2022,PUMA,"500,000,000.00",1.21,1.21
05/01/2022,SHOP,"2,700,000.00",64.00,64
05/01/2022,CCAF,"1,625,000,597.00",0.19,0.19
05/01/2022,PMDZ,"100,000,000.00",0.60,0.6
05/01/2022,ATEL,"104,000,000.00",18.00,18
05/01/2022,CECZ,"1,625,000,597.00",2.65,2.65
05/01/2022,ZABR,"546,000,000.00",6.75,6.75
05/01/2022,MAFS,"50,000,000.00",2.47,2.47
05/01/2022,ZMBF,"300,579,610.00",1.61,1.61
05/01/2022,SCBL,"1,666,980,000.00",1.20,1.2
05/01/2022,ZSUG,"316,571,385.40",14.50,14.5
05/01/2022,ZMRE,"45,000,000.00",2.79,2.79
05/01/2022,AECI,"20,406,600.00",29.38,29.38
05/01/2022,BATA,"76,107,600.00",2.59,2.59
05/01/2022,CHIL,"200,039,904.00",13.85,13.85
06/01/2022,REIZ,"56,460,198.00",1.25,1.25
06/01/2022,ZMFA,"27,090,100.00",4.78,4.78
06/01/2022,ZNCO,"1,443,750,041.28",1.91,2.38
06/01/2022,ZCCM,"160,800,286.00",37.98,37.98
06/01/2022,ZFCO,"400,000,000.00",1.95,1.95
06/01/2022,BATZ,"212,456,304.00",1.45,1.45
06/01/2022,NATB,"63,000,000.00",9.20,9.2
06/01/2022,PUMA,"500,000,000.00",1.21,1.21
06/01/2022,SHOP,"2,700,000.00",64.00,64
06/01/2022,CCAF,"1,625,000,597.00",0.19,0.19
06/01/2022,PMDZ,"100,000,000.00",0.60,0.6
06/01/2022,ATEL,"104,000,000.00",18.00,18
06/01/2022,CECZ,"1,625,000,597.00",2.65,2.65
06/01/2022,ZABR,"546,000,000.00",6.75,6.75
06/01/2022,MAFS,"50,000,000.00",2.47,2.47
06/01/2022,ZMBF,"300,579,610.00",1.61,1.61
06/01/2022,SCBL,"1,666,980,000.00",1.20,1.2
06/01/2022,ZSUG,"316,571,385.40",14.50,14.5
06/01/2022,ZMRE,"45,000,000.00",2.79,2.79
06/01/2022,AECI,"20,406,600.00",29.38,29.38
06/01/2022,BATA,"76,107,600.00",2.59,2.59
06/01/2022,CHIL,"200,039,904.00",13.85,13.85
07/01/2022,REIZ,"56,460,198.00",1.25,1.25
07/01/2022,ZMFA,"27,090,100.00",4.78,4.78
07/01/2022,ZNCO,"1,443,750,041.28",2.38,2.38
07/01/2022,ZCCM,"160,800,286.00",37.98,37.98
07/01/2022,ZFCO,"400,000,000.00",1.95,1.95
07/01/2022,BATZ,"212,456,304.00",1.45,1.45
07/01/2022,NATB,"63,000,000.00",9.20,9.2
07/01/2022,PUMA,"500,000,000.00",1.21,1.21
07/01/2022,SHOP,"2,700,000.00",64.00,64
07/01/2022,CCAF,"1,625,000,597.00",0.19,0.19
07/01/2022,PMDZ,"100,000,000.00",0.60,0.6
07/01/2022,ATEL,"104,000,000.00",18.00,18
07/01/2022,CECZ,"1,625,000,597.00",2.65,2.65
07/01/2022,ZABR,"546,000,000.00",6.75,6.75
07/01/2022,MAFS,"50,000,000.00",2.47,2.47
07/01/2022,ZMBF,"300,579,610.00",1.61,1.62
07/01/2022,SCBL,"1,666,980,000.00",1.20,1.2
07/01/2022,ZSUG,"316,571,385.40",14.50,14.5
07/01/2022,ZMRE,"45,000,000.00",2.79,2.79
07/01/2022,AECI,"20,406,600.00",29.38,29.38
07/01/2022,BATA,"76,107,600.00",2.59,2.59
07/01/2022,CHIL,"200,039,904.00",13.85,13.85
10/01/2022,REIZ,"56,460,198.00",1.25,1.25
10/01/2022,ZMFA,"27,090,100.00",4.78,4.78
10/01/2022,ZNCO,"1,443,750,041.28",2.38,2.38
10/01/2022,ZCCM,"160,800,286.00",37.98,37.98
10/01/2022,ZFCO,"400,000,000.00",1.95,1.95
10/01/2022,BATZ,"212,456,304.00",1.45,1.45
10/01/2022,NATB,"63,000,000.00",9.20,9.2
10/01/2022,PUMA,"500,000,000.00",1.21,1.21
10/01/2022,SHOP,"2,700,000.00",64.00,64
10/01/2022,CCAF,"1,625,000,597.00",0.19,0.19
10/01/2022,PMDZ,"100,000,000.00",0.60,0.6
10/01/2022,ATEL,"104,000,000.00",18.00,18
10/01/2022,CECZ,"1,625,000,597.00",2.65,2.65
10/01/2022,ZABR,"546,000,000.00",6.75,6.75
10/01/2022,MAFS,"50,000,000.00",2.47,2.47
10/01/2022,ZMBF,"300,579,610.00",1.62,1.62
10/01/2022,SCBL,"1,666,980,000.00",1.20,1.2
10/01/2022,ZSUG,"316,571,385.40",14.50,14.5
10/01/2022,ZMRE,"45,000,000.00",2.79,2.79
10/01/2022,AECI,"20,406,600.00",29.38,29.38
10/01/2022,BATA,"76,107,600.00",2.59,2.59
10/01/2022,CHIL,"200,039,904.00",13.85,13.85
11/01/2022,REIZ,"56,460,198.00",1.25,1.25
11/01/2022,ZMFA,"27,090,100.00",4.78,4.78
11/01/2022,ZNCO,"1,443,750,041.28",2.38,2.38
11/01/2022,ZCCM,"160,800,286.00",37.98,37.98
11/01/2022,ZFCO,"400,000,000.00",1.95,1.95
11/01/2022,BATZ,"212,456,304.00",1.45,1.45
11/01/2022,NATB,"63,000,000.00",9.20,9.2
11/01/2022,PUMA,"500,000,000.00",1.21,1.21
11/01/2022,SHOP,"2,700,000.00",64.00,64
11/01/2022,CCAF,"1,625,000,597.00",0.19,0.19
11/01/2022,PMDZ,"100,000,000.00",0.60,0.6
11/01/2022,ATEL,"104,000,000.00",18.00,18
11/01/2022,CECZ,"1,625,000,597.00",2.65,2.65
11/01/2022,ZABR,"546,000,000.00",6.75,6.75
11/01/2022,MAFS,"50,000,000.00",2.47,2.47
11/01/2022,ZMBF,"300,579,610.00",1.62,1.62
11/01/2022,SCBL,"1,666,980,000.00",1.20,1.2
11/01/2022,ZSUG,"316,571,385.40",15.13,15.13
11/01/2022,ZMRE,"45,000,000.00",2.79,2.79
11/01/2022,AECI,"20,406,600.00",29.38,29.38
11/01/2022,BATA,"76,107,600.00",2.59,2.59
11/01/2022,CHIL,"200,039,904.00",13.85,13.85
12/01/2022,REIZ,"56,460,198.00",1.25,1.25
12/01/2022,ZMFA,"27,090,100.00",4.78,4.78
12/01/2022,ZNCO,"1,443,750,041.28",2.36,2.38
12/01/2022,ZCCM,"160,800,286.00",37.98,37.98
12/01/2022,ZFCO,"400,000,000.00",1.95,1.95
12/01/2022,BATZ,"212,456,304.00",1.45,1.45
12/01/2022,NATB,"63,000,000.00",9.20,9.2
12/01/2022,PUMA,"500,000,000.00",1.21,1.21
12/01/2022,SHOP,"2,700,000.00",64.00,64
12/01/2022,CCAF,"1,625,000,597.00",0.19,0.19
12/01/2022,PMDZ,"100,000,000.00",0.60,0.6
12/01/2022,ATEL,"104,000,000.00",18.00,18
12/01/2022,CECZ,"1,625,000,597.00",2.65,2.65
12/01/2022,ZABR,"546,000,000.00",6.75,6.75
12/01/2022,MAFS,"50,000,000.00",2.47,2.47
12/01/2022,ZMBF,"300,579,610.00",1.62,1.62
12/01/2022,SCBL,"1,666,980,000.00",1.20,1.2
12/01/2022,ZSUG,"316,571,385.40",15.13,15.13
12/01/2022,ZMRE,"45,000,000.00",2.79,2.79
12/01/2022,AECI,"20,406,600.00",29.38,29.38
12/01/2022,BATA,"76,107,600.00",2.59,2.59
12/01/2022,CHIL,"200,039,904.00",13.85,13.85
13/01/2022,REIZ,"56,460,198.00",1.25,1.25
13/01/2022,ZMFA,"27,090,100.00",4.78,4.78
13/01/2022,ZNCO,"1,443,750,041.28",2.38,2.38
13/01/2022,ZCCM,"160,800,286.00",37.98,37.98
13/01/2022,ZFCO,"400,000,000.00",1.95,1.95
13/01/2022,BATZ,"212,456,304.00",1.45,1.45
13/01/2022,NATB,"63,000,000.00",9.20,9.2
13/01/2022,PUMA,"500,000,000.00",1.21,1.21
13/01/2022,SHOP,"2,700,000.00",64.00,64
13/01/2022,CCAF,"1,625,000,597.00",0.19,0.19
13/01/2022,PMDZ,"100,000,000.00",0.60,0.6
13/01/2022,ATEL,"104,000,000.00",18.00,18
13/01/2022,CECZ,"1,625,000,597.00",2.65,2.65
13/01/2022,ZABR,"546,000,000.00",6.75,6.75
13/01/2022,MAFS,"50,000,000.00",2.47,2.47
13/01/2022,ZMBF,"300,579,610.00",1.62,1.62
13/01/2022,SCBL,"1,666,980,000.00",1.20,1.2
13/01/2022,ZSUG,"316,571,385.40",15.13,15.13
13/01/2022,ZMRE,"45,000,000.00",2.79,2.79
13/01/2022,AECI,"20,406,600.00",29.38,29.38
13/01/2022,BATA,"76,107,600.00",2.59,2.59
13/01/2022,CHIL,"200,039,904.00",13.85,13.85
14/01/2022,REIZ,"56,460,198.00",1.25,1.25
14/01/2022,ZMFA,"27,090,100.00",4.78,4.78
14/01/2022,ZNCO,"1,443,750,041.28",2.38,2.38
14/01/2022,ZCCM,"160,800,286.00",37.98,37.98
14/01/2022,ZFCO,"400,000,000.00",1.95,1.95
14/01/2022,BATZ,"212,456,304.00",1.45,1.45
14/01/2022,NATB,"63,000,000.00",9.20,9.2
14/01/2022,PUMA,"500,000,000.00",1.21,1.21
14/01/2022,SHOP,"2,700,000.00",64.00,64
14/01/2022,CCAF,"1,625,000,597.00",0.19,0.19
14/01/2022,PMDZ,"100,000,000.00",0.60,0.6
14/01/2022,ATEL,"104,000,000.00",18.00,18
14/01/2022,CECZ,"1,625,000,597.00",2.65,2.65
14/01/2022,ZABR,"546,000,000.00",6.75,6.75
14/01/2022,MAFS,"50,000,000.00",2.47,2.47
14/01/2022,ZMBF,"300,579,610.00",1.62,1.62
14/01/2022,SCBL,"1,666,980,000.00",1.20,1.2
14/01/2022,ZSUG,"316,571,385.40",15.13,15.13
14/01/2022,ZMRE,"45,000,000.00",2.79,2.79
14/01/2022,AECI,"20,406,600.00",29.38,29.38
14/01/2022,BATA,"76,107,600.00",2.59,2.59
14/01/2022,CHIL,"200,039,904.00",13.85,13.85
17/01/2022,REIZ,"56,460,198.00",1.25,1.25
17/01/2022,ZMFA,"27,090,100.00",4.78,4.78
17/01/2022,ZNCO,"1,443,750,041.28",2.38,2.38
17/01/2022,ZCCM,"160,800,286.00",37.98,37.98
17/01/2022,ZFCO,"400,000,000.00",1.95,1.95
17/01/2022,BATZ,"212,456,304.00",1.45,1.45
17/01/2022,NATB,"63,000,000.00",9.20,9.2
17/01/2022,PUMA,"500,000,000.00",1.21,1.21
17/01/2022,SHOP,"2,700,000.00",64.00,64
17/01/2022,CCAF,"1,625,000,597.00",0.19,0.19
17/01/2022,PMDZ,"100,000,000.00",0.60,0.6
17/01/2022,ATEL,"104,000,000.00",18.00,18
17/01/2022,CECZ,"1,625,000,597.00",2.65,2.65
17/01/2022,ZABR,"546,000,000.00",6.75,6.75
17/01/2022,MAFS,"50,000,000.00",2.47,2.47
17/01/2022,ZMBF,"300,579,610.00",1.62,1.62
17/01/2022,SCBL,"1,666,980,000.00",1.20,1.2
17/01/2022,ZSUG,"316,571,385.40",15.13,15.13
17/01/2022,ZMRE,"45,000,000.00",2.79,2.79
17/01/2022,AECI,"20,406,600.00",29.38,29.38
17/01/2022,BATA,"76,107,600.00",2.59,2.59
17/01/2022,CHIL,"200,039,904.00",13.85,13.85
18/01/2022,REIZ,"56,460,198.00",1.25,1.25
18/01/2022,ZMFA,"27,090,100.00",4.78,4.78
18/01/2022,ZNCO,"1,443,750,041.28",2.38,2.38
18/01/2022,ZCCM,"160,800,286.00",37.98,37.98
18/01/2022,ZFCO,"400,000,000.00",1.95,1.95
18/01/2022,BATZ,"212,456,304.00",1.45,1.5
18/01/2022,NATB,"63,000,000.00",9.20,9.2
18/01/2022,PUMA,"500,000,000.00",1.21,1.21
18/01/2022,SHOP,"2,700,000.00",64.00,64
18/01/2022,CCAF,"1,625,000,597.00",0.19,0.19
18/01/2022,PMDZ,"100,000,000.00",0.60,0.6
18/01/2022,ATEL,"104,000,000.00",18.00,18
18/01/2022,CECZ,"1,625,000,597.00",2.65,2.65
18/01/2022,ZABR,"546,000,000.00",6.75,7
18/01/2022,MAFS,"50,000,000.00",2.47,2.47
18/01/2022,ZMBF,"300,579,610.00",1.62,1.63
18/01/2022,SCBL,"1,666,980,000.00",1.20,1.2
18/01/2022,ZSUG,"316,571,385.40",15.13,15.13
18/01/2022,ZMRE,"45,000,000.00",2.79,2.79
18/01/2022,AECI,"20,406,600.00",29.38,29.38
18/01/2022,BATA,"76,107,600.00",2.59,2.59
18/01/2022,CHIL,"200,039,904.00",13.85,13.85
19/01/2022,REIZ,"56,460,198.00",1.25,1.25
19/01/2022,ZMFA,"27,090,100.00",4.78,4.78
19/01/2022,ZNCO,"1,443,750,041.28",2.38,1.9
19/01/2022,ZCCM,"160,800,286.00",37.98,37.98
19/01/2022,ZFCO,"400,000,000.00",1.95,1.95
19/01/2022,BATZ,"212,456,304.00",1.47,1.47
19/01/2022,NATB,"63,000,000.00",9.20,9.2
19/01/2022,PUMA,"500,000,000.00",1.21,1.25
19/01/2022,SHOP,"2,700,000.00",64.00,64
19/01/2022,CCAF,"1,625,000,597.00",0.19,0.19
19/01/2022,PMDZ,"100,000,000.00",0.60,0.6
19/01/2022,ATEL,"104,000,000.00",18.00,18
19/01/2022,CECZ,"1,625,000,597.00",2.65,2.65
19/01/2022,ZABR,"546,000,000.00",7.00,7
19/01/2022,MAFS,"50,000,000.00",2.47,2.47
19/01/2022,ZMBF,"300,579,610.00",1.63,1.63
19/01/2022,SCBL,"1,666,980,000.00",1.20,1.2
19/01/2022,ZSUG,"316,571,385.40",15.13,15.13
19/01/2022,ZMRE,"45,000,000.00",2.79,2.79
19/01/2022,AECI,"20,406,600.00",29.38,29.38
19/01/2022,BATA,"76,107,600.00",2.59,2.59
19/01/2022,CHIL,"200,039,904.00",13.85,13.85
20/01/2022,REIZ,"56,460,198.00",1.25,1.25
20/01/2022,ZMFA,"27,090,100.00",4.78,4.78
20/01/2022,ZNCO,"1,443,750,041.28",2.32,1.9
20/01/2022,ZCCM,"160,800,286.00",37.98,37.98
20/01/2022,ZFCO,"400,000,000.00",1.95,1.95
20/01/2022,BATZ,"212,456,304.00",1.47,1.47
20/01/2022,NATB,"63,000,000.00",9.20,9.2
20/01/2022,PUMA,"500,000,000.00",1.25,1.25
20/01/2022,SHOP,"2,700,000.00",64.00,64
20/01/2022,CCAF,"1,625,000,597.00",0.19,0.19
20/01/2022,PMDZ,"100,000,000.00",0.60,0.6
20/01/2022,ATEL,"104,000,000.00",18.00,18
20/01/2022,CECZ,"1,625,000,597.00",2.65,2.65
20/01/2022,ZABR,"546,000,000.00",7.00,7
20/01/2022,MAFS,"50,000,000.00",2.47,2.47
20/01/2022,ZMBF,"300,579,610.00",1.63,1.63
20/01/2022,SCBL,"1,666,980,000.00",1.20,1.2
20/01/2022,ZSUG,"316,571,385.40",15.13,15.13
20/01/2022,ZMRE,"45,000,000.00",2.79,2.79
20/01/2022,AECI,"20,406,600.00",29.38,29.38
20/01/2022,BATA,"76,107,600.00",2.59,2.59
20/01/2022,CHIL,"200,039,904.00",13.85,13.85
21/01/2022,REIZ,"56,460,198.00",1.25,1.25
21/01/2022,ZMFA,"27,090,100.00",4.78,4.78
21/01/2022,ZNCO,"1,443,750,041.28",1.90,1.9
21/01/2022,ZCCM,"160,800,286.00",37.98,37.98
21/01/2022,ZFCO,"400,000,000.00",1.95,1.95
21/01/2022,BATZ,"212,456,304.00",1.47,1.47
21/01/2022,NATB,"63,000,000.00",9.20,9.2
21/01/2022,PUMA,"500,000,000.00",1.25,1.25
21/01/2022,SHOP,"2,700,000.00",64.00,64
21/01/2022,CCAF,"1,625,000,597.00",0.19,0.19
21/01/2022,PMDZ,"100,000,000.00",0.60,0.6
21/01/2022,ATEL,"104,000,000.00",18.00,18
21/01/2022,CECZ,"1,625,000,597.00",2.65,2.65
21/01/2022,ZABR,"546,000,000.00",7.00,7
21/01/2022,MAFS,"50,000,000.00",2.47,2.47
21/01/2022,ZMBF,"300,579,610.00",1.63,1.63
21/01/2022,SCBL,"1,666,980,000.00",1.20,1.2
21/01/2022,ZSUG,"316,571,385.40",15.13,15.13
21/01/2022,ZMRE,"45,000,000.00",2.79,2.79
21/01/2022,AECI,"20,406,600.00",29.38,29.38
21/01/2022,BATA,"76,107,600.00",2.59,2.59
21/01/2022,CHIL,"200,039,904.00",13.85,13.85
24/01/2022,REIZ,"56,460,198.00",1.25,1.25
24/01/2022,ZMFA,"27,090,100.00",4.78,4.78
24/01/2022,ZNCO,"1,443,750,041.28",1.90,1.9
24/01/2022,ZCCM,"160,800,286.00",37.98,37.98
24/01/2022,ZFCO,"400,000,000.00",1.95,1.95
24/01/2022,BATZ,"212,456,304.00",1.47,1.47
24/01/2022,NATB,"63,000,000.00",9.20,9.2
24/01/2022,PUMA,"500,000,000.00",1.25,1.25
24/01/2022,SHOP,"2,700,000.00",64.00,64
24/01/2022,CCAF,"1,625,000,597.00",0.20,0.2
24/01/2022,PMDZ,"100,000,000.00",0.60,0.6
24/01/2022,ATEL,"104,000,000.00",18.00,18
24/01/2022,CECZ,"1,625,000,597.00",2.65,2.55
24/01/2022,ZABR,"546,000,000.00",7.00,7
24/01/2022,MAFS,"50,000,000.00",2.47,2.47
24/01/2022,ZMBF,"300,579,610.00",1.63,1.63
24/01/2022,SCBL,"1,666,980,000.00",1.20,1.2
24/01/2022,ZSUG,"316,571,385.40",15.13,14.5
24/01/2022,ZMRE,"45,000,000.00",2.79,2.79
24/01/2022,AECI,"20,406,600.00",29.38,29.38
24/01/2022,BATA,"76,107,600.00",2.59,2.59
24/01/2022,CHIL,"200,039,904.00",13.85,13.85
25/01/2022,REIZ,"56,460,198.00",1.25,1.25
25/01/2022,ZMFA,"27,090,100.00",4.78,4.78
25/01/2022,ZNCO,"1,443,750,041.28",1.90,1.9
25/01/2022,ZCCM,"160,800,286.00",37.98,37.98
25/01/2022,ZFCO,"400,000,000.00",1.95,1.95
25/01/2022,BATZ,"212,456,304.00",1.47,1.5
25/01/2022,NATB,"63,000,000.00",9.20,9.2
25/01/2022,PUMA,"500,000,000.00",1.25,1.25
25/01/2022,SHOP,"2,700,000.00",64.00,64
25/01/2022,CCAF,"1,625,000,597.00",0.20,0.19
25/01/2022,PMDZ,"100,000,000.00",0.60,0.6
25/01/2022,ATEL,"104,000,000.00",18.00,18
25/01/2022,CECZ,"1,625,000,597.00",2.60,2.65
25/01/2022,ZABR,"546,000,000.00",7.00,7
25/01/2022,MAFS,"50,000,000.00",2.47,2.47
25/01/2022,ZMBF,"300,579,610.00",1.63,1.63
25/01/2022,SCBL,"1,666,980,000.00",1.20,1.2
25/01/2022,ZSUG,"316,571,385.40",14.50,14.5
25/01/2022,ZMRE,"45,000,000.00",2.79,2.79
25/01/2022,AECI,"20,406,600.00",29.38,29.38
25/01/2022,BATA,"76,107,600.00",2.59,2.59
25/01/2022,CHIL,"200,039,904.00",13.85,13.85
26/01/2022,REIZ,"56,460,198.00",1.25,1.25
26/01/2022,ZMFA,"27,090,100.00",4.78,4.78
26/01/2022,ZNCO,"1,443,750,041.28",1.90,1.9
26/01/2022,ZCCM,"160,800,286.00",37.98,37.98
26/01/2022,ZFCO,"400,000,000.00",1.95,1.95
26/01/2022,BATZ,"212,456,304.00",1.50,1.5
26/01/2022,NATB,"63,000,000.00",9.20,9.2
26/01/2022,PUMA,"500,000,000.00",1.25,1.25
26/01/2022,SHOP,"2,700,000.00",64.00,64
26/01/2022,CCAF,"1,625,000,597.00",0.19,0.19
26/01/2022,PMDZ,"100,000,000.00",0.60,0.6
26/01/2022,ATEL,"104,000,000.00",18.00,18
26/01/2022,CECZ,"1,625,000,597.00",2.64,2.65
26/01/2022,ZABR,"546,000,000.00",7.00,7
26/01/2022,MAFS,"50,000,000.00",2.47,2.47
26/01/2022,ZMBF,"300,579,610.00",1.63,1.63
26/01/2022,SCBL,"1,666,980,000.00",1.20,1.2
26/01/2022,ZSUG,"316,571,385.40",14.50,14.5
26/01/2022,ZMRE,"45,000,000.00",2.79,2.79
26/01/2022,AECI,"20,406,600.00",29.38,29.38
26/01/2022,BATA,"76,107,600.00",2.59,2.59
26/01/2022,CHIL,"200,039,904.00",13.85,13.85
27/01/2022,REIZ,"56,460,198.00",1.25,1.25
27/01/2022,ZMFA,"27,090,100.00",4.78,4.78
27/01/2022,ZNCO,"1,443,750,041.28",1.90,1.9
27/01/2022,ZCCM,"160,800,286.00",37.98,37.98
27/01/2022,ZFCO,"400,000,000.00",1.95,1.95
27/01/2022,BATZ,"212,456,304.00",1.50,1.5
27/01/2022,NATB,"63,000,000.00",9.20,9.2
27/01/2022,PUMA,"500,000,000.00",1.25,1.25
27/01/2022,SHOP,"2,700,000.00",64.00,64
27/01/2022,CCAF,"1,625,000,597.00",0.19,0.19
27/01/2022,PMDZ,"100,000,000.00",0.60,0.6
27/01/2022,ATEL,"104,000,000.00",18.00,18
27/01/2022,CECZ,"1,625,000,597.00",2.65,2.65
27/01/2022,ZABR,"546,000,000.00",7.00,7
27/01/2022,MAFS,"50,000,000.00",2.47,2.47
27/01/2022,ZMBF,"300,579,610.00",1.63,1.63
27/01/2022,SCBL,"1,666,980,000.00",1.20,1.2
27/01/2022,ZSUG,"316,571,385.40",14.50,14.5
27/01/2022,ZMRE,"45,000,000.00",2.79,2.79
27/01/2022,AECI,"20,406,600.00",29.38,29.38
27/01/2022,BATA,"76,107,600.00",2.59,2.59
27/01/2022,CHIL,"200,039,904.00",13.85,11.92
28/01/2022,REIZ,"56,460,198.00",1.25,1.25
28/01/2022,ZMFA,"27,090,100.00",4.78,4.78
28/01/2022,ZNCO,"1,443,750,041.28",1.90,1.9
28/01/2022,ZCCM,"160,800,286.00",37.98,37.98
28/01/2022,ZFCO,"400,000,000.00",1.95,1.95
28/01/2022,BATZ,"212,456,304.00",1.50,1.47
28/01/2022,NATB,"63,000,000.00",9.20,9.2
28/01/2022,PUMA,"500,000,000.00",1.25,1.25
28/01/2022,SHOP,"2,700,000.00",64.00,64
28/01/2022,CCAF,"1,625,000,597.00",0.19,0.19
28/01/2022,PMDZ,"100,000,000.00",0.60,0.6
28/01/2022,ATEL,"104,000,000.00",18.00,18
28/01/2022,CECZ,"1,625,000,597.00",2.65,2.65
28/01/2022,ZABR,"546,000,000.00",7.00,7
28/01/2022,MAFS,"50,000,000.00",2.47,2.47
28/01/2022,ZMBF,"300,579,610.00",1.63,1.62
28/01/2022,SCBL,"1,666,980,000.00",1.20,1.2
28/01/2022,ZSUG,"316,571,385.40",14.50,14.5
28/01/2022,ZMRE,"45,000,000.00",2.79,2.79
28/01/2022,AECI,"20,406,600.00",29.38,29.38
28/01/2022,BATA,"76,107,600.00",2.59,2.59
28/01/2022,CHIL,"200,039,904.00",11.92,11.92
31/01/2022,REIZ,"56,460,198.00",1.25,1.25
31/01/2022,ZMFA,"27,090,100.00",4.78,4.78
31/01/2022,ZNCO,"1,443,750,041.28",1.90,1.9
31/01/2022,ZCCM,"160,800,286.00",37.98,37.98
31/01/2022,ZFCO,"400,000,000.00",1.95,1.95
31/01/2022,BATZ,"212,456,304.00",1.48,1.48
31/01/2022,NATB,"63,000,000.00",9.20,9.2
31/01/2022,PUMA,"500,000,000.00",1.25,1.25
31/01/2022,SHOP,"2,700,000.00",64.00,64
31/01/2022,CCAF,"1,625,000,597.00",0.19,0.19
31/01/2022,PMDZ,"100,000,000.00",0.60,0.6
31/01/2022,ATEL,"104,000,000.00",18.00,18
31/01/2022,CECZ,"1,625,000,597.00",2.65,2.65
31/01/2022,ZABR,"546,000,000.00",7.00,7
31/01/2022,MAFS,"50,000,000.00",2.47,2.47
31/01/2022,ZMBF,"300,579,610.00",1.62,1.62
31/01/2022,SCBL,"1,666,980,000.00",1.20,1.2
31/01/2022,ZSUG,"316,571,385.40",14.50,14.5
31/01/2022,ZMRE,"45,000,000.00",2.79,2.79
31/01/2022,AECI,"20,406,600.00",29.38,29.38
31/01/2022,BATA,"76,107,600.00",2.59,2.59
31/01/2022,CHIL,"200,039,904.00",11.92,11.92
01/02/2022,REIZ,"56,460,198.00",1.25,1.3
01/02/2022,ZMFA,"27,090,100.00",4.78,4.78
01/02/2022,ZNCO,"1,443,750,041.28",1.90,1.9
01/02/2022,ZCCM,"160,800,286.00",37.98,37.98
01/02/2022,ZFCO,"400,000,000.00",1.95,1.95
01/02/2022,BATZ,"212,456,304.00",1.48,1.48
01/02/2022,NATB,"63,000,000.00",9.20,9.2
01/02/2022,PUMA,"500,000,000.00",1.25,1.25
01/02/2022,SHOP,"2,700,000.00",64.00,64
01/02/2022,CCAF,"1,625,000,597.00",0.19,0.19
01/02/2022,PMDZ,"100,000,000.00",0.60,0.6
01/02/2022,ATEL,"104,000,000.00",18.00,18
01/02/2022,CECZ,"1,625,000,597.00",2.65,2.65
01/02/2022,ZABR,"546,000,000.00",7.00,7
01/02/2022,MAFS,"50,000,000.00",2.47,2.47
01/02/2022,ZMBF,"300,579,610.00",1.62,1.62
01/02/2022,SCBL,"1,666,980,000.00",1.20,1.2
01/02/2022,ZSUG,"316,571,385.40",14.50,18
01/02/2022,ZMRE,"45,000,000.00",2.79,2.79
01/02/2022,AECI,"20,406,600.00",29.38,29.38
01/02/2022,BATA,"76,107,600.00",2.59,2.59
01/02/2022,CHIL,"200,039,904.00",11.92,13.85
02/02/2022,REIZ,"56,460,198.00",1.30,1.3
02/02/2022,ZMFA,"27,090,100.00",4.78,4.78
02/02/2022,ZNCO,"1,443,750,041.28",1.90,1.9
02/02/2022,ZCCM,"160,800,286.00",37.98,37.98
02/02/2022,ZFCO,"400,000,000.00",1.95,1.95
02/02/2022,BATZ,"212,456,304.00",1.48,1.5
02/02/2022,NATB,"63,000,000.00",9.20,9.2
02/02/2022,PUMA,"500,000,000.00",1.25,1.25
02/02/2022,SHOP,"2,700,000.00",64.00,64
02/02/2022,CCAF,"1,625,000,597.00",0.19,0.19
02/02/2022,PMDZ,"100,000,000.00",0.60,0.6
02/02/2022,ATEL,"104,000,000.00",18.00,18
02/02/2022,CECZ,"1,625,000,597.00",2.65,2.65
02/02/2022,ZABR,"546,000,000.00",7.00,7
02/02/2022,MAFS,"50,000,000.00",2.47,2.47
02/02/2022,ZMBF,"300,579,610.00",1.62,1.62
02/02/2022,SCBL,"1,666,980,000.00",1.20,1.35
02/02/2022,ZSUG,"316,571,385.40",18.00,18
02/02/2022,ZMRE,"45,000,000.00",2.79,2.79
02/02/2022,AECI,"20,406,600.00",29.38,29.38
02/02/2022,BATA,"76,107,600.00",2.59,2.59
02/02/2022,CHIL,"200,039,904.00",13.85,13.85
03/02/2022,REIZ,"56,460,198.00",1.30,1.3
03/02/2022,ZMFA,"27,090,100.00",4.78,4.78
03/02/2022,ZNCO,"1,443,750,041.28",1.90,1.9
03/02/2022,ZCCM,"160,800,286.00",37.98,37.98
03/02/2022,ZFCO,"400,000,000.00",1.95,1.95
03/02/2022,BATZ,"212,456,304.00",1.50,1.5
03/02/2022,NATB,"63,000,000.00",9.20,9.2
03/02/2022,PUMA,"500,000,000.00",1.25,1.25
03/02/2022,SHOP,"2,700,000.00",64.00,64
03/02/2022,CCAF,"1,625,000,597.00",0.19,0.19
03/02/2022,PMDZ,"100,000,000.00",0.60,0.6
03/02/2022,ATEL,"104,000,000.00",18.00,18
03/02/2022,CECZ,"1,625,000,597.00",2.65,2.65
03/02/2022,ZABR,"546,000,000.00",7.00,7
03/02/2022,MAFS,"50,000,000.00",2.47,2.47
03/02/2022,ZMBF,"300,579,610.00",1.62,1.62
03/02/2022,SCBL,"1,666,980,000.00",1.35,1.2
03/02/2022,ZSUG,"316,571,385.40",18.00,18
03/02/2022,ZMRE,"45,000,000.00",2.79,2.79
03/02/2022,AECI,"20,406,600.00",29.38,29.38
03/02/2022,BATA,"76,107,600.00",2.59,2.59
03/02/2022,CHIL,"200,039,904.00",13.85,13.85
04/02/2022,REIZ,"56,460,198.00",1.30,1.3
04/02/2022,ZMFA,"27,090,100.00",4.78,4.78
04/02/2022,ZNCO,"1,443,750,041.28",1.90,1.9
04/02/2022,ZCCM,"160,800,286.00",37.98,37.98
04/02/2022,ZFCO,"400,000,000.00",1.95,1.95
04/02/2022,BATZ,"212,456,304.00",1.50,1.51
04/02/2022,NATB,"63,000,000.00",9.20,9.2
04/02/2022,PUMA,"500,000,000.00",1.25,1.24
04/02/2022,SHOP,"2,700,000.00",64.00,64
04/02/2022,CCAF,"1,625,000,597.00",0.19,0.19
04/02/2022,PMDZ,"100,000,000.00",0.60,0.6
04/02/2022,ATEL,"104,000,000.00",18.00,18
04/02/2022,CECZ,"1,625,000,597.00",2.65,2.65
04/02/2022,ZABR,"546,000,000.00",7.00,7
04/02/2022,MAFS,"50,000,000.00",2.47,2.47
04/02/2022,ZMBF,"300,579,610.00",1.62,1.62
04/02/2022,SCBL,"1,666,980,000.00",1.20,1.2
04/02/2022,ZSUG,"316,571,385.40",18.00,18
04/02/2022,ZMRE,"45,000,000.00",2.79,2.79
04/02/2022,AECI,"20,406,600.00",29.38,29.38
04/02/2022,BATA,"76,107,600.00",2.59,2.59
04/02/2022,CHIL,"200,039,904.00",13.85,13.85
07/02/2022,REIZ,"56,460,198.00",1.30,1.3
07/02/2022,ZMFA,"27,090,100.00",4.78,4.78
07/02/2022,ZNCO,"1,443,750,041.28",1.90,1.9
07/02/2022,ZCCM,"160,800,286.00",37.98,37.98
07/02/2022,ZFCO,"400,000,000.00",1.95,1.95
07/02/2022,BATZ,"212,456,304.00",1.57,1.57
07/02/2022,NATB,"63,000,000.00",9.20,9.2
07/02/2022,PUMA,"500,000,000.00",1.24,1.24
07/02/2022,SHOP,"2,700,000.00",64.00,64
07/02/2022,CCAF,"1,625,000,597.00",0.19,0.19
07/02/2022,PMDZ,"100,000,000.00",0.60,0.6
07/02/2022,ATEL,"104,000,000.00",18.00,18
07/02/2022,CECZ,"1,625,000,597.00",2.65,2.65
07/02/2022,ZABR,"546,000,000.00",7.00,7
07/02/2022,MAFS,"50,000,000.00",2.47,2.47
07/02/2022,ZMBF,"300,579,610.00",1.62,1.62
07/02/2022,SCBL,"1,666,980,000.00",1.20,1.5
07/02/2022,ZSUG,"316,571,385.40",18.00,18
07/02/2022,ZMRE,"45,000,000.00",2.79,2.79
07/02/2022,AECI,"20,406,600.00",29.38,29.38
07/02/2022,BATA,"76,107,600.00",2.59,2.59
07/02/2022,CHIL,"200,039,904.00",13.85,13.85
08/02/2022,REIZ,"56,460,198.00",1.30,1.3
08/02/2022,ZMFA,"27,090,100.00",4.78,4.78
08/02/2022,ZNCO,"1,443,750,041.28",1.90,1.9
08/02/2022,ZCCM,"160,800,286.00",37.98,37.98
08/02/2022,ZFCO,"400,000,000.00",1.95,1.95
08/02/2022,BATZ,"212,456,304.00",1.57,1.57
08/02/2022,NATB,"63,000,000.00",9.20,6.9
08/02/2022,PUMA,"500,000,000.00",1.24,1.25
08/02/2022,SHOP,"2,700,000.00",64.00,64
08/02/2022,CCAF,"1,625,000,597.00",0.19,0.19
08/02/2022,PMDZ,"100,000,000.00",0.60,0.6
08/02/2022,ATEL,"104,000,000.00",18.00,18
08/02/2022,CECZ,"1,625,000,597.00",2.65,2.65
08/02/2022,ZABR,"546,000,000.00",7.00,7
08/02/2022,MAFS,"50,000,000.00",2.47,2.47
08/02/2022,ZMBF,"300,579,610.00",1.62,1.62
08/02/2022,SCBL,"1,666,980,000.00",1.50,1.5
08/02/2022,ZSUG,"316,571,385.40",18.00,18
08/02/2022,ZMRE,"45,000,000.00",2.79,2.79
08/02/2022,AECI,"20,406,600.00",29.38,29.38
08/02/2022,BATA,"76,107,600.00",2.59,2.59
08/02/2022,CHIL,"200,039,904.00",13.85,13.85
09/02/2022,REIZ,"56,460,198.00",1.30,1.3
09/02/2022,ZMFA,"27,090,100.00",4.78,4.78
09/02/2022,ZNCO,"1,443,750,041.28",1.90,1.9
09/02/2022,ZCCM,"160,800,286.00",37.98,37.98
09/02/2022,ZFCO,"400,000,000.00",1.95,1.95
09/02/2022,BATZ,"212,456,304.00",1.57,1.57
09/02/2022,NATB,"63,000,000.00",6.90,6.9
09/02/2022,PUMA,"500,000,000.00",1.25,1.25
09/02/2022,SHOP,"2,700,000.00",64.00,64
09/02/2022,CCAF,"1,625,000,597.00",0.19,0.19
09/02/2022,PMDZ,"100,000,000.00",0.60,0.6
09/02/2022,ATEL,"104,000,000.00",18.00,18
09/02/2022,CECZ,"1,625,000,597.00",2.65,2.66
09/02/2022,ZABR,"546,000,000.00",7.00,7
09/02/2022,MAFS,"50,000,000.00",2.47,2.47
09/02/2022,ZMBF,"300,579,610.00",1.62,1.62
09/02/2022,SCBL,"1,666,980,000.00",1.50,1.5
09/02/2022,ZSUG,"316,571,385.40",18.00,18
09/02/2022,ZMRE,"45,000,000.00",2.79,2.79
09/02/2022,AECI,"20,406,600.00",29.38,29.38
09/02/2022,BATA,"76,107,600.00",2.59,2.59
09/02/2022,CHIL,"200,039,904.00",13.85,13.85
10/02/2022,REIZ,"56,460,198.00",1.30,1.3
10/02/2022,ZMFA,"27,090,100.00",4.78,4.78
10/02/2022,ZNCO,"1,443,750,041.28",1.90,1.9
10/02/2022,ZCCM,"160,800,286.00",37.98,37.98
10/02/2022,ZFCO,"400,000,000.00",1.95,1.95
10/02/2022,BATZ,"212,456,304.00",1.57,1.57
10/02/2022,NATB,"63,000,000.00",6.90,5.2
10/02/2022,PUMA,"500,000,000.00",1.25,1.25
10/02/2022,SHOP,"2,700,000.00",64.00,64
10/02/2022,CCAF,"1,625,000,597.00",0.19,0.19
10/02/2022,PMDZ,"100,000,000.00",0.60,0.6
10/02/2022,ATEL,"104,000,000.00",18.00,18
10/02/2022,CECZ,"1,625,000,597.00",2.66,2.65
10/02/2022,ZABR,"546,000,000.00",7.00,7
10/02/2022,MAFS,"50,000,000.00",2.47,2.47
10/02/2022,ZMBF,"300,579,610.00",1.62,1.62
10/02/2022,SCBL,"1,666,980,000.00",1.50,1.5
10/02/2022,ZSUG,"316,571,385.40",18.00,18
10/02/2022,ZMRE,"45,000,000.00",2.79,2.79
10/02/2022,AECI,"20,406,600.00",29.38,29.38
10/02/2022,BATA,"76,107,600.00",2.59,2.59
10/02/2022,CHIL,"200,039,904.00",13.85,13.85
11/02/2022,REIZ,"56,460,198.00",1.30,1.3
11/02/2022,ZMFA,"27,090,100.00",4.78,4.78
11/02/2022,ZNCO,"1,443,750,041.28",1.91,1.91
11/02/2022,ZCCM,"160,800,286.00",37.98,37.98
11/02/2022,ZFCO,"400,000,000.00",1.95,1.95
11/02/2022,BATZ,"212,456,304.00",1.57,1.57
11/02/2022,NATB,"63,000,000.00",5.20,5.2
11/02/2022,PUMA,"500,000,000.00",1.25,1.25
11/02/2022,SHOP,"2,700,000.00",64.00,64
11/02/2022,CCAF,"1,625,000,597.00",0.19,0.19
11/02/2022,PMDZ,"100,000,000.00",0.60,0.6
11/02/2022,ATEL,"104,000,000.00",18.00,18
11/02/2022,CECZ,"1,625,000,597.00",2.68,2.68
11/02/2022,ZABR,"546,000,000.00",7.00,7
11/02/2022,MAFS,"50,000,000.00",2.47,2.47
11/02/2022,ZMBF,"300,579,610.00",1.62,1.62
11/02/2022,SCBL,"1,666,980,000.00",1.50,1.5
11/02/2022,ZSUG,"316,571,385.40",18.00,18
11/02/2022,ZMRE,"45,000,000.00",2.79,2.79
11/02/2022,AECI,"20,406,600.00",29.38,29.38
11/02/2022,BATA,"76,107,600.00",2.59,2.59
11/02/2022,CHIL,"200,039,904.00",13.85,13.85
14/02/2022,REIZ,"56,460,198.00",1.30,1.3
14/02/2022,ZMFA,"27,090,100.00",4.78,4.78
14/02/2022,ZNCO,"1,443,750,041.28",1.91,1.91
14/02/2022,ZCCM,"160,800,286.00",37.98,37.98
14/02/2022,ZFCO,"400,000,000.00",1.95,1.95
14/02/2022,BATZ,"212,456,304.00",1.57,1.47
14/02/2022,NATB,"63,000,000.00",5.20,5.18
14/02/2022,PUMA,"500,000,000.00",1.25,1.25
14/02/2022,SHOP,"2,700,000.00",64.00,64
14/02/2022,CCAF,"1,625,000,597.00",0.19,0.19
14/02/2022,PMDZ,"100,000,000.00",0.60,0.6
14/02/2022,ATEL,"104,000,000.00",18.00,17
14/02/2022,CECZ,"1,625,000,597.00",2.68,3.35
14/02/2022,ZABR,"546,000,000.00",7.00,7
14/02/2022,MAFS,"50,000,000.00",2.47,2.47
14/02/2022,ZMBF,"300,579,610.00",1.62,1.62
14/02/2022,SCBL,"1,666,980,000.00",1.50,1.5
14/02/2022,ZSUG,"316,571,385.40",18.00,14.5
14/02/2022,ZMRE,"45,000,000.00",2.79,2.79
14/02/2022,AECI,"20,406,600.00",29.38,29.38
14/02/2022,BATA,"76,107,600.00",2.59,2.59
14/02/2022,CHIL,"200,039,904.00",13.85,13.85
15/02/2022,REIZ,"56,460,198.00",1.30,1.3
15/02/2022,ZMFA,"27,090,100.00",4.78,4.78
15/02/2022,ZNCO,"1,443,750,041.28",1.91,1.91
15/02/2022,ZCCM,"160,800,286.00",37.98,37.98
15/02/2022,ZFCO,"400,000,000.00",1.95,1.95
15/02/2022,BATZ,"212,456,304.00",1.48,1.48
15/02/2022,NATB,"63,000,000.00",5.18,5.18
15/02/2022,PUMA,"500,000,000.00",1.25,1.25
15/02/2022,SHOP,"2,700,000.00",64.00,64
15/02/2022,CCAF,"1,625,000,597.00",0.19,0.19
15/02/2022,PMDZ,"100,000,000.00",0.60,0.6
15/02/2022,ATEL,"104,000,000.00",17.01,17.01
15/02/2022,CECZ,"1,625,000,597.00",3.31,3.3
15/02/2022,ZABR,"546,000,000.00",7.00,7
15/02/2022,MAFS,"50,000,000.00",2.47,2.47
15/02/2022,ZMBF,"300,579,610.00",1.62,1.62
15/02/2022,SCBL,"1,666,980,000.00",1.50,1.5
15/02/2022,ZSUG,"316,571,385.40",14.50,14.5
15/02/2022,ZMRE,"45,000,000.00",2.79,2.79
15/02/2022,AECI,"20,406,600.00",29.38,29.38
15/02/2022,BATA,"76,107,600.00",2.59,2.59
15/02/2022,CHIL,"200,039,904.00",13.85,13.85
16/02/2022,REIZ,"56,460,198.00",1.30,1.3
16/02/2022,ZMFA,"27,090,100.00",4.78,4.78
16/02/2022,ZNCO,"1,443,750,041.28",1.91,1.91
16/02/2022,ZCCM,"160,800,286.00",37.98,37.98
16/02/2022,ZFCO,"400,000,000.00",1.95,1.95
16/02/2022,BATZ,"212,456,304.00",1.48,1.5
16/02/2022,NATB,"63,000,000.00",5.18,5.18
16/02/2022,PUMA,"500,000,000.00",1.25,1.25
16/02/2022,SHOP,"2,700,000.00",64.00,64
16/02/2022,CCAF,"1,625,000,597.00",0.19,0.2
16/02/2022,PMDZ,"100,000,000.00",0.60,0.6
16/02/2022,ATEL,"104,000,000.00",17.01,17.01
16/02/2022,CECZ,"1,625,000,597.00",3.30,3.3
16/02/2022,ZABR,"546,000,000.00",7.00,7
16/02/2022,MAFS,"50,000,000.00",2.47,2.47
16/02/2022,ZMBF,"300,579,610.00",1.62,1.62
16/02/2022,SCBL,"1,666,980,000.00",1.50,1.5
16/02/2022,ZSUG,"316,571,385.40",14.50,14.5
16/02/2022,ZMRE,"45,000,000.00",2.79,2.79
16/02/2022,AECI,"20,406,600.00",29.38,29.38
16/02/2022,BATA,"76,107,600.00",2.59,2.59
16/02/2022,CHIL,"200,039,904.00",13.85,13.85
17/02/2022,REIZ,"56,460,198.00",1.30,1.3
17/02/2022,ZMFA,"27,090,100.00",4.78,4.78
17/02/2022,ZNCO,"1,443,750,041.28",1.91,1.91
17/02/2022,ZCCM,"160,800,286.00",37.98,37.98
17/02/2022,ZFCO,"400,000,000.00",1.95,1.95
17/02/2022,BATZ,"212,456,304.00",1.50,1.5
17/02/2022,NATB,"63,000,000.00",5.18,5.18
17/02/2022,PUMA,"500,000,000.00",1.25,1.25
17/02/2022,SHOP,"2,700,000.00",64.00,64
17/02/2022,CCAF,"1,625,000,597.00",0.20,0.2
17/02/2022,PMDZ,"100,000,000.00",0.60,0.6
17/02/2022,ATEL,"104,000,000.00",17.01,17.01
17/02/2022,CECZ,"1,625,000,597.00",3.30,3.3
17/02/2022,ZABR,"546,000,000.00",7.00,7
17/02/2022,MAFS,"50,000,000.00",2.47,2.47
17/02/2022,ZMBF,"300,579,610.00",1.62,1.62
17/02/2022,SCBL,"1,666,980,000.00",1.50,1.5
17/02/2022,ZSUG,"316,571,385.40",14.50,18
17/02/2022,ZMRE,"45,000,000.00",2.79,2.79
17/02/2022,AECI,"20,406,600.00",29.38,29.38
17/02/2022,BATA,"76,107,600.00",2.59,2.59
17/02/2022,CHIL,"200,039,904.00",13.85,13.85
18/02/2022,REIZ,"56,460,198.00",1.30,1.3
18/02/2022,ZMFA,"27,090,100.00",4.78,4.78
18/02/2022,ZNCO,"1,443,750,041.28",1.91,1.92
18/02/2022,ZCCM,"160,800,286.00",37.98,37.98
18/02/2022,ZFCO,"400,000,000.00",1.95,1.95
18/02/2022,BATZ,"212,456,304.00",1.50,1.5
18/02/2022,NATB,"63,000,000.00",5.18,5.18
18/02/2022,PUMA,"500,000,000.00",1.25,1.25
18/02/2022,SHOP,"2,700,000.00",64.00,64
18/02/2022,CCAF,"1,625,000,597.00",0.20,0.2
18/02/2022,PMDZ,"100,000,000.00",0.60,0.6
18/02/2022,ATEL,"104,000,000.00",17.01,17.01
18/02/2022,CECZ,"1,625,000,597.00",3.30,3.3
18/02/2022,ZABR,"546,000,000.00",7.00,7
18/02/2022,MAFS,"50,000,000.00",2.47,2.47
18/02/2022,ZMBF,"300,579,610.00",1.62,1.62
18/02/2022,SCBL,"1,666,980,000.00",1.50,1.35
18/02/2022,ZSUG,"316,571,385.40",16.25,14.5
18/02/2022,ZMRE,"45,000,000.00",2.79,2.79
18/02/2022,AECI,"20,406,600.00",29.38,29.38
18/02/2022,BATA,"76,107,600.00",2.59,2.59
18/02/2022,CHIL,"200,039,904.00",13.85,13.84
21/02/2022,REIZ,"56,460,198.00",1.30,1.3
21/02/2022,ZMFA,"27,090,100.00",4.78,4.78
21/02/2022,ZNCO,"1,443,750,041.28",1.92,1.9
21/02/2022,ZCCM,"160,800,286.00",37.98,37.98
21/02/2022,ZFCO,"400,000,000.00",1.95,1.95
21/02/2022,BATZ,"212,456,304.00",1.50,1.47
21/02/2022,NATB,"63,000,000.00",5.18,5.18
21/02/2022,PUMA,"500,000,000.00",1.25,1.25
21/02/2022,SHOP,"2,700,000.00",64.00,64
21/02/2022,CCAF,"1,625,000,597.00",0.20,0.21
21/02/2022,PMDZ,"100,000,000.00",0.60,0.6
21/02/2022,ATEL,"104,000,000.00",17.01,17.01
21/02/2022,CECZ,"1,625,000,597.00",3.31,3.45
21/02/2022,ZABR,"546,000,000.00",7.00,7
21/02/2022,MAFS,"50,000,000.00",2.47,2.47
21/02/2022,ZMBF,"300,579,610.00",1.62,1.63
21/02/2022,SCBL,"1,666,980,000.00",1.35,1.35
21/02/2022,ZSUG,"316,571,385.40",14.50,14.5
21/02/2022,ZMRE,"45,000,000.00",2.79,2.79
21/02/2022,AECI,"20,406,600.00",29.38,29.38
21/02/2022,BATA,"76,107,600.00",2.59,2.59
21/02/2022,CHIL,"200,039,904.00",13.84,13.84
22/02/2022,REIZ,"56,460,198.00",1.30,1.3
22/02/2022,ZMFA,"27,090,100.00",4.78,4.78
22/02/2022,ZNCO,"1,443,750,041.28",1.90,1.92
22/02/2022,ZCCM,"160,800,286.00",37.98,37.98
22/02/2022,ZFCO,"400,000,000.00",1.95,1.95
22/02/2022,BATZ,"212,456,304.00",1.50,1.5
22/02/2022,NATB,"63,000,000.00",5.18,5.18
22/02/2022,PUMA,"500,000,000.00",1.25,1.25
22/02/2022,SHOP,"2,700,000.00",64.00,64
22/02/2022,CCAF,"1,625,000,597.00",0.21,0.21
22/02/2022,PMDZ,"100,000,000.00",0.60,0.6
22/02/2022,ATEL,"104,000,000.00",17.01,17.01
22/02/2022,CECZ,"1,625,000,597.00",3.45,3.45
22/02/2022,ZABR,"546,000,000.00",7.00,7
22/02/2022,MAFS,"50,000,000.00",2.47,2.47
22/02/2022,ZMBF,"300,579,610.00",1.63,1.63
22/02/2022,SCBL,"1,666,980,000.00",1.35,1.35
22/02/2022,ZSUG,"316,571,385.40",17.36,17.36
22/02/2022,ZMRE,"45,000,000.00",2.79,2.79
22/02/2022,AECI,"20,406,600.00",29.38,29.38
22/02/2022,BATA,"76,107,600.00",2.59,2.59
22/02/2022,CHIL,"200,039,904.00",13.84,13.84
23/02/2022,REIZ,"56,460,198.00",1.30,1.3
23/02/2022,ZMFA,"27,090,100.00",4.78,4.78
23/02/2022,ZNCO,"1,443,750,041.28",1.92,1.92
23/02/2022,ZCCM,"160,800,286.00",37.98,37.98
23/02/2022,ZFCO,"400,000,000.00",1.95,1.95
23/02/2022,BATZ,"212,456,304.00",1.50,1.5
23/02/2022,NATB,"63,000,000.00",5.18,5.18
23/02/2022,PUMA,"500,000,000.00",1.25,1.25
23/02/2022,SHOP,"2,700,000.00",64.00,64
23/02/2022,CCAF,"1,625,000,597.00",0.21,0.21
23/02/2022,PMDZ,"100,000,000.00",0.60,0.6
23/02/2022,ATEL,"104,000,000.00",17.01,17.01
23/02/2022,CECZ,"1,625,000,597.00",3.40,3.45
23/02/2022,ZABR,"546,000,000.00",7.00,7
23/02/2022,MAFS,"50,000,000.00",2.47,2.47
23/02/2022,ZMBF,"300,579,610.00",1.63,1.63
23/02/2022,SCBL,"1,666,980,000.00",1.35,1.35
23/02/2022,ZSUG,"316,571,385.40",17.36,14.5
23/02/2022,ZMRE,"45,000,000.00",2.79,2.79
23/02/2022,AECI,"20,406,600.00",29.38,29.38
23/02/2022,BATA,"76,107,600.00",2.59,2.59
23/02/2022,CHIL,"200,039,904.00",13.84,13.84
24/02/2022,REIZ,"56,460,198.00",1.30,1.3
24/02/2022,ZMFA,"27,090,100.00",4.78,4.78
24/02/2022,ZNCO,"1,443,750,041.28",1.92,1.95
24/02/2022,ZCCM,"160,800,286.00",37.98,37.98
24/02/2022,ZFCO,"400,000,000.00",1.95,1.95
24/02/2022,BATZ,"212,456,304.00",1.50,1.5
24/02/2022,NATB,"63,000,000.00",5.18,5.18
24/02/2022,PUMA,"500,000,000.00",1.25,1.25
24/02/2022,SHOP,"2,700,000.00",64.00,64
24/02/2022,CCAF,"1,625,000,597.00",0.21,0.21
24/02/2022,PMDZ,"100,000,000.00",0.60,0.6
24/02/2022,ATEL,"104,000,000.00",17.01,17.01
24/02/2022,CECZ,"1,625,000,597.00",3.45,3.45
24/02/2022,ZABR,"546,000,000.00",7.00,7
24/02/2022,MAFS,"50,000,000.00",2.47,2.47
24/02/2022,ZMBF,"300,579,610.00",1.63,1.63
24/02/2022,SCBL,"1,666,980,000.00",1.35,1.35
24/02/2022,ZSUG,"316,571,385.40",14.50,14.5
24/02/2022,ZMRE,"45,000,000.00",2.79,2.79
24/02/2022,AECI,"20,406,600.00",29.38,29.38
24/02/2022,BATA,"76,107,600.00",2.59,2.59
24/02/2022,CHIL,"200,039,904.00",13.84,13.84
25/02/2022,REIZ,"56,460,198.00",1.30,1.3
25/02/2022,ZMFA,"27,090,100.00",4.78,4.78
25/02/2022,ZNCO,"1,443,750,041.28",1.95,1.95
25/02/2022,ZCCM,"160,800,286.00",37.98,37.98
25/02/2022,ZFCO,"400,000,000.00",1.95,1.95
25/02/2022,BATZ,"212,456,304.00",1.50,1.5
25/02/2022,NATB,"63,000,000.00",5.18,5.18
25/02/2022,PUMA,"500,000,000.00",1.25,1.25
25/02/2022,SHOP,"2,700,000.00",64.00,64
25/02/2022,CCAF,"1,625,000,597.00",0.21,0.21
25/02/2022,PMDZ,"100,000,000.00",0.60,0.6
25/02/2022,ATEL,"104,000,000.00",17.01,17.01
25/02/2022,CECZ,"1,625,000,597.00",3.45,3.45
25/02/2022,ZABR,"546,000,000.00",7.00,7
25/02/2022,MAFS,"50,000,000.00",2.47,2.47
25/02/2022,ZMBF,"300,579,610.00",1.63,1.63
25/02/2022,SCBL,"1,666,980,000.00",1.35,1.35
25/02/2022,ZSUG,"316,571,385.40",14.50,14.5
25/02/2022,ZMRE,"45,000,000.00",2.79,2.79
25/02/2022,AECI,"20,406,600.00",29.38,29.38
25/02/2022,BATA,"76,107,600.00",2.59,2.59
25/02/2022,CHIL,"200,039,904.00",13.84,13.84
28/02/2022,REIZ,"56,460,198.00",1.30,1.3
28/02/2022,ZMFA,"27,090,100.00",4.78,4.78
28/02/2022,ZNCO,"1,443,750,041.28",1.95,1.95
28/02/2022,ZCCM,"160,800,286.00",37.98,37.98
28/02/2022,ZFCO,"400,000,000.00",1.95,1.95
28/02/2022,BATZ,"212,456,304.00",1.50,1.5
28/02/2022,NATB,"63,000,000.00",5.18,5.18
28/02/2022,PUMA,"500,000,000.00",1.25,1.25
28/02/2022,SHOP,"2,700,000.00",64.00,64
28/02/2022,CCAF,"1,625,000,597.00",0.21,0.21
28/02/2022,PMDZ,"100,000,000.00",0.60,0.6
28/02/2022,ATEL,"104,000,000.00",17.01,17.01
28/02/2022,CECZ,"1,625,000,597.00",3.45,3.45
28/02/2022,ZABR,"546,000,000.00",7.00,7
28/02/2022,MAFS,"50,000,000.00",2.47,2.47
28/02/2022,ZMBF,"300,579,610.00",1.63,1.63
28/02/2022,SCBL,"1,666,980,000.00",1.35,1.35
28/02/2022,ZSUG,"316,571,385.40",14.50,14.5
28/02/2022,ZMRE,"45,000,000.00",2.79,2.79
28/02/2022,AECI,"20,406,600.00",29.38,29.38
28/02/2022,BATA,"76,107,600.00",2.59,2.59
28/02/2022,CHIL,"200,039,904.00",13.84,13.84
01/03/2022,REIZ,"56,460,198.00",1.30,1.3
01/03/2022,ZMFA,"27,090,100.00",4.78,4.78
01/03/2022,ZNCO,"1,443,750,041.28",1.98,1.98
01/03/2022,ZCCM,"160,800,286.00",37.98,37.98
01/03/2022,ZFCO,"400,000,000.00",1.95,1.95
01/03/2022,BATZ,"212,456,304.00",1.50,1.5
01/03/2022,NATB,"63,000,000.00",5.18,5.18
01/03/2022,PUMA,"500,000,000.00",1.36,1.36
01/03/2022,SHOP,"2,700,000.00",64.00,64
01/03/2022,CCAF,"1,625,000,597.00",0.21,0.22
01/03/2022,PMDZ,"100,000,000.00",0.60,0.6
01/03/2022,ATEL,"104,000,000.00",17.01,17.01
01/03/2022,CECZ,"1,625,000,597.00",3.45,3.45
01/03/2022,ZABR,"546,000,000.00",7.00,7
01/03/2022,MAFS,"50,000,000.00",2.47,2.47
01/03/2022,ZMBF,"300,579,610.00",1.63,1.63
01/03/2022,SCBL,"1,666,980,000.00",1.35,1.35
01/03/2022,ZSUG,"316,571,385.40",14.50,14.5
01/03/2022,ZMRE,"45,000,000.00",2.79,2.79
01/03/2022,AECI,"20,406,600.00",29.38,29.38
01/03/2022,BATA,"76,107,600.00",2.59,2.59
01/03/2022,CHIL,"200,039,904.00",13.84,13.84
02/03/2022,REIZ,"56,460,198.00",1.30,1.3
02/03/2022,ZMFA,"27,090,100.00",4.78,4.78
02/03/2022,ZNCO,"1,443,750,041.28",1.98,1.98
02/03/2022,ZCCM,"160,800,286.00",37.98,37.98
02/03/2022,ZFCO,"400,000,000.00",1.95,1.95
02/03/2022,BATZ,"212,456,304.00",1.50,1.5
02/03/2022,NATB,"63,000,000.00",5.18,5.18
02/03/2022,PUMA,"500,000,000.00",1.36,1.25
02/03/2022,SHOP,"2,700,000.00",64.00,64
02/03/2022,CCAF,"1,625,000,597.00",0.22,0.22
02/03/2022,PMDZ,"100,000,000.00",0.60,0.6
02/03/2022,ATEL,"104,000,000.00",17.01,17.01
02/03/2022,CECZ,"1,625,000,597.00",3.45,3.45
02/03/2022,ZABR,"546,000,000.00",7.00,7
02/03/2022,MAFS,"50,000,000.00",2.47,2.47
02/03/2022,ZMBF,"300,579,610.00",1.63,1.63
02/03/2022,SCBL,"1,666,980,000.00",1.35,1.35
02/03/2022,ZSUG,"316,571,385.40",14.50,14.5
02/03/2022,ZMRE,"45,000,000.00",2.79,2.79
02/03/2022,AECI,"20,406,600.00",29.38,29.38
02/03/2022,BATA,"76,107,600.00",2.59,2.59
02/03/2022,CHIL,"200,039,904.00",13.84,13.84
03/03/2022,REIZ,"56,460,198.00",1.30,1.3
03/03/2022,ZMFA,"27,090,100.00",4.78,4.78
03/03/2022,ZNCO,"1,443,750,041.28",1.98,1.98
03/03/2022,ZCCM,"160,800,286.00",37.98,37.98
03/03/2022,ZFCO,"400,000,000.00",1.95,1.95
03/03/2022,BATZ,"212,456,304.00",1.50,1.5
03/03/2022,NATB,"63,000,000.00",5.18,5.18
03/03/2022,PUMA,"500,000,000.00",1.30,1.3
03/03/2022,SHOP,"2,700,000.00",64.00,64
03/03/2022,CCAF,"1,625,000,597.00",0.22,0.22
03/03/2022,PMDZ,"100,000,000.00",0.60,0.6
03/03/2022,ATEL,"104,000,000.00",17.01,17.01
03/03/2022,CECZ,"1,625,000,597.00",3.45,3.45
03/03/2022,ZABR,"546,000,000.00",7.00,7
03/03/2022,MAFS,"50,000,000.00",2.47,2.47
03/03/2022,ZMBF,"300,579,610.00",1.63,1.63
03/03/2022,SCBL,"1,666,980,000.00",1.35,1.34
03/03/2022,ZSUG,"316,571,385.40",14.50,14.5
03/03/2022,ZMRE,"45,000,000.00",2.79,2.79
03/03/2022,AECI,"20,406,600.00",29.38,29.38
03/03/2022,BATA,"76,107,600.00",2.59,2.59
03/03/2022,CHIL,"200,039,904.00",13.84,13.84
04/03/2022,REIZ,"56,460,198.00",1.30,1.3
04/03/2022,ZMFA,"27,090,100.00",4.78,4.78
04/03/2022,ZNCO,"1,443,750,041.28",1.98,1.98
04/03/2022,ZCCM,"160,800,286.00",37.98,37.98
04/03/2022,ZFCO,"400,000,000.00",1.95,1.95
04/03/2022,BATZ,"212,456,304.00",1.50,1.5
04/03/2022,NATB,"63,000,000.00",5.18,5.18
04/03/2022,PUMA,"500,000,000.00",1.30,1.3
04/03/2022,SHOP,"2,700,000.00",64.00,64
04/03/2022,CCAF,"1,625,000,597.00",0.22,0.23
04/03/2022,PMDZ,"100,000,000.00",0.60,0.6
04/03/2022,ATEL,"104,000,000.00",17.01,17.01
04/03/2022,CECZ,"1,625,000,597.00",3.45,3.45
04/03/2022,ZABR,"546,000,000.00",7.00,7
04/03/2022,MAFS,"50,000,000.00",2.47,2.47
04/03/2022,ZMBF,"300,579,610.00",1.63,1.63
04/03/2022,SCBL,"1,666,980,000.00",1.34,1.34
04/03/2022,ZSUG,"316,571,385.40",14.50,14.5
04/03/2022,ZMRE,"45,000,000.00",2.79,2.79
04/03/2022,AECI,"20,406,600.00",29.38,29.38
04/03/2022,BATA,"76,107,600.00",2.59,2.59
04/03/2022,CHIL,"200,039,904.00",13.84,13.84
07/03/2022,REIZ,"56,460,198.00",1.30,1.3
07/03/2022,ZMFA,"27,090,100.00",4.78,4.78
07/03/2022,ZNCO,"1,443,750,041.28",1.98,1.98
07/03/2022,ZCCM,"160,800,286.00",37.98,37.98
07/03/2022,ZFCO,"400,000,000.00",1.95,1.95
07/03/2022,BATZ,"212,456,304.00",1.50,1.5
07/03/2022,NATB,"63,000,000.00",5.18,5.18
07/03/2022,PUMA,"500,000,000.00",1.30,1.3
07/03/2022,SHOP,"2,700,000.00",64.00,64
07/03/2022,CCAF,"1,625,000,597.00",0.23,0.21
07/03/2022,PMDZ,"100,000,000.00",0.60,0.6
07/03/2022,ATEL,"104,000,000.00",17.01,17.01
07/03/2022,CECZ,"1,625,000,597.00",3.45,3.45
07/03/2022,ZABR,"546,000,000.00",7.00,7
07/03/2022,MAFS,"50,000,000.00",2.47,2.47
07/03/2022,ZMBF,"300,579,610.00",1.63,1.63
07/03/2022,SCBL,"1,666,980,000.00",1.34,1.34
07/03/2022,ZSUG,"316,571,385.40",14.50,16.5
07/03/2022,ZMRE,"45,000,000.00",2.79,2.79
07/03/2022,AECI,"20,406,600.00",29.38,29.38
07/03/2022,BATA,"76,107,600.00",2.59,2.59
07/03/2022,CHIL,"200,039,904.00",13.84,13.84
09/03/2022,REIZ,"56,460,198.00",1.30,1.3
09/03/2022,ZMFA,"27,090,100.00",4.78,4.78
09/03/2022,ZNCO,"1,443,750,041.28",1.98,2.1
09/03/2022,ZCCM,"160,800,286.00",37.98,37.98
09/03/2022,ZFCO,"400,000,000.00",1.95,1.95
09/03/2022,BATZ,"212,456,304.00",1.50,1.5
09/03/2022,NATB,"63,000,000.00",5.18,5.18
09/03/2022,PUMA,"500,000,000.00",1.30,1.55
09/03/2022,SHOP,"2,700,000.00",64.00,64
09/03/2022,CCAF,"1,625,000,597.00",0.21,0.21
09/03/2022,PMDZ,"100,000,000.00",0.60,0.6
09/03/2022,ATEL,"104,000,000.00",17.01,17.01
09/03/2022,CECZ,"1,625,000,597.00",3.45,3.45
09/03/2022,ZABR,"546,000,000.00",7.00,7
09/03/2022,MAFS,"50,000,000.00",2.47,2.47
09/03/2022,ZMBF,"300,579,610.00",1.63,1.63
09/03/2022,SCBL,"1,666,980,000.00",1.34,1.34
09/03/2022,ZSUG,"316,571,385.40",16.50,16.5
09/03/2022,ZMRE,"45,000,000.00",2.79,2.79
09/03/2022,AECI,"20,406,600.00",29.38,29.4
09/03/2022,BATA,"76,107,600.00",2.59,2.59
09/03/2022,CHIL,"200,039,904.00",13.84,13.84
10/03/2022,REIZ,"56,460,198.00",1.30,1.3
10/03/2022,ZMFA,"27,090,100.00",4.78,4.78
10/03/2022,ZNCO,"1,443,750,041.28",2.03,2.03
10/03/2022,ZCCM,"160,800,286.00",37.98,37.98
10/03/2022,ZFCO,"400,000,000.00",1.95,1.95
10/03/2022,BATZ,"212,456,304.00",1.50,1.5
10/03/2022,NATB,"63,000,000.00",5.18,5.18
10/03/2022,PUMA,"500,000,000.00",1.55,1.55
10/03/2022,SHOP,"2,700,000.00",64.00,64
10/03/2022,CCAF,"1,625,000,597.00",0.21,0.21
10/03/2022,PMDZ,"100,000,000.00",0.60,0.6
10/03/2022,ATEL,"104,000,000.00",17.01,17.01
10/03/2022,CECZ,"1,625,000,597.00",3.45,3.45
10/03/2022,ZABR,"546,000,000.00",7.00,7
10/03/2022,MAFS,"50,000,000.00",2.47,2.47
10/03/2022,ZMBF,"300,579,610.00",1.63,1.63
10/03/2022,SCBL,"1,666,980,000.00",1.34,1.34
10/03/2022,ZSUG,"316,571,385.40",16.50,16.5
10/03/2022,ZMRE,"45,000,000.00",2.79,2.79
10/03/2022,AECI,"20,406,600.00",29.40,29.4
10/03/2022,BATA,"76,107,600.00",2.59,2.59
10/03/2022,CHIL,"200,039,904.00",13.84,13.84
11/03/2022,REIZ,"56,460,198.00",1.30,1.3
11/03/2022,ZMFA,"27,090,100.00",4.78,4.78
11/03/2022,ZNCO,"1,443,750,041.28",2.03,2.03
11/03/2022,ZCCM,"160,800,286.00",37.98,37.98
11/03/2022,ZFCO,"400,000,000.00",1.95,1.95
11/03/2022,BATZ,"212,456,304.00",1.50,1.5
11/03/2022,NATB,"63,000,000.00",5.18,5.18
11/03/2022,PUMA,"500,000,000.00",1.55,1.55
11/03/2022,SHOP,"2,700,000.00",64.00,64
11/03/2022,CCAF,"1,625,000,597.00",0.21,0.21
11/03/2022,PMDZ,"100,000,000.00",0.60,0.6
11/03/2022,ATEL,"104,000,000.00",17.01,17.01
11/03/2022,CECZ,"1,625,000,597.00",3.44,3.44
11/03/2022,ZABR,"546,000,000.00",7.00,7
11/03/2022,MAFS,"50,000,000.00",2.47,2.47
11/03/2022,ZMBF,"300,579,610.00",1.63,1.63
11/03/2022,SCBL,"1,666,980,000.00",1.34,1.34
11/03/2022,ZSUG,"316,571,385.40",16.50,16.5
11/03/2022,ZMRE,"45,000,000.00",2.79,2.79
11/03/2022,AECI,"20,406,600.00",29.40,29.4
11/03/2022,BATA,"76,107,600.00",2.59,2.59
11/03/2022,CHIL,"200,039,904.00",13.84,13.84
14/03/2022,REIZ,"56,460,198.00",1.30,1.3
14/03/2022,ZMFA,"27,090,100.00",4.78,4.78
14/03/2022,ZNCO,"1,443,750,041.28",2.03,2.03
14/03/2022,ZCCM,"160,800,286.00",37.98,37.98
14/03/2022,ZFCO,"400,000,000.00",1.95,1.95
14/03/2022,BATZ,"212,456,304.00",1.50,1.5
14/03/2022,NATB,"63,000,000.00",5.18,5.18
14/03/2022,PUMA,"500,000,000.00",1.55,1.55
14/03/2022,SHOP,"2,700,000.00",64.00,64
14/03/2022,CCAF,"1,625,000,597.00",0.21,0.24
14/03/2022,PMDZ,"100,000,000.00",0.60,0.6
14/03/2022,ATEL,"104,000,000.00",17.01,17.01
14/03/2022,CECZ,"1,625,000,597.00",3.44,3.4
14/03/2022,ZABR,"546,000,000.00",7.00,7
14/03/2022,MAFS,"50,000,000.00",2.47,2.47
14/03/2022,ZMBF,"300,579,610.00",1.63,1.61
14/03/2022,SCBL,"1,666,980,000.00",1.34,1.34
14/03/2022,ZSUG,"316,571,385.40",16.50,16.5
14/03/2022,ZMRE,"45,000,000.00",2.79,2.79
14/03/2022,AECI,"20,406,600.00",29.40,29.4
14/03/2022,BATA,"76,107,600.00",2.59,2.59
14/03/2022,CHIL,"200,039,904.00",13.84,13.84
15/03/2022,REIZ,"56,460,198.00",1.30,1.3
15/03/2022,ZMFA,"27,090,100.00",4.78,4.78
15/03/2022,ZNCO,"1,443,750,041.28",2.03,2.03
15/03/2022,ZCCM,"160,800,286.00",37.98,37.98
15/03/2022,ZFCO,"400,000,000.00",1.95,1.95
15/03/2022,BATZ,"212,456,304.00",1.50,1.5
15/03/2022,NATB,"63,000,000.00",5.18,5.18
15/03/2022,PUMA,"500,000,000.00",1.55,1.55
15/03/2022,SHOP,"2,700,000.00",64.00,64
15/03/2022,CCAF,"1,625,000,597.00",0.24,0.24
15/03/2022,PMDZ,"100,000,000.00",0.60,0.6
15/03/2022,ATEL,"104,000,000.00",17.01,17.01
15/03/2022,CECZ,"1,625,000,597.00",3.43,3.44
15/03/2022,ZABR,"546,000,000.00",7.00,7
15/03/2022,MAFS,"50,000,000.00",2.47,2.47
15/03/2022,ZMBF,"300,579,610.00",1.64,1.62
15/03/2022,SCBL,"1,666,980,000.00",1.34,1.34
15/03/2022,ZSUG,"316,571,385.40",16.50,16.5
15/03/2022,ZMRE,"45,000,000.00",2.79,2.79
15/03/2022,AECI,"20,406,600.00",29.40,29.4
15/03/2022,BATA,"76,107,600.00",2.59,2.59
15/03/2022,CHIL,"200,039,904.00",13.84,13.84
16/03/2022,REIZ,"56,460,198.00",1.30,1.3
16/03/2022,ZMFA,"27,090,100.00",4.78,4.78
16/03/2022,ZNCO,"1,443,750,041.28",2.03,2.03
16/03/2022,ZCCM,"160,800,286.00",37.98,37.98
16/03/2022,ZFCO,"400,000,000.00",1.95,1.95
16/03/2022,BATZ,"212,456,304.00",1.50,1.5
16/03/2022,NATB,"63,000,000.00",5.18,5.18
16/03/2022,PUMA,"500,000,000.00",1.44,1.44
16/03/2022,SHOP,"2,700,000.00",64.00,64
16/03/2022,CCAF,"1,625,000,597.00",0.24,0.24
16/03/2022,PMDZ,"100,000,000.00",0.60,0.6
16/03/2022,ATEL,"104,000,000.00",17.01,17.01
16/03/2022,CECZ,"1,625,000,597.00",3.43,3.43
16/03/2022,ZABR,"546,000,000.00",7.00,7
16/03/2022,MAFS,"50,000,000.00",2.47,2.47
16/03/2022,ZMBF,"300,579,610.00",1.62,1.62
16/03/2022,SCBL,"1,666,980,000.00",1.34,1.34
16/03/2022,ZSUG,"316,571,385.40",16.50,16.5
16/03/2022,ZMRE,"45,000,000.00",2.79,2.79
16/03/2022,AECI,"20,406,600.00",29.40,29.4
16/03/2022,BATA,"76,107,600.00",2.59,2.59
16/03/2022,CHIL,"200,039,904.00",13.84,13.38
17/03/2022,REIZ,"56,460,198.00",1.30,1.3
17/03/2022,ZMFA,"27,090,100.00",4.78,4.78
17/03/2022,ZNCO,"1,443,750,041.28",2.03,2.03
17/03/2022,ZCCM,"160,800,286.00",37.98,37.98
17/03/2022,ZFCO,"400,000,000.00",1.95,1.95
17/03/2022,BATZ,"212,456,304.00",1.50,1.5
17/03/2022,NATB,"63,000,000.00",5.18,5.18
17/03/2022,PUMA,"500,000,000.00",1.44,1.55
17/03/2022,SHOP,"2,700,000.00",64.00,64
17/03/2022,CCAF,"1,625,000,597.00",0.24,0.24
17/03/2022,PMDZ,"100,000,000.00",0.60,0.6
17/03/2022,ATEL,"104,000,000.00",17.01,17.01
17/03/2022,CECZ,"1,625,000,597.00",3.44,3.44
17/03/2022,ZABR,"546,000,000.00",7.00,7
17/03/2022,MAFS,"50,000,000.00",2.47,2.47
17/03/2022,ZMBF,"300,579,610.00",1.62,1.62
17/03/2022,SCBL,"1,666,980,000.00",1.34,1.34
17/03/2022,ZSUG,"316,571,385.40",16.50,16.5
17/03/2022,ZMRE,"45,000,000.00",2.79,2.79
17/03/2022,AECI,"20,406,600.00",29.40,29.4
17/03/2022,BATA,"76,107,600.00",2.59,2.59
17/03/2022,CHIL,"200,039,904.00",13.38,13.38
21/03/2022,MAFS,0,1,0
21/03/2022,REIZ,"56,460,198.00",1.30,1.3
21/03/2022,ZMFA,"27,090,100.00",4.78,4.78
21/03/2022,ZNCO,"1,443,750,041.28",2.03,2.03
21/03/2022,ZCCM,"160,800,286.00",37.98,37.98
21/03/2022,ZFCO,"400,000,000.00",1.95,1.95
21/03/2022,BATZ,"212,456,304.00",1.50,1.5
21/03/2022,NATB,"63,000,000.00",5.18,5.18
21/03/2022,PUMA,"500,000,000.00",1.55,1.55
21/03/2022,SHOP,"2,700,000.00",64.00,64
21/03/2022,CCAF,"1,625,000,597.00",0.24,0.24
21/03/2022,PMDZ,"100,000,000.00",0.60,0.6
21/03/2022,ATEL,"104,000,000.00",17.01,17.01
21/03/2022,CECZ,"1,625,000,597.00",3.44,3.44
21/03/2022,ZABR,"546,000,000.00",7.00,7
21/03/2022,MAFS,"50,000,000.00",2.47,2.47
21/03/2022,ZMBF,"300,579,610.00",1.62,1.62
21/03/2022,SCBL,"1,666,980,000.00",1.34,1.34
21/03/2022,ZSUG,"316,571,385.40",16.50,18
21/03/2022,ZMRE,"45,000,000.00",2.79,2.79
21/03/2022,AECI,"20,406,600.00",29.40,29.4
21/03/2022,BATA,"76,107,600.00",2.59,2.59
21/03/2022,CHIL,"200,039,904.00",13.38,13.38
22/03/2022,MAFS,0,1,1
22/03/2022,REIZ,"56,460,198.00",1.30,1.3
22/03/2022,ZMFA,"27,090,100.00",4.78,4.78
22/03/2022,ZNCO,"1,443,750,041.28",2.03,2.38
22/03/2022,ZCCM,"160,800,286.00",37.98,37.98
22/03/2022,ZFCO,"400,000,000.00",1.95,1.95
22/03/2022,BATZ,"212,456,304.00",1.50,1.5
22/03/2022,NATB,"63,000,000.00",5.18,5.18
22/03/2022,PUMA,"500,000,000.00",1.55,1.55
22/03/2022,SHOP,"2,700,000.00",64.00,64
22/03/2022,CCAF,"1,625,000,597.00",0.24,0.24
22/03/2022,PMDZ,"100,000,000.00",0.60,0.6
22/03/2022,ATEL,"104,000,000.00",17.01,17.01
22/03/2022,CECZ,"1,625,000,597.00",3.44,3.44
22/03/2022,ZABR,"546,000,000.00",7.00,7
22/03/2022,MAFS,"50,000,000.00",2.47,2.47
22/03/2022,ZMBF,"300,579,610.00",1.62,1.62
22/03/2022,SCBL,"1,666,980,000.00",1.34,1.34
22/03/2022,ZSUG,"316,571,385.40",17.65,17.65
22/03/2022,ZMRE,"45,000,000.00",2.79,2.79
22/03/2022,AECI,"20,406,600.00",29.40,29.39
22/03/2022,BATA,"76,107,600.00",2.59,2.59
22/03/2022,CHIL,"200,039,904.00",13.38,13.38
23/03/2022,REIZ,"56,460,198.00",1.30,1.3
23/03/2022,ZMFA,"27,090,100.00",4.78,4.78
23/03/2022,ZNCO,"1,443,750,041.28",2.38,2.38
23/03/2022,ZCCM,"160,800,286.00",37.98,37.98
23/03/2022,ZFCO,"400,000,000.00",1.95,1.95
23/03/2022,BATZ,"212,456,304.00",1.50,1.5
23/03/2022,NATB,"63,000,000.00",5.18,5.18
23/03/2022,PUMA,"500,000,000.00",1.55,1.55
23/03/2022,SHOP,"2,700,000.00",64.00,64
23/03/2022,CCAF,"1,625,000,597.00",0.24,0.24
23/03/2022,PMDZ,"100,000,000.00",0.60,0.6
23/03/2022,ATEL,"104,000,000.00",17.01,17
23/03/2022,CECZ,"1,625,000,597.00",3.44,3.44
23/03/2022,ZABR,"546,000,000.00",7.00,7
23/03/2022,MAFS,"50,000,000.00",2.47,2.47
23/03/2022,ZMBF,"300,579,610.00",1.62,1.62
23/03/2022,SCBL,"1,666,980,000.00",1.34,1.34
23/03/2022,ZSUG,"316,571,385.40",17.65,17.65
23/03/2022,ZMRE,"45,000,000.00",2.79,2.79
23/03/2022,AECI,"20,406,600.00",29.39,29.4
23/03/2022,BATA,"76,107,600.00",2.59,2.59
23/03/2022,CHIL,"200,039,904.00",13.38,13.38
24/03/2022,REIZ,"56,460,198.00",1.30,1.3
24/03/2022,ZMFA,"27,090,100.00",4.78,4.78
24/03/2022,ZNCO,"1,443,750,041.28",2.38,2.38
24/03/2022,ZCCM,"160,800,286.00",37.98,37.98
24/03/2022,ZFCO,"400,000,000.00",1.95,1.95
24/03/2022,BATZ,"212,456,304.00",1.50,1.5
24/03/2022,NATB,"63,000,000.00",5.18,5.18
24/03/2022,PUMA,"500,000,000.00",1.55,1.55
24/03/2022,SHOP,"2,700,000.00",64.00,64
24/03/2022,CCAF,"1,625,000,597.00",0.24,0.24
24/03/2022,PMDZ,"100,000,000.00",0.60,0.6
24/03/2022,ATEL,"104,000,000.00",17.00,17
24/03/2022,CECZ,"1,625,000,597.00",3.44,3.44
24/03/2022,ZABR,"546,000,000.00",7.00,7
24/03/2022,MAFS,"50,000,000.00",2.47,2.47
24/03/2022,ZMBF,"300,579,610.00",1.62,1.62
24/03/2022,SCBL,"1,666,980,000.00",1.34,1.34
24/03/2022,ZSUG,"316,571,385.40",17.65,17.65
24/03/2022,ZMRE,"45,000,000.00",2.79,2.79
24/03/2022,AECI,"20,406,600.00",29.40,29.4
24/03/2022,BATA,"76,107,600.00",2.59,2.59
24/03/2022,CHIL,"200,039,904.00",13.38,13.38
25/03/2022,REIZ,"56,460,198.00",1.30,1.3
25/03/2022,ZMFA,"27,090,100.00",4.78,4.78
25/03/2022,ZNCO,"1,443,750,041.28",2.38,2.38
25/03/2022,ZCCM,"160,800,286.00",37.98,37.98
25/03/2022,ZFCO,"400,000,000.00",1.95,1.95
25/03/2022,BATZ,"212,456,304.00",1.50,1.5
25/03/2022,NATB,"63,000,000.00",5.18,5.18
25/03/2022,PUMA,"500,000,000.00",1.55,1.55
25/03/2022,SHOP,"2,700,000.00",64.00,64
25/03/2022,CCAF,"1,625,000,597.00",0.24,0.24
25/03/2022,PMDZ,"100,000,000.00",0.60,0.6
25/03/2022,ATEL,"104,000,000.00",17.00,17
25/03/2022,CECZ,"1,625,000,597.00",3.44,3.44
25/03/2022,ZABR,"546,000,000.00",7.00,7
25/03/2022,MAFS,"50,000,000.00",2.47,2.47
25/03/2022,ZMBF,"300,579,610.00",1.61,1.62
25/03/2022,SCBL,"1,666,980,000.00",1.34,1.34
25/03/2022,ZSUG,"316,571,385.40",17.65,17.65
25/03/2022,ZMRE,"45,000,000.00",2.79,2.79
25/03/2022,AECI,"20,406,600.00",29.40,29.4
25/03/2022,BATA,"76,107,600.00",2.59,2.59
25/03/2022,CHIL,"200,039,904.00",13.38,13.38
28/03/2022,REIZ,"56,460,198.00",1.30,1.3
28/03/2022,ZMFA,"27,090,100.00",4.78,4.78
28/03/2022,ZNCO,"1,443,750,041.28",2.38,2.4
28/03/2022,ZCCM,"160,800,286.00",37.98,37.98
28/03/2022,ZFCO,"400,000,000.00",1.95,1.97
28/03/2022,BATZ,"212,456,304.00",1.50,1.5
28/03/2022,NATB,"63,000,000.00",5.18,5.18
28/03/2022,PUMA,"500,000,000.00",1.55,1.55
28/03/2022,SHOP,"2,700,000.00",64.00,64
28/03/2022,CCAF,"1,625,000,597.00",0.24,0.24
28/03/2022,PMDZ,"100,000,000.00",0.60,0.69
28/03/2022,ATEL,"104,000,000.00",17.00,17
28/03/2022,CECZ,"1,625,000,597.00",3.44,3.44
28/03/2022,ZABR,"546,000,000.00",7.00,7
28/03/2022,MAFS,"50,000,000.00",2.47,2.47
28/03/2022,ZMBF,"300,579,610.00",1.62,1.62
28/03/2022,SCBL,"1,666,980,000.00",1.34,1.34
28/03/2022,ZSUG,"316,571,385.40",17.65,17.65
28/03/2022,ZMRE,"45,000,000.00",2.79,2.79
28/03/2022,AECI,"20,406,600.00",29.40,29.4
28/03/2022,BATA,"76,107,600.00",2.59,2.59
28/03/2022,CHIL,"200,039,904.00",13.38,13.38
29/03/2022,REIZ,"56,460,198.00",1.30,1.3
29/03/2022,ZMFA,"27,090,100.00",4.78,4.78
29/03/2022,ZNCO,"1,443,750,041.28",2.38,2.4
29/03/2022,ZCCM,"160,800,286.00",37.98,37.98
29/03/2022,ZFCO,"400,000,000.00",1.97,1.97
29/03/2022,BATZ,"212,456,304.00",1.50,1.5
29/03/2022,NATB,"63,000,000.00",5.18,5.18
29/03/2022,PUMA,"500,000,000.00",1.55,1.55
29/03/2022,SHOP,"2,700,000.00",64.00,64
29/03/2022,CCAF,"1,625,000,597.00",0.24,0.24
29/03/2022,PMDZ,"100,000,000.00",0.69,0.69
29/03/2022,ATEL,"104,000,000.00",17.00,17
29/03/2022,CECZ,"1,625,000,597.00",3.42,3.4
29/03/2022,ZABR,"546,000,000.00",7.00,7
29/03/2022,MAFS,"50,000,000.00",2.47,2.47
29/03/2022,ZMBF,"300,579,610.00",1.62,1.62
29/03/2022,SCBL,"1,666,980,000.00",1.33,1.34
29/03/2022,ZSUG,"316,571,385.40",17.65,17.65
29/03/2022,ZMRE,"45,000,000.00",2.79,2.79
29/03/2022,AECI,"20,406,600.00",29.40,29.4
29/03/2022,BATA,"76,107,600.00",2.59,2.59
29/03/2022,CHIL,"200,039,904.00",13.38,13.38
30/03/2022,REIZ,"56,460,198.00",1.30,1.3
30/03/2022,ZMFA,"27,090,100.00",4.78,4.78
30/03/2022,ZNCO,"1,443,750,041.28",2.40,2.4
30/03/2022,ZCCM,"160,800,286.00",37.98,37.98
30/03/2022,ZFCO,"400,000,000.00",1.97,1.97
30/03/2022,BATZ,"212,456,304.00",1.50,1.5
30/03/2022,NATB,"63,000,000.00",5.18,5.18
30/03/2022,PUMA,"500,000,000.00",1.55,1.55
30/03/2022,SHOP,"2,700,000.00",64.00,64
30/03/2022,CCAF,"1,625,000,597.00",0.24,0.24
30/03/2022,PMDZ,"100,000,000.00",0.69,0.69
30/03/2022,ATEL,"104,000,000.00",17.00,17
30/03/2022,CECZ,"1,625,000,597.00",3.40,3.4
30/03/2022,ZABR,"546,000,000.00",7.00,7
30/03/2022,MAFS,"50,000,000.00",2.47,2.47
30/03/2022,ZMBF,"300,579,610.00",1.62,1.62
30/03/2022,SCBL,"1,666,980,000.00",1.34,1.34
30/03/2022,ZSUG,"316,571,385.40",17.65,17.65
30/03/2022,ZMRE,"45,000,000.00",2.79,2.79
30/03/2022,AECI,"20,406,600.00",29.40,29.4
30/03/2022,BATA,"76,107,600.00",2.59,2.59
30/03/2022,CHIL,"200,039,904.00",13.38,13.38
31/03/2022,REIZ,"56,460,198.00",1.30,1.3
31/03/2022,ZMFA,"27,090,100.00",4.78,4.78
31/03/2022,ZNCO,"1,443,750,041.28",2.40,2.4
31/03/2022,ZCCM,"160,800,286.00",37.98,37.98
31/03/2022,ZFCO,"400,000,000.00",1.97,1.97
31/03/2022,BATZ,"212,456,304.00",1.50,1.5
31/03/2022,NATB,"63,000,000.00",5.18,5.18
31/03/2022,PUMA,"500,000,000.00",1.56,1.56
31/03/2022,SHOP,"2,700,000.00",64.00,64
31/03/2022,CCAF,"1,625,000,597.00",0.24,0.24
31/03/2022,PMDZ,"100,000,000.00",0.69,0.69
31/03/2022,ATEL,"104,000,000.00",17.00,17
31/03/2022,CECZ,"1,625,000,597.00",3.40,3.4
31/03/2022,ZABR,"546,000,000.00",7.00,7
31/03/2022,MAFS,"50,000,000.00",2.47,2.47
31/03/2022,ZMBF,"300,579,610.00",1.62,1.62
31/03/2022,SCBL,"1,666,980,000.00",1.34,1.34
31/03/2022,ZSUG,"316,571,385.40",17.65,17.65
31/03/2022,ZMRE,"45,000,000.00",2.79,2.79
31/03/2022,AECI,"20,406,600.00",29.40,29.4
31/03/2022,BATA,"76,107,600.00",2.59,2.59
31/03/2022,CHIL,"200,039,904.00",13.38,13.38
01/04/2022,REIZ,"56,460,198.00",1.30,1.3
01/04/2022,ZMFA,"27,090,100.00",4.78,4.78
01/04/2022,ZNCO,"1,443,750,041.28",2.40,2.4
01/04/2022,ZCCM,"160,800,286.00",37.98,37.98
01/04/2022,ZFCO,"400,000,000.00",1.97,1.97
01/04/2022,BATZ,"212,456,304.00",1.50,1.5
01/04/2022,NATB,"63,000,000.00",5.18,5.18
01/04/2022,PUMA,"500,000,000.00",1.56,1.56
01/04/2022,SHOP,"2,700,000.00",64.00,64
01/04/2022,CCAF,"1,625,000,597.00",0.24,0.25
01/04/2022,PMDZ,"100,000,000.00",0.69,0.69
01/04/2022,ATEL,"104,000,000.00",17.00,17
01/04/2022,CECZ,"1,625,000,597.00",3.40,3.4
01/04/2022,ZABR,"546,000,000.00",7.00,7
01/04/2022,MAFS,"50,000,000.00",2.47,2.47
01/04/2022,ZMBF,"300,579,610.00",1.62,1.62
01/04/2022,SCBL,"1,666,980,000.00",1.34,1.34
01/04/2022,ZSUG,"316,571,385.40",17.65,17.65
01/04/2022,ZMRE,"45,000,000.00",2.79,2.79
01/04/2022,AECI,"20,406,600.00",29.40,29.4
01/04/2022,BATA,"76,107,600.00",2.59,2.59
01/04/2022,CHIL,"200,039,904.00",13.38,13.38
04/04/2022,REIZ,"56,460,198.00",1.30,1.3
04/04/2022,ZMFA,"27,090,100.00",4.78,4.78
04/04/2022,ZNCO,"1,443,750,041.28",2.40,2.4
04/04/2022,ZCCM,"160,800,286.00",37.98,37.98
04/04/2022,ZFCO,"400,000,000.00",1.97,1.97
04/04/2022,BATZ,"212,456,304.00",1.50,1.5
04/04/2022,NATB,"63,000,000.00",5.18,5.18
04/04/2022,PUMA,"500,000,000.00",1.56,1.56
04/04/2022,SHOP,"2,700,000.00",64.00,64
04/04/2022,CCAF,"1,625,000,597.00",0.25,0.3
04/04/2022,PMDZ,"100,000,000.00",0.69,0.69
04/04/2022,ATEL,"104,000,000.00",17.00,17
04/04/2022,CECZ,"1,625,000,597.00",3.40,3.39
04/04/2022,ZABR,"546,000,000.00",7.00,7
04/04/2022,MAFS,"50,000,000.00",2.47,2.47
04/04/2022,ZMBF,"300,579,610.00",1.62,1.62
04/04/2022,SCBL,"1,666,980,000.00",1.34,1.34
04/04/2022,ZSUG,"316,571,385.40",17.65,17.65
04/04/2022,ZMRE,"45,000,000.00",2.79,2.79
04/04/2022,AECI,"20,406,600.00",29.40,35
04/04/2022,BATA,"76,107,600.00",2.59,2.59
04/04/2022,CHIL,"200,039,904.00",13.38,13.38
05/04/2022,REIZ,"56,460,198.00",1.30,1.3
05/04/2022,ZMFA,"27,090,100.00",4.78,4.78
05/04/2022,ZNCO,"1,443,750,041.28",2.40,2.5
05/04/2022,ZCCM,"160,800,286.00",37.98,37.98
05/04/2022,ZFCO,"400,000,000.00",1.97,1.97
05/04/2022,BATZ,"212,456,304.00",1.50,1.5
05/04/2022,NATB,"63,000,000.00",5.18,5.18
05/04/2022,PUMA,"500,000,000.00",1.56,1.56
05/04/2022,SHOP,"2,700,000.00",64.00,64
05/04/2022,CCAF,"1,625,000,597.00",0.30,0.31
05/04/2022,PMDZ,"100,000,000.00",0.69,0.69
05/04/2022,ATEL,"104,000,000.00",17.00,17
05/04/2022,CECZ,"1,625,000,597.00",3.39,3.38
05/04/2022,ZABR,"546,000,000.00",7.00,7
05/04/2022,MAFS,"50,000,000.00",2.47,2.47
05/04/2022,ZMBF,"300,579,610.00",1.62,1.65
05/04/2022,SCBL,"1,666,980,000.00",1.34,1.34
05/04/2022,ZSUG,"316,571,385.40",17.65,17.65
05/04/2022,ZMRE,"45,000,000.00",2.79,2.79
05/04/2022,AECI,"20,406,600.00",35.00,36.75
05/04/2022,BATA,"76,107,600.00",2.59,2.59
05/04/2022,CHIL,"200,039,904.00",13.38,13.38
06/04/2022,REIZ,"56,460,198.00",1.30,1.3
06/04/2022,ZMFA,"27,090,100.00",4.78,4.78
06/04/2022,ZNCO,"1,443,750,041.28",2.50,2.5
06/04/2022,ZCCM,"160,800,286.00",37.98,37.98
06/04/2022,ZFCO,"400,000,000.00",1.97,1.97
06/04/2022,BATZ,"212,456,304.00",1.50,1.5
06/04/2022,NATB,"63,000,000.00",5.18,5.18
06/04/2022,PUMA,"500,000,000.00",1.56,1.56
06/04/2022,SHOP,"2,700,000.00",64.00,64
06/04/2022,CCAF,"1,625,000,597.00",0.31,0.31
06/04/2022,PMDZ,"100,000,000.00",0.69,0.69
06/04/2022,ATEL,"104,000,000.00",17.00,17
06/04/2022,CECZ,"1,625,000,597.00",3.39,3.38
06/04/2022,ZABR,"546,000,000.00",7.00,7
06/04/2022,MAFS,"50,000,000.00",2.47,2.47
06/04/2022,ZMBF,"300,579,610.00",1.64,1.65
06/04/2022,SCBL,"1,666,980,000.00",1.34,1.4
06/04/2022,ZSUG,"316,571,385.40",17.65,17.65
06/04/2022,ZMRE,"45,000,000.00",2.79,2.79
06/04/2022,AECI,"20,406,600.00",36.75,36.75
06/04/2022,BATA,"76,107,600.00",2.59,2.59
06/04/2022,CHIL,"200,039,904.00",13.38,13.38
07/04/2022,REIZ,"56,460,198.00",1.30,1.3
07/04/2022,ZMFA,"27,090,100.00",4.78,4.78
07/04/2022,ZNCO,"1,443,750,041.28",2.50,2.5
07/04/2022,ZCCM,"160,800,286.00",37.98,37.98
07/04/2022,ZFCO,"400,000,000.00",1.97,1.97
07/04/2022,BATZ,"212,456,304.00",1.50,1.5
07/04/2022,NATB,"63,000,000.00",5.18,5.18
07/04/2022,PUMA,"500,000,000.00",1.56,1.56
07/04/2022,SHOP,"2,700,000.00",64.00,64
07/04/2022,CCAF,"1,625,000,597.00",0.31,0.31
07/04/2022,PMDZ,"100,000,000.00",0.69,0.69
07/04/2022,ATEL,"104,000,000.00",17.00,17
07/04/2022,CECZ,"1,625,000,597.00",3.38,3.38
07/04/2022,ZABR,"546,000,000.00",7.00,7
07/04/2022,MAFS,"50,000,000.00",2.47,2.47
07/04/2022,ZMBF,"300,579,610.00",1.65,1.65
07/04/2022,SCBL,"1,666,980,000.00",1.40,1.4
07/04/2022,ZSUG,"316,571,385.40",17.65,17.65
07/04/2022,ZMRE,"45,000,000.00",2.79,2.79
07/04/2022,AECI,"20,406,600.00",36.75,36.75
07/04/2022,BATA,"76,107,600.00",2.59,2.59
07/04/2022,CHIL,"200,039,904.00",13.38,13.38
08/04/2022,REIZ,"56,460,198.00",1.30,1.3
08/04/2022,ZMFA,"27,090,100.00",4.78,4.78
08/04/2022,ZNCO,"1,443,750,041.28",2.50,2.6
08/04/2022,ZCCM,"160,800,286.00",37.98,37.98
08/04/2022,ZFCO,"400,000,000.00",1.97,1.97
08/04/2022,BATZ,"212,456,304.00",1.50,1.5
08/04/2022,NATB,"63,000,000.00",5.18,5.18
08/04/2022,PUMA,"500,000,000.00",1.56,1.56
08/04/2022,SHOP,"2,700,000.00",64.00,64
08/04/2022,CCAF,"1,625,000,597.00",0.31,0.25
08/04/2022,PMDZ,"100,000,000.00",0.69,0.69
08/04/2022,ATEL,"104,000,000.00",17.00,17
08/04/2022,CECZ,"1,625,000,597.00",3.38,3.4
08/04/2022,ZABR,"546,000,000.00",7.00,7
08/04/2022,MAFS,"50,000,000.00",2.47,2.47
08/04/2022,ZMBF,"300,579,610.00",1.65,1.65
08/04/2022,SCBL,"1,666,980,000.00",1.40,1.4
08/04/2022,ZSUG,"316,571,385.40",17.65,17.65
08/04/2022,ZMRE,"45,000,000.00",2.79,2.79
08/04/2022,AECI,"20,406,600.00",36.75,36.75
08/04/2022,BATA,"76,107,600.00",2.59,2.59
08/04/2022,CHIL,"200,039,904.00",13.38,13.38
11/04/2022,REIZ,"56,460,198.00",1.30,1.3
11/04/2022,ZMFA,"27,090,100.00",4.78,4.78
11/04/2022,ZNCO,"1,443,750,041.28",2.60,2.6
11/04/2022,ZCCM,"160,800,286.00",37.98,37.98
11/04/2022,ZFCO,"400,000,000.00",1.97,1.97
11/04/2022,BATZ,"212,456,304.00",1.50,1.5
11/04/2022,NATB,"63,000,000.00",5.18,5.18
11/04/2022,PUMA,"500,000,000.00",1.56,1.56
11/04/2022,SHOP,"2,700,000.00",64.00,64
11/04/2022,CCAF,"1,625,000,597.00",0.28,0.28
11/04/2022,PMDZ,"100,000,000.00",0.69,0.69
11/04/2022,ATEL,"104,000,000.00",17.00,17
11/04/2022,CECZ,"1,625,000,597.00",3.40,3.4
11/04/2022,ZABR,"546,000,000.00",7.00,7
11/04/2022,MAFS,"50,000,000.00",2.47,2.47
11/04/2022,ZMBF,"300,579,610.00",1.65,1.65
11/04/2022,SCBL,"1,666,980,000.00",1.40,1.4
11/04/2022,ZSUG,"316,571,385.40",17.65,17.65
11/04/2022,ZMRE,"45,000,000.00",2.79,2.79
11/04/2022,AECI,"20,406,600.00",36.75,36.75
11/04/2022,BATA,"76,107,600.00",2.59,2.59
11/04/2022,CHIL,"200,039,904.00",13.38,13.38
12/04/2022,REIZ,"56,460,198.00",1.30,1.2
12/04/2022,ZMFA,"27,090,100.00",4.78,4.78
12/04/2022,ZNCO,"1,443,750,041.28",2.60,2.75
12/04/2022,ZCCM,"160,800,286.00",37.98,37.98
12/04/2022,ZFCO,"400,000,000.00",1.97,1.97
12/04/2022,BATZ,"212,456,304.00",1.50,1.5
12/04/2022,NATB,"63,000,000.00",5.18,5.18
12/04/2022,PUMA,"500,000,000.00",1.56,1.56
12/04/2022,SHOP,"2,700,000.00",64.00,64
12/04/2022,CCAF,"1,625,000,597.00",0.28,0.31
12/04/2022,PMDZ,"100,000,000.00",0.69,0.69
12/04/2022,ATEL,"104,000,000.00",17.00,17
12/04/2022,CECZ,"1,625,000,597.00",3.39,3.4
12/04/2022,ZABR,"546,000,000.00",7.00,7
12/04/2022,MAFS,"50,000,000.00",2.47,2.47
12/04/2022,ZMBF,"300,579,610.00",1.65,1.62
12/04/2022,SCBL,"1,666,980,000.00",1.37,1.37
12/04/2022,ZSUG,"316,571,385.40",17.65,17.65
12/04/2022,ZMRE,"45,000,000.00",2.79,2.79
12/04/2022,AECI,"20,406,600.00",36.75,36.75
12/04/2022,BATA,"76,107,600.00",2.59,2.59
12/04/2022,CHIL,"200,039,904.00",13.38,13.38
13/04/2022,REIZ,"56,460,198.00",1.20,1.2
13/04/2022,ZMFA,"27,090,100.00",4.78,4.78
13/04/2022,ZNCO,"1,443,750,041.28",2.62,2.75
13/04/2022,ZCCM,"160,800,286.00",37.98,37.98
13/04/2022,ZFCO,"400,000,000.00",1.97,1.97
13/04/2022,BATZ,"212,456,304.00",1.50,1.5
13/04/2022,NATB,"63,000,000.00",5.18,5.18
13/04/2022,PUMA,"500,000,000.00",1.56,1.56
13/04/2022,SHOP,"2,700,000.00",64.00,64
13/04/2022,CCAF,"1,625,000,597.00",0.31,0.31
13/04/2022,PMDZ,"100,000,000.00",0.69,0.7
13/04/2022,ATEL,"104,000,000.00",17.00,17
13/04/2022,CECZ,"1,625,000,597.00",3.40,3.4
13/04/2022,ZABR,"546,000,000.00",7.00,7
13/04/2022,MAFS,"50,000,000.00",2.47,2.47
13/04/2022,ZMBF,"300,579,610.00",1.63,1.63
13/04/2022,SCBL,"1,666,980,000.00",1.37,1.37
13/04/2022,ZSUG,"316,571,385.40",17.65,17.65
13/04/2022,ZMRE,"45,000,000.00",2.79,2.79
13/04/2022,AECI,"20,406,600.00",36.75,36.75
13/04/2022,BATA,"76,107,600.00",2.59,2.59
13/04/2022,CHIL,"200,039,904.00",13.38,13.38
14/04/2022,REIZ,"56,460,198.00",1.20,1.2
14/04/2022,ZMFA,"27,090,100.00",4.78,4.78
14/04/2022,ZNCO,"1,443,750,041.28",2.75,2.7
14/04/2022,ZCCM,"160,800,286.00",37.98,37.98
14/04/2022,ZFCO,"400,000,000.00",1.97,1.97
14/04/2022,BATZ,"212,456,304.00",1.50,1.5
14/04/2022,NATB,"63,000,000.00",5.18,5.18
14/04/2022,PUMA,"500,000,000.00",1.56,1.56
14/04/2022,SHOP,"2,700,000.00",64.00,64
14/04/2022,CCAF,"1,625,000,597.00",0.31,0.31
14/04/2022,PMDZ,"100,000,000.00",0.70,0.7
14/04/2022,ATEL,"104,000,000.00",17.00,17
14/04/2022,CECZ,"1,625,000,597.00",3.40,3.4
14/04/2022,ZABR,"546,000,000.00",7.00,7
14/04/2022,MAFS,"50,000,000.00",2.47,2.47
14/04/2022,ZMBF,"300,579,610.00",1.63,1.63
14/04/2022,SCBL,"1,666,980,000.00",1.37,1.4
14/04/2022,ZSUG,"316,571,385.40",17.65,17.65
14/04/2022,ZMRE,"45,000,000.00",2.79,2.79
14/04/2022,AECI,"20,406,600.00",36.75,36.75
14/04/2022,BATA,"76,107,600.00",2.59,2.59
14/04/2022,CHIL,"200,039,904.00",13.38,13.38
19/04/2022,REIZ,"56,460,198.00",1.20,1.2
19/04/2022,ZMFA,"27,090,100.00",4.78,4.78
19/04/2022,ZNCO,"1,443,750,041.28",2.71,2.7
19/04/2022,ZCCM,"160,800,286.00",37.98,37.98
19/04/2022,ZFCO,"400,000,000.00",1.97,1.97
19/04/2022,BATZ,"212,456,304.00",1.50,1.5
19/04/2022,NATB,"63,000,000.00",5.18,4
19/04/2022,PUMA,"500,000,000.00",1.56,1.56
19/04/2022,SHOP,"2,700,000.00",64.00,64
19/04/2022,CCAF,"1,625,000,597.00",0.31,0.31
19/04/2022,PMDZ,"100,000,000.00",0.70,0.7
19/04/2022,ATEL,"104,000,000.00",17.00,17
19/04/2022,CECZ,"1,625,000,597.00",3.40,3.4
19/04/2022,ZABR,"546,000,000.00",7.00,7
19/04/2022,MAFS,"50,000,000.00",2.47,2.47
19/04/2022,ZMBF,"300,579,610.00",1.63,1.63
19/04/2022,SCBL,"1,666,980,000.00",1.40,1.4
19/04/2022,ZSUG,"316,571,385.40",17.65,17.65
19/04/2022,ZMRE,"45,000,000.00",2.79,2.79
19/04/2022,AECI,"20,406,600.00",36.75,36.75
19/04/2022,BATA,"76,107,600.00",2.59,2.59
19/04/2022,CHIL,"200,039,904.00",13.38,13.38
20/04/2022,REIZ,"56,460,198.00",1.20,1.2
20/04/2022,ZMFA,"27,090,100.00",4.78,4.78
20/04/2022,ZNCO,"1,443,750,041.28",2.69,2.5
20/04/2022,ZCCM,"160,800,286.00",37.98,37.98
20/04/2022,ZFCO,"400,000,000.00",1.97,1.97
20/04/2022,BATZ,"212,456,304.00",1.50,1.5
20/04/2022,NATB,"63,000,000.00",4.00,4
20/04/2022,PUMA,"500,000,000.00",1.56,1.56
20/04/2022,SHOP,"2,700,000.00",64.00,64
20/04/2022,CCAF,"1,625,000,597.00",0.31,0.31
20/04/2022,PMDZ,"100,000,000.00",0.70,0.7
20/04/2022,ATEL,"104,000,000.00",17.00,17
20/04/2022,CECZ,"1,625,000,597.00",3.40,3.4
20/04/2022,ZABR,"546,000,000.00",7.00,7
20/04/2022,MAFS,"50,000,000.00",2.47,2.47
20/04/2022,ZMBF,"300,579,610.00",1.63,1.62
20/04/2022,SCBL,"1,666,980,000.00",1.40,1.4
20/04/2022,ZSUG,"316,571,385.40",17.65,17.65
20/04/2022,ZMRE,"45,000,000.00",2.79,2.79
20/04/2022,AECI,"20,406,600.00",36.75,36.75
20/04/2022,BATA,"76,107,600.00",2.59,2.59
20/04/2022,CHIL,"200,039,904.00",13.38,13.38
21/04/2022,REIZ,"56,460,198.00",1.20,1.2
21/04/2022,ZMFA,"27,090,100.00",4.78,4.78
21/04/2022,ZNCO,"1,443,750,041.28",2.62,2.7
21/04/2022,ZCCM,"160,800,286.00",37.98,37.98
21/04/2022,ZFCO,"400,000,000.00",1.97,1.97
21/04/2022,BATZ,"212,456,304.00",1.50,1.5
21/04/2022,NATB,"63,000,000.00",4.00,4
21/04/2022,PUMA,"500,000,000.00",1.56,1.56
21/04/2022,SHOP,"2,700,000.00",64.00,64
21/04/2022,CCAF,"1,625,000,597.00",0.31,0.31
21/04/2022,PMDZ,"100,000,000.00",0.70,0.7
21/04/2022,ATEL,"104,000,000.00",17.00,17
21/04/2022,CECZ,"1,625,000,597.00",3.40,3.39
21/04/2022,ZABR,"546,000,000.00",7.00,7
21/04/2022,MAFS,"50,000,000.00",2.47,2.47
21/04/2022,ZMBF,"300,579,610.00",1.62,1.62
21/04/2022,SCBL,"1,666,980,000.00",1.40,1.4
21/04/2022,ZSUG,"316,571,385.40",17.65,17.65
21/04/2022,ZMRE,"45,000,000.00",2.79,2.79
21/04/2022,AECI,"20,406,600.00",36.75,35
21/04/2022,BATA,"76,107,600.00",2.59,2.59
21/04/2022,CHIL,"200,039,904.00",13.38,13.37
22/04/2022,REIZ,"56,460,198.00",1.20,1.2
22/04/2022,ZMFA,"27,090,100.00",4.78,4.78
22/04/2022,ZNCO,"1,443,750,041.28",2.70,2.7
22/04/2022,ZCCM,"160,800,286.00",37.98,37.98
22/04/2022,ZFCO,"400,000,000.00",1.97,1.97
22/04/2022,BATZ,"212,456,304.00",1.50,1.5
22/04/2022,NATB,"63,000,000.00",4.00,4
22/04/2022,PUMA,"500,000,000.00",1.56,1.56
22/04/2022,SHOP,"2,700,000.00",64.00,64
22/04/2022,CCAF,"1,625,000,597.00",0.31,0.31
22/04/2022,PMDZ,"100,000,000.00",0.70,0.7
22/04/2022,ATEL,"104,000,000.00",17.00,17
22/04/2022,CECZ,"1,625,000,597.00",3.39,3.38
22/04/2022,ZABR,"546,000,000.00",7.00,7
22/04/2022,MAFS,"50,000,000.00",2.47,2.47
22/04/2022,ZMBF,"300,579,610.00",1.62,1.62
22/04/2022,SCBL,"1,666,980,000.00",1.40,1.4
22/04/2022,ZSUG,"316,571,385.40",17.65,17.65
22/04/2022,ZMRE,"45,000,000.00",2.79,2.79
22/04/2022,AECI,"20,406,600.00",35.00,35
22/04/2022,BATA,"76,107,600.00",2.59,2.59
22/04/2022,CHIL,"200,039,904.00",13.37,13.37
25/04/2022,REIZ,"56,460,198.00",1.20,1.2
25/04/2022,ZMFA,"27,090,100.00",4.78,4.78
25/04/2022,ZNCO,"1,443,750,041.28",2.70,2.7
25/04/2022,ZCCM,"160,800,286.00",37.98,37.98
25/04/2022,ZFCO,"400,000,000.00",1.97,1.97
25/04/2022,BATZ,"212,456,304.00",1.50,1.5
25/04/2022,NATB,"63,000,000.00",4.00,4
25/04/2022,PUMA,"500,000,000.00",1.56,1.56
25/04/2022,SHOP,"2,700,000.00",64.00,64
25/04/2022,CCAF,"1,625,000,597.00",0.31,0.31
25/04/2022,PMDZ,"100,000,000.00",0.70,0.7
25/04/2022,ATEL,"104,000,000.00",17.00,17
25/04/2022,CECZ,"1,625,000,597.00",3.39,3.39
25/04/2022,ZABR,"546,000,000.00",7.00,7
25/04/2022,MAFS,"50,000,000.00",2.47,2.47
25/04/2022,ZMBF,"300,579,610.00",1.62,1.62
25/04/2022,SCBL,"1,666,980,000.00",1.40,1.4
25/04/2022,ZSUG,"316,571,385.40",17.65,17
25/04/2022,ZMRE,"45,000,000.00",2.79,2.79
25/04/2022,AECI,"20,406,600.00",35.00,35
25/04/2022,BATA,"76,107,600.00",2.59,2.59
25/04/2022,CHIL,"200,039,904.00",13.37,13.37
26/04/2022,REIZ,"56,460,198.00",1.20,1.2
26/04/2022,ZMFA,"27,090,100.00",4.78,4.78
26/04/2022,ZNCO,"1,443,750,041.28",2.70,2.7
26/04/2022,ZCCM,"160,800,286.00",37.98,37.98
26/04/2022,ZFCO,"400,000,000.00",1.97,1.97
26/04/2022,BATZ,"212,456,304.00",1.50,1.5
26/04/2022,NATB,"63,000,000.00",4.00,4
26/04/2022,PUMA,"500,000,000.00",1.56,1.56
26/04/2022,SHOP,"2,700,000.00",64.00,64
26/04/2022,CCAF,"1,625,000,597.00",0.31,0.31
26/04/2022,PMDZ,"100,000,000.00",0.70,0.7
26/04/2022,ATEL,"104,000,000.00",17.00,17
26/04/2022,CECZ,"1,625,000,597.00",3.39,3.39
26/04/2022,ZABR,"546,000,000.00",7.00,7
26/04/2022,MAFS,"50,000,000.00",2.47,2.47
26/04/2022,ZMBF,"300,579,610.00",1.62,1.62
26/04/2022,SCBL,"1,666,980,000.00",1.40,1.4
26/04/2022,ZSUG,"316,571,385.40",17.00,17
26/04/2022,ZMRE,"45,000,000.00",2.79,2.79
26/04/2022,AECI,"20,406,600.00",35.00,35
26/04/2022,BATA,"76,107,600.00",2.59,2.59
26/04/2022,CHIL,"200,039,904.00",13.37,13.37
27/04/2022,REIZ,"56,460,198.00",1.20,1.3
27/04/2022,ZMFA,"27,090,100.00",4.78,4.78
27/04/2022,ZNCO,"1,443,750,041.28",2.70,2.7
27/04/2022,ZCCM,"160,800,286.00",37.98,37.98
27/04/2022,ZFCO,"400,000,000.00",1.97,1.97
27/04/2022,BATZ,"212,456,304.00",1.50,1.5
27/04/2022,NATB,"63,000,000.00",4.00,4
27/04/2022,PUMA,"500,000,000.00",1.56,1.56
27/04/2022,SHOP,"2,700,000.00",64.00,64
27/04/2022,CCAF,"1,625,000,597.00",0.31,0.31
27/04/2022,PMDZ,"100,000,000.00",0.70,0.7
27/04/2022,ATEL,"104,000,000.00",17.00,17
27/04/2022,CECZ,"1,625,000,597.00",3.39,3.39
27/04/2022,ZABR,"546,000,000.00",7.00,7
27/04/2022,MAFS,"50,000,000.00",2.47,2.47
27/04/2022,ZMBF,"300,579,610.00",1.62,1.62
27/04/2022,SCBL,"1,666,980,000.00",1.40,1.4
27/04/2022,ZSUG,"316,571,385.40",17.00,17
27/04/2022,ZMRE,"45,000,000.00",2.79,2.79
27/04/2022,AECI,"20,406,600.00",35.00,35
27/04/2022,BATA,"76,107,600.00",2.59,2.59
27/04/2022,CHIL,"200,039,904.00",13.37,13.37
29/04/2022,REIZ,"56,460,198.00",1.30,1.3
29/04/2022,ZMFA,"27,090,100.00",4.78,4.78
29/04/2022,ZNCO,"1,443,750,041.28",2.70,2.7
29/04/2022,ZCCM,"160,800,286.00",37.98,37.98
29/04/2022,ZFCO,"400,000,000.00",1.97,1.97
29/04/2022,BATZ,"212,456,304.00",1.50,1.5
29/04/2022,NATB,"63,000,000.00",4.00,4
29/04/2022,PUMA,"500,000,000.00",1.56,1.56
29/04/2022,SHOP,"2,700,000.00",64.00,64
29/04/2022,CCAF,"1,625,000,597.00",0.31,0.31
29/04/2022,PMDZ,"100,000,000.00",0.70,0.7
29/04/2022,ATEL,"104,000,000.00",17.00,17
29/04/2022,CECZ,"1,625,000,597.00",3.39,3.38
29/04/2022,ZABR,"546,000,000.00",7.00,7
29/04/2022,MAFS,"50,000,000.00",2.47,2.47
29/04/2022,ZMBF,"300,579,610.00",1.62,1.62
29/04/2022,SCBL,"1,666,980,000.00",1.40,1.4
29/04/2022,ZSUG,"316,571,385.40",17.00,17
29/04/2022,ZMRE,"45,000,000.00",2.79,2.79
29/04/2022,AECI,"20,406,600.00",35.00,35
29/04/2022,BATA,"76,107,600.00",2.59,2.59
29/04/2022,CHIL,"200,039,904.00",13.37,13.37
03/05/2022,REIZ,"56,460,198.00",1.30,1.3
03/05/2022,ZMFA,"27,090,100.00",4.78,4.78
03/05/2022,ZNCO,"1,443,750,041.28",2.70,2.69
03/05/2022,ZCCM,"160,800,286.00",37.98,37.98
03/05/2022,ZFCO,"400,000,000.00",1.97,1.97
03/05/2022,BATZ,"212,456,304.00",1.50,1.5
03/05/2022,NATB,"63,000,000.00",4.00,4
03/05/2022,PUMA,"500,000,000.00",1.56,1.56
03/05/2022,SHOP,"2,700,000.00",64.00,64
03/05/2022,CCAF,"1,625,000,597.00",0.31,0.31
03/05/2022,PMDZ,"100,000,000.00",0.70,0.7
03/05/2022,ATEL,"104,000,000.00",17.00,17
03/05/2022,CECZ,"1,625,000,597.00",3.38,3.38
03/05/2022,ZABR,"546,000,000.00",7.00,7
03/05/2022,MAFS,"50,000,000.00",2.47,2.47
03/05/2022,ZMBF,"300,579,610.00",1.62,1.62
03/05/2022,SCBL,"1,666,980,000.00",1.40,1.4
03/05/2022,ZSUG,"316,571,385.40",17.00,17
03/05/2022,ZMRE,"45,000,000.00",2.79,2.79
03/05/2022,AECI,"20,406,600.00",35.00,35
03/05/2022,BATA,"76,107,600.00",2.59,2.59
03/05/2022,CHIL,"200,039,904.00",13.37,13.37
04/05/2022,REIZ,"56,460,198.00",1.30,1.3
04/05/2022,ZMFA,"27,090,100.00",4.78,4.78
04/05/2022,ZNCO,"1,443,750,041.28",2.69,2.69
04/05/2022,ZCCM,"160,800,286.00",37.98,37.98
04/05/2022,ZFCO,"400,000,000.00",1.97,1.97
04/05/2022,BATZ,"212,456,304.00",1.50,1.5
04/05/2022,NATB,"63,000,000.00",4.00,4
04/05/2022,PUMA,"500,000,000.00",1.56,1.56
04/05/2022,SHOP,"2,700,000.00",64.00,64
04/05/2022,CCAF,"1,625,000,597.00",0.31,0.32
04/05/2022,PMDZ,"100,000,000.00",0.70,0.7
04/05/2022,ATEL,"104,000,000.00",17.00,17
04/05/2022,CECZ,"1,625,000,597.00",3.18,3.18
04/05/2022,ZABR,"546,000,000.00",7.00,7
04/05/2022,MAFS,"50,000,000.00",2.47,2.47
04/05/2022,ZMBF,"300,579,610.00",1.62,1.62
04/05/2022,SCBL,"1,666,980,000.00",1.40,1.4
04/05/2022,ZSUG,"316,571,385.40",17.00,17
04/05/2022,ZMRE,"45,000,000.00",2.79,2.79
04/05/2022,AECI,"20,406,600.00",35.00,35
04/05/2022,BATA,"76,107,600.00",2.59,2.59
04/05/2022,CHIL,"200,039,904.00",13.37,13.37
05/05/2022,REIZ,"56,460,198.00",1.30,1.3
05/05/2022,ZMFA,"27,090,100.00",4.78,4.78
05/05/2022,ZNCO,"1,443,750,041.28",2.69,2.69
05/05/2022,ZCCM,"160,800,286.00",37.98,37.98
05/05/2022,ZFCO,"400,000,000.00",1.97,1.97
05/05/2022,BATZ,"212,456,304.00",1.50,1.87
05/05/2022,NATB,"63,000,000.00",4.00,4
05/05/2022,PUMA,"500,000,000.00",1.56,1.56
05/05/2022,SHOP,"2,700,000.00",64.00,64
05/05/2022,CCAF,"1,625,000,597.00",0.32,0.32
05/05/2022,PMDZ,"100,000,000.00",0.70,0.7
05/05/2022,ATEL,"104,000,000.00",17.00,17
05/05/2022,CECZ,"1,625,000,597.00",3.18,3.18
05/05/2022,ZABR,"546,000,000.00",7.00,7
05/05/2022,MAFS,"50,000,000.00",2.47,2.47
05/05/2022,ZMBF,"300,579,610.00",1.62,1.62
05/05/2022,SCBL,"1,666,980,000.00",1.40,1.4
05/05/2022,ZSUG,"316,571,385.40",17.00,17
05/05/2022,ZMRE,"45,000,000.00",2.79,2.79
05/05/2022,AECI,"20,406,600.00",35.00,36.75
05/05/2022,BATA,"76,107,600.00",2.59,2.59
05/05/2022,CHIL,"200,039,904.00",13.37,13.37
06/05/2022,REIZ,"56,460,198.00",1.30,1.3
06/05/2022,ZMFA,"27,090,100.00",4.78,4.78
06/05/2022,ZNCO,"1,443,750,041.28",2.69,2.69
06/05/2022,ZCCM,"160,800,286.00",37.98,37.98
06/05/2022,ZFCO,"400,000,000.00",1.97,1.97
06/05/2022,BATZ,"212,456,304.00",1.87,1.87
06/05/2022,NATB,"63,000,000.00",4.00,4
06/05/2022,PUMA,"500,000,000.00",1.56,1.56
06/05/2022,SHOP,"2,700,000.00",64.00,64
06/05/2022,CCAF,"1,625,000,597.00",0.32,0.32
06/05/2022,PMDZ,"100,000,000.00",0.70,0.7
06/05/2022,ATEL,"104,000,000.00",17.00,17
06/05/2022,CECZ,"1,625,000,597.00",3.18,3.17
06/05/2022,ZABR,"546,000,000.00",7.00,7
06/05/2022,MAFS,"50,000,000.00",2.47,2.47
06/05/2022,ZMBF,"300,579,610.00",1.62,1.62
06/05/2022,SCBL,"1,666,980,000.00",1.40,1.4
06/05/2022,ZSUG,"316,571,385.40",17.00,17
06/05/2022,ZMRE,"45,000,000.00",2.79,2.79
06/05/2022,AECI,"20,406,600.00",36.75,35
06/05/2022,BATA,"76,107,600.00",2.59,2.59
06/05/2022,CHIL,"200,039,904.00",13.37,13.37
09/05/2022,REIZ,"56,460,198.00",1.30,1.3
09/05/2022,ZMFA,"27,090,100.00",4.78,4.78
09/05/2022,ZNCO,"1,443,750,041.28",2.69,2.69
09/05/2022,ZCCM,"160,800,286.00",37.98,37.98
09/05/2022,ZFCO,"400,000,000.00",1.97,1.97
09/05/2022,BATZ,"212,456,304.00",1.87,1.87
09/05/2022,NATB,"63,000,000.00",4.00,4
09/05/2022,PUMA,"500,000,000.00",1.56,1.56
09/05/2022,SHOP,"2,700,000.00",64.00,64
09/05/2022,CCAF,"1,625,000,597.00",0.32,0.32
09/05/2022,PMDZ,"100,000,000.00",0.70,0.7
09/05/2022,ATEL,"104,000,000.00",17.00,17
09/05/2022,CECZ,"1,625,000,597.00",3.17,3.18
09/05/2022,ZABR,"546,000,000.00",7.00,7
09/05/2022,MAFS,"50,000,000.00",2.47,2.47
09/05/2022,ZMBF,"300,579,610.00",1.62,1.62
09/05/2022,SCBL,"1,666,980,000.00",1.40,1.4
09/05/2022,ZSUG,"316,571,385.40",17.00,17
09/05/2022,ZMRE,"45,000,000.00",2.79,2.79
09/05/2022,AECI,"20,406,600.00",36.27,36.27
09/05/2022,BATA,"76,107,600.00",2.59,2.59
09/05/2022,CHIL,"200,039,904.00",13.37,13.37
10/05/2022,REIZ,"56,460,198.00",1.30,1.3
10/05/2022,ZMFA,"27,090,100.00",4.78,4.78
10/05/2022,ZNCO,"1,443,750,041.28",2.69,2.68
10/05/2022,ZCCM,"160,800,286.00",37.98,37.98
10/05/2022,ZFCO,"400,000,000.00",2.45,2.45
10/05/2022,BATZ,"212,456,304.00",1.87,1.87
10/05/2022,NATB,"63,000,000.00",4.00,4
10/05/2022,PUMA,"500,000,000.00",1.56,1.56
10/05/2022,SHOP,"2,700,000.00",64.00,64
10/05/2022,CCAF,"1,625,000,597.00",0.32,0.33
10/05/2022,PMDZ,"100,000,000.00",0.70,0.6
10/05/2022,ATEL,"104,000,000.00",17.00,17
10/05/2022,CECZ,"1,625,000,597.00",3.18,3.18
10/05/2022,ZABR,"546,000,000.00",7.00,7
10/05/2022,MAFS,"50,000,000.00",2.47,2.47
10/05/2022,ZMBF,"300,579,610.00",1.62,1.62
10/05/2022,SCBL,"1,666,980,000.00",1.40,1.4
10/05/2022,ZSUG,"316,571,385.40",17.00,17.6
10/05/2022,ZMRE,"45,000,000.00",2.79,2.79
10/05/2022,AECI,"20,406,600.00",36.27,36.27
10/05/2022,BATA,"76,107,600.00",2.59,2.59
10/05/2022,CHIL,"200,039,904.00",13.37,13.37
11/05/2022,REIZ,"56,460,198.00",1.30,1.3
11/05/2022,ZMFA,"27,090,100.00",4.78,4.78
11/05/2022,ZNCO,"1,443,750,041.28",2.68,2.68
11/05/2022,ZCCM,"160,800,286.00",37.98,37.98
11/05/2022,ZFCO,"400,000,000.00",2.45,2.45
11/05/2022,BATZ,"212,456,304.00",1.87,1.87
11/05/2022,NATB,"63,000,000.00",4.00,4
11/05/2022,PUMA,"500,000,000.00",1.56,1.56
11/05/2022,SHOP,"2,700,000.00",64.00,64
11/05/2022,CCAF,"1,625,000,597.00",0.33,0.33
11/05/2022,PMDZ,"100,000,000.00",0.61,0.61
11/05/2022,ATEL,"104,000,000.00",17.00,17
11/05/2022,CECZ,"1,625,000,597.00",3.18,3.1
11/05/2022,ZABR,"546,000,000.00",7.00,7
11/05/2022,MAFS,"50,000,000.00",2.47,2.47
11/05/2022,ZMBF,"300,579,610.00",1.62,1.62
11/05/2022,SCBL,"1,666,980,000.00",1.40,1.4
11/05/2022,ZSUG,"316,571,385.40",17.60,17.6
11/05/2022,ZMRE,"45,000,000.00",2.79,2.79
11/05/2022,AECI,"20,406,600.00",36.27,36.27
11/05/2022,BATA,"76,107,600.00",2.59,2.59
11/05/2022,CHIL,"200,039,904.00",13.37,13.37
12/05/2022,REIZ,"56,460,198.00",1.30,1.3
12/05/2022,ZMFA,"27,090,100.00",4.78,4.78
12/05/2022,ZNCO,"1,443,750,041.28",2.68,2.68
12/05/2022,ZCCM,"160,800,286.00",37.98,37.98
12/05/2022,ZFCO,"400,000,000.00",2.45,2.45
12/05/2022,BATZ,"212,456,304.00",1.87,1.87
12/05/2022,NATB,"63,000,000.00",4.00,4
12/05/2022,PUMA,"500,000,000.00",1.56,1.56
12/05/2022,SHOP,"2,700,000.00",64.00,64
12/05/2022,CCAF,"1,625,000,597.00",0.33,0.33
12/05/2022,PMDZ,"100,000,000.00",0.61,0.61
12/05/2022,ATEL,"104,000,000.00",17.00,17
12/05/2022,CECZ,"1,625,000,597.00",3.10,3.1
12/05/2022,ZABR,"546,000,000.00",7.00,7
12/05/2022,MAFS,"50,000,000.00",2.47,2.47
12/05/2022,ZMBF,"300,579,610.00",1.62,1.62
12/05/2022,SCBL,"1,666,980,000.00",1.40,1.4
12/05/2022,ZSUG,"316,571,385.40",17.60,17.6
12/05/2022,ZMRE,"45,000,000.00",2.79,2.79
12/05/2022,AECI,"20,406,600.00",36.27,36.27
12/05/2022,BATA,"76,107,600.00",2.59,2.59
12/05/2022,CHIL,"200,039,904.00",13.37,13.37
13/05/2022,REIZ,"56,460,198.00",1.30,1.3
13/05/2022,ZMFA,"27,090,100.00",4.78,4.78
13/05/2022,ZNCO,"1,443,750,041.28",2.68,2.69
13/05/2022,ZCCM,"160,800,286.00",37.98,37.98
13/05/2022,ZFCO,"400,000,000.00",2.45,2.45
13/05/2022,BATZ,"212,456,304.00",1.87,1.87
13/05/2022,NATB,"63,000,000.00",4.00,4
13/05/2022,PUMA,"500,000,000.00",1.56,1.56
13/05/2022,SHOP,"2,700,000.00",64.00,64
13/05/2022,CCAF,"1,625,000,597.00",0.33,0.33
13/05/2022,PMDZ,"100,000,000.00",0.61,0.6
13/05/2022,ATEL,"104,000,000.00",17.00,17
13/05/2022,CECZ,"1,625,000,597.00",3.10,3.18
13/05/2022,ZABR,"546,000,000.00",7.00,7
13/05/2022,MAFS,"50,000,000.00",2.47,2.47
13/05/2022,ZMBF,"300,579,610.00",1.62,1.62
13/05/2022,SCBL,"1,666,980,000.00",1.40,1.4
13/05/2022,ZSUG,"316,571,385.40",17.60,17.6
13/05/2022,ZMRE,"45,000,000.00",2.79,2.79
13/05/2022,AECI,"20,406,600.00",36.27,36.27
13/05/2022,BATA,"76,107,600.00",2.59,2.59
13/05/2022,CHIL,"200,039,904.00",13.37,13.37
16/05/2022,ZMRE,"5,000,000,000.00",1.00,1
16/05/2022,ZABR,0,1,1
16/05/2022,PUMA,0,1,1
16/05/2022,REIZ,"56,460,198.00",1.30,1.3
16/05/2022,ZMFA,"27,090,100.00",4.78,4.78
16/05/2022,ZNCO,"1,443,750,041.28",2.69,2.69
16/05/2022,ZCCM,"160,800,286.00",37.98,37.98
16/05/2022,ZFCO,"400,000,000.00",2.45,2.45
16/05/2022,BATZ,"212,456,304.00",1.87,1.87
16/05/2022,NATB,"63,000,000.00",4.00,4
16/05/2022,PUMA,"500,000,000.00",1.56,1.56
16/05/2022,SHOP,"2,700,000.00",64.00,64
16/05/2022,CCAF,"1,625,000,597.00",0.33,0.33
16/05/2022,PMDZ,"100,000,000.00",0.60,0.6
16/05/2022,ATEL,"104,000,000.00",17.00,17
16/05/2022,CECZ,"1,625,000,597.00",3.18,3.18
16/05/2022,ZABR,"546,000,000.00",7.00,7
16/05/2022,MAFS,"50,000,000.00",2.47,2.47
16/05/2022,ZMBF,"300,579,610.00",1.62,1.62
16/05/2022,SCBL,"1,666,980,000.00",1.40,1.4
16/05/2022,ZSUG,"316,571,385.40",17.60,17.6
16/05/2022,ZMRE,"45,000,000.00",2.79,2.79
16/05/2022,AECI,"20,406,600.00",36.27,36.27
16/05/2022,BATA,"76,107,600.00",2.59,2.59
16/05/2022,CHIL,"200,039,904.00",13.37,13.37
17/05/2022,REIZ,"56,460,198.00",1.30,1.3
17/05/2022,ZMFA,"27,090,100.00",4.78,4.78
17/05/2022,ZNCO,"1,443,750,041.28",2.69,2.69
17/05/2022,ZCCM,"160,800,286.00",37.98,37.98
17/05/2022,ZFCO,"400,000,000.00",2.45,2.45
17/05/2022,BATZ,"212,456,304.00",1.87,1.87
17/05/2022,NATB,"63,000,000.00",4.00,4
17/05/2022,PUMA,"500,000,000.00",1.56,1.56
17/05/2022,SHOP,"2,700,000.00",64.00,64
17/05/2022,CCAF,"1,625,000,597.00",0.33,0.33
17/05/2022,PMDZ,"100,000,000.00",0.60,0.6
17/05/2022,ATEL,"104,000,000.00",17.00,17
17/05/2022,CECZ,"1,625,000,597.00",3.18,3.18
17/05/2022,ZABR,"546,000,000.00",7.00,7
17/05/2022,MAFS,"50,000,000.00",2.47,2.47
17/05/2022,ZMBF,"300,579,610.00",1.62,1.62
17/05/2022,SCBL,"1,666,980,000.00",1.40,1.33
17/05/2022,ZSUG,"316,571,385.40",17.60,17.6
17/05/2022,ZMRE,"45,000,000.00",2.79,2.79
17/05/2022,AECI,"20,406,600.00",36.27,36.27
17/05/2022,BATA,"76,107,600.00",2.59,2.59
17/05/2022,CHIL,"200,039,904.00",13.37,13.37
18/05/2022,REIZ,"56,460,198.00",1.30,1.3
18/05/2022,ZMFA,"27,090,100.00",4.78,4.78
18/05/2022,ZNCO,"1,443,750,041.28",2.67,2.6
18/05/2022,ZCCM,"160,800,286.00",37.98,37.98
18/05/2022,ZFCO,"400,000,000.00",2.45,2.45
18/05/2022,BATZ,"212,456,304.00",1.87,1.87
18/05/2022,NATB,"63,000,000.00",4.00,4
18/05/2022,PUMA,"500,000,000.00",1.56,1.56
18/05/2022,SHOP,"2,700,000.00",64.00,64
18/05/2022,CCAF,"1,625,000,597.00",0.33,0.34
18/05/2022,PMDZ,"100,000,000.00",0.60,0.6
18/05/2022,ATEL,"104,000,000.00",17.00,17
18/05/2022,CECZ,"1,625,000,597.00",3.18,3.18
18/05/2022,ZABR,"546,000,000.00",7.00,7
18/05/2022,MAFS,"50,000,000.00",2.47,2.47
18/05/2022,ZMBF,"300,579,610.00",1.62,1.62
18/05/2022,SCBL,"1,666,980,000.00",1.34,1.4
18/05/2022,ZSUG,"316,571,385.40",17.60,17.6
18/05/2022,ZMRE,"45,000,000.00",2.79,2.79
18/05/2022,AECI,"20,406,600.00",36.27,36.27
18/05/2022,BATA,"76,107,600.00",2.59,2.59
18/05/2022,CHIL,"200,039,904.00",13.37,13.37
19/05/2022,REIZ,"56,460,198.00",1.30,1.3
19/05/2022,ZMFA,"27,090,100.00",4.78,4.78
19/05/2022,ZNCO,"1,443,750,041.28",2.60,2.6
19/05/2022,ZCCM,"160,800,286.00",37.98,37.98
19/05/2022,ZFCO,"400,000,000.00",2.45,2.45
19/05/2022,BATZ,"212,456,304.00",1.87,1.87
19/05/2022,NATB,"63,000,000.00",4.00,4
19/05/2022,PUMA,"500,000,000.00",1.56,1.56
19/05/2022,SHOP,"2,700,000.00",64.00,64
19/05/2022,CCAF,"1,625,000,597.00",0.34,0.34
19/05/2022,PMDZ,"100,000,000.00",0.60,0.6
19/05/2022,ATEL,"104,000,000.00",17.00,17
19/05/2022,CECZ,"1,625,000,597.00",3.18,3.18
19/05/2022,ZABR,"546,000,000.00",7.00,7
19/05/2022,MAFS,"50,000,000.00",2.47,2.47
19/05/2022,ZMBF,"300,579,610.00",1.62,1.62
19/05/2022,SCBL,"1,666,980,000.00",1.39,1.4
19/05/2022,ZSUG,"316,571,385.40",17.60,17.6
19/05/2022,ZMRE,"45,000,000.00",2.79,2.79
19/05/2022,AECI,"20,406,600.00",36.27,36.27
19/05/2022,BATA,"76,107,600.00",2.59,2.59
19/05/2022,CHIL,"200,039,904.00",13.37,13.37
20/05/2022,REIZ,"56,460,198.00",1.30,1.3
20/05/2022,ZMFA,"27,090,100.00",4.78,4.78
20/05/2022,ZNCO,"1,443,750,041.28",2.60,2.6
20/05/2022,ZCCM,"160,800,286.00",37.98,37.98
20/05/2022,ZFCO,"400,000,000.00",2.45,2.45
20/05/2022,BATZ,"212,456,304.00",1.87,1.87
20/05/2022,NATB,"63,000,000.00",4.00,4
20/05/2022,PUMA,"500,000,000.00",1.56,1.56
20/05/2022,SHOP,"2,700,000.00",64.00,64
20/05/2022,CCAF,"1,625,000,597.00",0.35,0.35
20/05/2022,PMDZ,"100,000,000.00",0.60,0.6
20/05/2022,ATEL,"104,000,000.00",17.00,17
20/05/2022,CECZ,"1,625,000,597.00",3.18,3.18
20/05/2022,ZABR,"546,000,000.00",7.00,7
20/05/2022,MAFS,"50,000,000.00",2.47,2.47
20/05/2022,ZMBF,"300,579,610.00",1.62,1.62
20/05/2022,SCBL,"1,666,980,000.00",1.40,1.4
20/05/2022,ZSUG,"316,571,385.40",17.60,17.6
20/05/2022,ZMRE,"45,000,000.00",2.79,2.79
20/05/2022,AECI,"20,406,600.00",36.27,36.27
20/05/2022,BATA,"76,107,600.00",2.59,2.59
20/05/2022,CHIL,"200,039,904.00",13.37,13.37
23/05/2022,REIZ,"56,460,198.00",1.30,1.3
23/05/2022,ZMFA,"27,090,100.00",4.78,4.78
23/05/2022,ZNCO,"1,443,750,041.28",2.60,2.59
23/05/2022,ZCCM,"160,800,286.00",37.98,37.98
23/05/2022,ZFCO,"400,000,000.00",2.45,2.45
23/05/2022,BATZ,"212,456,304.00",1.87,1.87
23/05/2022,NATB,"63,000,000.00",4.00,4
23/05/2022,PUMA,"500,000,000.00",1.56,1.56
23/05/2022,SHOP,"2,700,000.00",64.00,64
23/05/2022,CCAF,"1,625,000,597.00",0.35,0.36
23/05/2022,PMDZ,"100,000,000.00",0.60,0.6
23/05/2022,ATEL,"104,000,000.00",17.00,17
23/05/2022,CECZ,"1,625,000,597.00",3.18,3.18
23/05/2022,ZABR,"546,000,000.00",7.00,7
23/05/2022,MAFS,"50,000,000.00",2.47,2.47
23/05/2022,ZMBF,"300,579,610.00",1.62,1.61
23/05/2022,SCBL,"1,666,980,000.00",1.40,1.4
23/05/2022,ZSUG,"316,571,385.40",17.60,17.6
23/05/2022,ZMRE,"45,000,000.00",2.79,2.8
23/05/2022,AECI,"20,406,600.00",36.27,37
23/05/2022,BATA,"76,107,600.00",2.59,2.59
23/05/2022,CHIL,"200,039,904.00",13.37,13.37
24/05/2022,REIZ,"56,460,198.00",1.30,1.3
24/05/2022,ZMFA,"27,090,100.00",4.78,4.78
24/05/2022,ZNCO,"1,443,750,041.28",2.59,2.6
24/05/2022,ZCCM,"160,800,286.00",37.98,37.98
24/05/2022,ZFCO,"400,000,000.00",2.45,2.45
24/05/2022,BATZ,"212,456,304.00",1.87,1.88
24/05/2022,NATB,"63,000,000.00",4.00,4
24/05/2022,PUMA,"500,000,000.00",1.56,1.56
24/05/2022,SHOP,"2,700,000.00",64.00,64
24/05/2022,CCAF,"1,625,000,597.00",0.36,0.36
24/05/2022,PMDZ,"100,000,000.00",0.60,0.6
24/05/2022,ATEL,"104,000,000.00",17.00,17
24/05/2022,CECZ,"1,625,000,597.00",3.18,3.18
24/05/2022,ZABR,"546,000,000.00",7.00,7
24/05/2022,MAFS,"50,000,000.00",2.47,2.47
24/05/2022,ZMBF,"300,579,610.00",1.61,1.62
24/05/2022,SCBL,"1,666,980,000.00",1.40,1.4
24/05/2022,ZSUG,"316,571,385.40",17.60,17.61
24/05/2022,ZMRE,"45,000,000.00",2.80,2.8
24/05/2022,AECI,"20,406,600.00",37.00,37
24/05/2022,BATA,"76,107,600.00",2.59,2.59
24/05/2022,CHIL,"200,039,904.00",13.37,13.37
26/05/2022,REIZ,"56,460,198.00",1.30,1.3
26/05/2022,ZMFA,"27,090,100.00",4.78,4.78
26/05/2022,ZNCO,"1,443,750,041.28",2.60,2.6
26/05/2022,ZCCM,"160,800,286.00",37.98,37.98
26/05/2022,ZFCO,"400,000,000.00",2.45,2.45
26/05/2022,BATZ,"212,456,304.00",1.88,1.88
26/05/2022,NATB,"63,000,000.00",4.00,4
26/05/2022,PUMA,"500,000,000.00",1.56,1.56
26/05/2022,SHOP,"2,700,000.00",64.00,64
26/05/2022,CCAF,"1,625,000,597.00",0.36,0.36
26/05/2022,PMDZ,"100,000,000.00",0.60,0.6
26/05/2022,ATEL,"104,000,000.00",17.00,17
26/05/2022,CECZ,"1,625,000,597.00",3.18,3.18
26/05/2022,ZABR,"546,000,000.00",7.00,7
26/05/2022,MAFS,"50,000,000.00",2.47,2.47
26/05/2022,ZMBF,"300,579,610.00",1.62,1.62
26/05/2022,SCBL,"1,666,980,000.00",1.40,1.39
26/05/2022,ZSUG,"316,571,385.40",17.61,17.61
26/05/2022,ZMRE,"45,000,000.00",2.80,2.8
26/05/2022,AECI,"20,406,600.00",37.00,37
26/05/2022,BATA,"76,107,600.00",2.59,2.59
26/05/2022,CHIL,"200,039,904.00",13.37,13.37
27/05/2022,REIZ,"56,460,198.00",1.30,1.3
27/05/2022,ZMFA,"27,090,100.00",4.78,4.78
27/05/2022,ZNCO,"1,443,750,041.28",2.60,2.6
27/05/2022,ZCCM,"160,800,286.00",37.98,37.98
27/05/2022,ZFCO,"400,000,000.00",2.45,2.45
27/05/2022,BATZ,"212,456,304.00",1.88,1.88
27/05/2022,NATB,"63,000,000.00",4.00,4
27/05/2022,PUMA,"500,000,000.00",1.56,1.56
27/05/2022,SHOP,"2,700,000.00",64.00,64
27/05/2022,CCAF,"1,625,000,597.00",0.36,0.36
27/05/2022,PMDZ,"100,000,000.00",0.60,0.6
27/05/2022,ATEL,"104,000,000.00",17.00,17
27/05/2022,CECZ,"1,625,000,597.00",3.18,3.2
27/05/2022,ZABR,"546,000,000.00",7.00,7
27/05/2022,MAFS,"50,000,000.00",2.47,2.47
27/05/2022,ZMBF,"300,579,610.00",1.62,1.62
27/05/2022,SCBL,"1,666,980,000.00",1.39,1.4
27/05/2022,ZSUG,"316,571,385.40",17.61,17.61
27/05/2022,ZMRE,"45,000,000.00",2.80,2.8
27/05/2022,AECI,"20,406,600.00",37.00,37
27/05/2022,BATA,"76,107,600.00",2.59,2.59
27/05/2022,CHIL,"200,039,904.00",13.37,13.37
30/05/2022,REIZ,"56,460,198.00",1.30,1.3
30/05/2022,ZMFA,"27,090,100.00",4.78,4.78
30/05/2022,ZNCO,"1,443,750,041.28",2.60,2.6
30/05/2022,ZCCM,"160,800,286.00",37.98,37.98
30/05/2022,ZFCO,"400,000,000.00",2.45,2.45
30/05/2022,BATZ,"212,456,304.00",1.88,1.88
30/05/2022,NATB,"63,000,000.00",4.00,4
30/05/2022,PUMA,"500,000,000.00",1.56,1.56
30/05/2022,SHOP,"2,700,000.00",64.00,64
30/05/2022,CCAF,"1,625,000,597.00",0.36,0.41
30/05/2022,PMDZ,"100,000,000.00",0.60,0.6
30/05/2022,ATEL,"104,000,000.00",17.00,17
30/05/2022,CECZ,"1,625,000,597.00",3.18,3.2
30/05/2022,ZABR,"546,000,000.00",7.00,7
30/05/2022,MAFS,"50,000,000.00",2.47,2.47
30/05/2022,ZMBF,"300,579,610.00",1.62,1.62
30/05/2022,SCBL,"1,666,980,000.00",1.39,1.4
30/05/2022,ZSUG,"316,571,385.40",17.61,17.61
30/05/2022,ZMRE,"45,000,000.00",2.80,2.8
30/05/2022,AECI,"20,406,600.00",37.00,37
30/05/2022,BATA,"76,107,600.00",2.59,2.59
30/05/2022,CHIL,"200,039,904.00",13.37,13.37
31/05/2022,REIZ,"56,460,198.00",1.30,1.3
31/05/2022,ZMFA,"27,090,100.00",4.78,4.78
31/05/2022,ZNCO,"1,443,750,041.28",2.60,2.6
31/05/2022,ZCCM,"160,800,286.00",37.98,37.98
31/05/2022,ZFCO,"400,000,000.00",2.45,2.45
31/05/2022,BATZ,"212,456,304.00",1.88,1.88
31/05/2022,NATB,"63,000,000.00",4.00,4
31/05/2022,PUMA,"500,000,000.00",1.56,1.56
31/05/2022,SHOP,"2,700,000.00",64.00,64
31/05/2022,CCAF,"1,625,000,597.00",0.41,0.41
31/05/2022,PMDZ,"100,000,000.00",0.60,0.6
31/05/2022,ATEL,"104,000,000.00",17.00,17
31/05/2022,CECZ,"1,625,000,597.00",3.20,3.2
31/05/2022,ZABR,"546,000,000.00",7.00,7
31/05/2022,MAFS,"50,000,000.00",2.47,2.47
31/05/2022,ZMBF,"300,579,610.00",1.62,1.62
31/05/2022,SCBL,"1,666,980,000.00",1.40,1.4
31/05/2022,ZSUG,"316,571,385.40",17.61,17.61
31/05/2022,ZMRE,"45,000,000.00",2.80,2.8
31/05/2022,AECI,"20,406,600.00",37.00,37
31/05/2022,BATA,"76,107,600.00",2.59,2.59
31/05/2022,CHIL,"200,039,904.00",13.37,13.37
01/06/2022,REIZ,"56,460,198.00",1.30,1.3
01/06/2022,ZMFA,"27,090,100.00",4.78,4.78
01/06/2022,ZNCO,"1,443,750,041.28",2.60,2.6
01/06/2022,ZCCM,"160,800,286.00",37.98,37.98
01/06/2022,ZFCO,"400,000,000.00",2.45,2.45
01/06/2022,BATZ,"212,456,304.00",1.88,1.88
01/06/2022,NATB,"63,000,000.00",4.00,4
01/06/2022,PUMA,"500,000,000.00",1.56,1.56
01/06/2022,SHOP,"2,700,000.00",64.00,64
01/06/2022,CCAF,"1,625,000,597.00",0.41,0.41
01/06/2022,PMDZ,"100,000,000.00",0.60,0.6
01/06/2022,ATEL,"104,000,000.00",17.00,17
01/06/2022,CECZ,"1,625,000,597.00",3.20,3.2
01/06/2022,ZABR,"546,000,000.00",7.00,7
01/06/2022,MAFS,"50,000,000.00",2.47,2.47
01/06/2022,ZMBF,"300,579,610.00",1.62,1.62
01/06/2022,SCBL,"1,666,980,000.00",1.40,1.4
01/06/2022,ZSUG,"316,571,385.40",17.61,17.61
01/06/2022,ZMRE,"45,000,000.00",2.80,2.8
01/06/2022,AECI,"20,406,600.00",37.00,37
01/06/2022,BATA,"76,107,600.00",2.59,2.59
01/06/2022,CHIL,"200,039,904.00",13.37,13.37
02/06/2022,REIZ,"56,460,198.00",1.30,1.3
02/06/2022,ZMFA,"27,090,100.00",4.78,4.78
02/06/2022,ZNCO,"1,443,750,041.28",2.60,2.6
02/06/2022,ZCCM,"160,800,286.00",37.98,37.98
02/06/2022,ZFCO,"400,000,000.00",2.45,2.45
02/06/2022,BATZ,"212,456,304.00",1.88,1.88
02/06/2022,NATB,"63,000,000.00",4.00,4
02/06/2022,PUMA,"500,000,000.00",1.56,1.56
02/06/2022,SHOP,"2,700,000.00",64.00,64
02/06/2022,CCAF,"1,625,000,597.00",0.41,0.41
02/06/2022,PMDZ,"100,000,000.00",0.60,0.6
02/06/2022,ATEL,"104,000,000.00",17.00,17
02/06/2022,CECZ,"1,625,000,597.00",3.21,3.21
02/06/2022,ZABR,"546,000,000.00",7.00,7
02/06/2022,MAFS,"50,000,000.00",2.47,2.47
02/06/2022,ZMBF,"300,579,610.00",1.62,1.62
02/06/2022,SCBL,"1,666,980,000.00",1.40,1.4
02/06/2022,ZSUG,"316,571,385.40",17.61,17.61
02/06/2022,ZMRE,"45,000,000.00",2.80,2.8
02/06/2022,AECI,"20,406,600.00",37.00,37
02/06/2022,BATA,"76,107,600.00",2.59,2.59
02/06/2022,CHIL,"200,039,904.00",13.37,13.37
03/06/2022,REIZ,"56,460,198.00",1.30,1.3
03/06/2022,ZMFA,"27,090,100.00",4.78,4.78
03/06/2022,ZNCO,"1,443,750,041.28",2.60,2.6
03/06/2022,ZCCM,"160,800,286.00",37.98,37.98
03/06/2022,ZFCO,"400,000,000.00",2.45,2.45
03/06/2022,BATZ,"212,456,304.00",1.88,1.88
03/06/2022,NATB,"63,000,000.00",4.00,4
03/06/2022,PUMA,"500,000,000.00",1.56,1.56
03/06/2022,SHOP,"2,700,000.00",64.00,64
03/06/2022,CCAF,"1,625,000,597.00",0.41,0.41
03/06/2022,PMDZ,"100,000,000.00",0.60,0.6
03/06/2022,ATEL,"104,000,000.00",17.00,17
03/06/2022,CECZ,"1,625,000,597.00",3.21,3.21
03/06/2022,ZABR,"546,000,000.00",7.00,7
03/06/2022,MAFS,"50,000,000.00",2.47,2.47
03/06/2022,ZMBF,"300,579,610.00",1.62,1.62
03/06/2022,SCBL,"1,666,980,000.00",1.40,1.39
03/06/2022,ZSUG,"316,571,385.40",17.61,17.61
03/06/2022,ZMRE,"45,000,000.00",2.80,2.8
03/06/2022,AECI,"20,406,600.00",37.00,37
03/06/2022,BATA,"76,107,600.00",2.59,2.59
03/06/2022,CHIL,"200,039,904.00",13.37,13.37
06/06/2022,REIZ,"56,460,198.00",1.30,1.3
06/06/2022,ZMFA,"27,090,100.00",4.78,4.78
06/06/2022,ZNCO,"1,443,750,041.28",2.60,2.6
06/06/2022,ZCCM,"160,800,286.00",37.98,37.98
06/06/2022,ZFCO,"400,000,000.00",2.45,2.45
06/06/2022,BATZ,"212,456,304.00",1.88,1.88
06/06/2022,NATB,"63,000,000.00",4.00,4
06/06/2022,PUMA,"500,000,000.00",1.56,1.56
06/06/2022,SHOP,"2,700,000.00",64.00,64
06/06/2022,CCAF,"1,625,000,597.00",0.41,0.41
06/06/2022,PMDZ,"100,000,000.00",0.60,0.6
06/06/2022,ATEL,"104,000,000.00",17.00,17
06/06/2022,CECZ,"1,625,000,597.00",3.21,3.21
06/06/2022,ZABR,"546,000,000.00",7.00,7
06/06/2022,MAFS,"50,000,000.00",2.47,2.47
06/06/2022,ZMBF,"300,579,610.00",1.62,1.65
06/06/2022,SCBL,"1,666,980,000.00",1.40,1.39
06/06/2022,ZSUG,"316,571,385.40",17.61,17.61
06/06/2022,ZMRE,"45,000,000.00",2.80,2.8
06/06/2022,AECI,"20,406,600.00",37.00,37
06/06/2022,BATA,"76,107,600.00",2.59,2.59
06/06/2022,CHIL,"200,039,904.00",13.37,13.37
07/06/2022,REIZ,"56,460,198.00",1.30,1.3
07/06/2022,ZMFA,"27,090,100.00",4.78,4.78
07/06/2022,ZNCO,"1,443,750,041.28",2.60,2.6
07/06/2022,ZCCM,"160,800,286.00",37.98,37.98
07/06/2022,ZFCO,"400,000,000.00",2.45,2.45
07/06/2022,BATZ,"212,456,304.00",1.88,1.88
07/06/2022,NATB,"63,000,000.00",4.00,4
07/06/2022,PUMA,"500,000,000.00",1.56,1.57
07/06/2022,SHOP,"2,700,000.00",64.00,64
07/06/2022,CCAF,"1,625,000,597.00",0.41,0.41
07/06/2022,PMDZ,"100,000,000.00",0.60,0.6
07/06/2022,ATEL,"104,000,000.00",17.00,17
07/06/2022,CECZ,"1,625,000,597.00",3.21,3.21
07/06/2022,ZABR,"546,000,000.00",7.00,7
07/06/2022,MAFS,"50,000,000.00",2.47,2.47
07/06/2022,ZMBF,"300,579,610.00",1.65,1.65
07/06/2022,SCBL,"1,666,980,000.00",1.39,1.39
07/06/2022,ZSUG,"316,571,385.40",17.61,17.61
07/06/2022,ZMRE,"45,000,000.00",2.80,2.8
07/06/2022,AECI,"20,406,600.00",37.00,39.6
07/06/2022,BATA,"76,107,600.00",2.59,2.59
07/06/2022,CHIL,"200,039,904.00",13.37,13.37
08/06/2022,REIZ,"56,460,198.00",1.30,1.3
08/06/2022,ZMFA,"27,090,100.00",4.78,4.78
08/06/2022,ZNCO,"1,443,750,041.28",2.60,2.59
08/06/2022,ZCCM,"160,800,286.00",37.98,37.98
08/06/2022,ZFCO,"400,000,000.00",2.45,2.45
08/06/2022,BATZ,"212,456,304.00",1.88,1.88
08/06/2022,NATB,"63,000,000.00",4.00,4
08/06/2022,PUMA,"500,000,000.00",1.57,1.57
08/06/2022,SHOP,"2,700,000.00",64.00,64
08/06/2022,CCAF,"1,625,000,597.00",0.41,0.41
08/06/2022,PMDZ,"100,000,000.00",0.60,0.6
08/06/2022,ATEL,"104,000,000.00",17.00,17
08/06/2022,CECZ,"1,625,000,597.00",3.21,3.21
08/06/2022,ZABR,"546,000,000.00",7.00,7
08/06/2022,MAFS,"50,000,000.00",2.47,2.47
08/06/2022,ZMBF,"300,579,610.00",1.65,1.65
08/06/2022,SCBL,"1,666,980,000.00",1.39,1.39
08/06/2022,ZSUG,"316,571,385.40",17.61,17.61
08/06/2022,ZMRE,"45,000,000.00",2.80,2.8
08/06/2022,AECI,"20,406,600.00",39.60,39.6
08/06/2022,BATA,"76,107,600.00",2.59,2.59
08/06/2022,CHIL,"200,039,904.00",13.37,13.37
09/06/2022,REIZ,"56,460,198.00",1.30,1.3
09/06/2022,ZMFA,"27,090,100.00",4.78,4.78
09/06/2022,ZNCO,"1,443,750,041.28",2.59,2.59
09/06/2022,ZCCM,"160,800,286.00",37.98,37.98
09/06/2022,ZFCO,"400,000,000.00",2.45,2.45
09/06/2022,BATZ,"212,456,304.00",1.88,1.88
09/06/2022,NATB,"63,000,000.00",4.00,4
09/06/2022,PUMA,"500,000,000.00",1.57,1.57
09/06/2022,SHOP,"2,700,000.00",64.00,64
09/06/2022,CCAF,"1,625,000,597.00",0.41,0.43
09/06/2022,PMDZ,"100,000,000.00",0.60,0.6
09/06/2022,ATEL,"104,000,000.00",17.00,17
09/06/2022,CECZ,"1,625,000,597.00",3.21,3.21
09/06/2022,ZABR,"546,000,000.00",7.00,7
09/06/2022,MAFS,"50,000,000.00",2.47,2.47
09/06/2022,ZMBF,"300,579,610.00",1.65,1.65
09/06/2022,SCBL,"1,666,980,000.00",1.39,1.39
09/06/2022,ZSUG,"316,571,385.40",17.61,17.61
09/06/2022,ZMRE,"45,000,000.00",2.80,2.8
09/06/2022,AECI,"20,406,600.00",39.60,39.6
09/06/2022,BATA,"76,107,600.00",2.59,2.59
09/06/2022,CHIL,"200,039,904.00",13.37,13.37
10/06/2022,REIZ,"56,460,198.00",1.30,1.3
10/06/2022,ZMFA,"27,090,100.00",4.78,4.78
10/06/2022,ZNCO,"1,443,750,041.28",2.59,2.59
10/06/2022,ZCCM,"160,800,286.00",37.98,37.98
10/06/2022,ZFCO,"400,000,000.00",2.45,2.45
10/06/2022,BATZ,"212,456,304.00",1.88,1.88
10/06/2022,NATB,"63,000,000.00",4.00,4
10/06/2022,PUMA,"500,000,000.00",1.57,1.57
10/06/2022,SHOP,"2,700,000.00",64.00,64
10/06/2022,CCAF,"1,625,000,597.00",0.43,0.44
10/06/2022,PMDZ,"100,000,000.00",0.60,0.6
10/06/2022,ATEL,"104,000,000.00",17.00,17
10/06/2022,CECZ,"1,625,000,597.00",3.21,3.21
10/06/2022,ZABR,"546,000,000.00",7.00,7
10/06/2022,MAFS,"50,000,000.00",2.47,2.47
10/06/2022,ZMBF,"300,579,610.00",1.65,1.65
10/06/2022,SCBL,"1,666,980,000.00",1.39,1.39
10/06/2022,ZSUG,"316,571,385.40",17.61,17.61
10/06/2022,ZMRE,"45,000,000.00",2.80,2.8
10/06/2022,AECI,"20,406,600.00",39.60,39.6
10/06/2022,BATA,"76,107,600.00",2.59,2.59
10/06/2022,CHIL,"200,039,904.00",13.37,13.37
13/06/2022,REIZ,"56,460,198.00",1.30,1.3
13/06/2022,ZMFA,"27,090,100.00",4.78,4.78
13/06/2022,ZNCO,"1,443,750,041.28",2.54,2.6
13/06/2022,ZCCM,"160,800,286.00",37.98,37.98
13/06/2022,ZFCO,"400,000,000.00",2.45,2.45
13/06/2022,BATZ,"212,456,304.00",1.88,1.88
13/06/2022,NATB,"63,000,000.00",4.00,4
13/06/2022,PUMA,"500,000,000.00",1.57,1.57
13/06/2022,SHOP,"2,700,000.00",64.00,64
13/06/2022,CCAF,"1,625,000,597.00",0.44,0.45
13/06/2022,PMDZ,"100,000,000.00",0.60,0.6
13/06/2022,ATEL,"104,000,000.00",17.00,17
13/06/2022,CECZ,"1,625,000,597.00",3.21,3.21
13/06/2022,ZABR,"546,000,000.00",7.00,7
13/06/2022,MAFS,"50,000,000.00",2.47,2.47
13/06/2022,ZMBF,"300,579,610.00",1.65,2.06
13/06/2022,SCBL,"1,666,980,000.00",1.39,1.39
13/06/2022,ZSUG,"316,571,385.40",17.61,17.61
13/06/2022,ZMRE,"45,000,000.00",2.80,2.8
13/06/2022,AECI,"20,406,600.00",39.60,39.6
13/06/2022,BATA,"76,107,600.00",2.59,2.59
13/06/2022,CHIL,"200,039,904.00",13.37,13.37
14/06/2022,REIZ,"56,460,198.00",1.30,1.3
14/06/2022,ZMFA,"27,090,100.00",4.78,4.78
14/06/2022,ZNCO,"1,443,750,041.28",2.59,2.59
14/06/2022,ZCCM,"160,800,286.00",37.98,37.98
14/06/2022,ZFCO,"400,000,000.00",2.45,2.45
14/06/2022,BATZ,"212,456,304.00",1.88,1.88
14/06/2022,NATB,"63,000,000.00",4.00,4
14/06/2022,PUMA,"500,000,000.00",1.57,1.57
14/06/2022,SHOP,"2,700,000.00",64.00,64
14/06/2022,CCAF,"1,625,000,597.00",0.45,0.45
14/06/2022,PMDZ,"100,000,000.00",0.60,0.6
14/06/2022,ATEL,"104,000,000.00",17.00,17
14/06/2022,CECZ,"1,625,000,597.00",3.21,3.21
14/06/2022,ZABR,"546,000,000.00",7.00,7
14/06/2022,MAFS,"50,000,000.00",2.47,2.47
14/06/2022,ZMBF,"300,579,610.00",2.06,2.06
14/06/2022,SCBL,"1,666,980,000.00",1.39,1.39
14/06/2022,ZSUG,"316,571,385.40",17.61,17.61
14/06/2022,ZMRE,"45,000,000.00",2.80,2.8
14/06/2022,AECI,"20,406,600.00",39.60,39.6
14/06/2022,BATA,"76,107,600.00",2.59,2.59
14/06/2022,CHIL,"200,039,904.00",13.37,13.37
15/06/2022,REIZ,"56,460,198.00",1.30,1.3
15/06/2022,ZMFA,"27,090,100.00",4.78,4.78
15/06/2022,ZNCO,"1,443,750,041.28",2.59,2.6
15/06/2022,ZCCM,"160,800,286.00",37.98,37.98
15/06/2022,ZFCO,"400,000,000.00",2.45,2.45
15/06/2022,BATZ,"212,456,304.00",1.88,1.88
15/06/2022,NATB,"63,000,000.00",4.00,4
15/06/2022,PUMA,"500,000,000.00",1.57,1.57
15/06/2022,SHOP,"2,700,000.00",64.00,64
15/06/2022,CCAF,"1,625,000,597.00",0.45,0.45
15/06/2022,PMDZ,"100,000,000.00",0.60,0.6
15/06/2022,ATEL,"104,000,000.00",17.00,17
15/06/2022,CECZ,"1,625,000,597.00",3.21,3.21
15/06/2022,ZABR,"546,000,000.00",7.00,7
15/06/2022,MAFS,"50,000,000.00",2.47,2.47
15/06/2022,ZMBF,"300,579,610.00",2.06,2.06
15/06/2022,SCBL,"1,666,980,000.00",1.39,1.39
15/06/2022,ZSUG,"316,571,385.40",17.61,17.61
15/06/2022,ZMRE,"45,000,000.00",2.80,2.8
15/06/2022,AECI,"20,406,600.00",39.60,39.6
15/06/2022,BATA,"76,107,600.00",2.59,2.59
15/06/2022,CHIL,"200,039,904.00",13.37,13.37
16/06/2022,REIZ,"56,460,198.00",1.30,1.3
16/06/2022,ZMFA,"27,090,100.00",4.78,4.78
16/06/2022,ZNCO,"1,443,750,041.28",2.60,2.6
16/06/2022,ZCCM,"160,800,286.00",37.98,37.98
16/06/2022,ZFCO,"400,000,000.00",2.45,2.45
16/06/2022,BATZ,"212,456,304.00",1.88,1.88
16/06/2022,NATB,"63,000,000.00",4.00,4
16/06/2022,PUMA,"500,000,000.00",1.57,1.57
16/06/2022,SHOP,"2,700,000.00",64.00,64
16/06/2022,CCAF,"1,625,000,597.00",0.45,0.45
16/06/2022,PMDZ,"100,000,000.00",0.60,0.6
16/06/2022,ATEL,"104,000,000.00",17.00,17
16/06/2022,CECZ,"1,625,000,597.00",3.21,3.21
16/06/2022,ZABR,"546,000,000.00",7.00,7
16/06/2022,MAFS,"50,000,000.00",2.47,2.47
16/06/2022,ZMBF,"300,579,610.00",2.06,2.06
16/06/2022,SCBL,"1,666,980,000.00",1.39,1.39
16/06/2022,ZSUG,"316,571,385.40",17.61,17.61
16/06/2022,ZMRE,"45,000,000.00",2.80,2.8
16/06/2022,AECI,"20,406,600.00",39.60,39.6
16/06/2022,BATA,"76,107,600.00",2.59,2.59
16/06/2022,CHIL,"200,039,904.00",13.37,13.37
17/06/2022,REIZ,"56,460,198.00",1.30,1.3
17/06/2022,ZMFA,"27,090,100.00",4.78,4.78
17/06/2022,ZNCO,"1,443,750,041.28",2.60,2.6
17/06/2022,ZCCM,"160,800,286.00",37.98,37.98
17/06/2022,ZFCO,"400,000,000.00",2.45,2.45
17/06/2022,BATZ,"212,456,304.00",1.88,1.88
17/06/2022,NATB,"63,000,000.00",4.00,4
17/06/2022,PUMA,"500,000,000.00",1.57,1.57
17/06/2022,SHOP,"2,700,000.00",64.00,64
17/06/2022,CCAF,"1,625,000,597.00",0.45,0.45
17/06/2022,PMDZ,"100,000,000.00",0.60,0.6
17/06/2022,ATEL,"104,000,000.00",17.00,17
17/06/2022,CECZ,"1,625,000,597.00",3.21,3.21
17/06/2022,ZABR,"546,000,000.00",7.00,7
17/06/2022,MAFS,"50,000,000.00",2.47,2.47
17/06/2022,ZMBF,"300,579,610.00",2.06,2.06
17/06/2022,SCBL,"1,666,980,000.00",1.39,1.39
17/06/2022,ZSUG,"316,571,385.40",17.61,17.61
17/06/2022,ZMRE,"45,000,000.00",2.80,2.8
17/06/2022,AECI,"20,406,600.00",39.60,39.6
17/06/2022,BATA,"76,107,600.00",2.59,2.59
17/06/2022,CHIL,"200,039,904.00",13.37,13.37
20/06/2022,REIZ,"56,460,198.00",1.30,1.3
20/06/2022,ZMFA,"27,090,100.00",4.78,4.78
20/06/2022,ZNCO,"1,443,750,041.28",2.60,2.6
20/06/2022,ZCCM,"160,800,286.00",37.98,37.98
20/06/2022,ZFCO,"400,000,000.00",2.45,2.45
20/06/2022,BATZ,"212,456,304.00",1.88,1.88
20/06/2022,NATB,"63,000,000.00",4.00,4
20/06/2022,PUMA,"500,000,000.00",1.57,1.57
20/06/2022,SHOP,"2,700,000.00",64.00,64
20/06/2022,CCAF,"1,625,000,597.00",0.45,0.45
20/06/2022,PMDZ,"100,000,000.00",0.60,0.6
20/06/2022,ATEL,"104,000,000.00",17.00,17
20/06/2022,CECZ,"1,625,000,597.00",3.21,3.21
20/06/2022,ZABR,"546,000,000.00",7.00,7
20/06/2022,MAFS,"50,000,000.00",2.47,2.47
20/06/2022,ZMBF,"300,579,610.00",2.06,2.06
20/06/2022,SCBL,"1,666,980,000.00",1.39,1.39
20/06/2022,ZSUG,"316,571,385.40",17.61,17.61
20/06/2022,ZMRE,"45,000,000.00",2.80,2.8
20/06/2022,AECI,"20,406,600.00",39.60,39.6
20/06/2022,BATA,"76,107,600.00",2.59,2.59
20/06/2022,CHIL,"200,039,904.00",13.37,13.38
21/06/2022,REIZ,"56,460,198.00",1.30,1.3
21/06/2022,ZMFA,"27,090,100.00",4.78,4.78
21/06/2022,ZNCO,"1,443,750,041.28",2.60,2.6
21/06/2022,ZCCM,"160,800,286.00",37.98,37.98
21/06/2022,ZFCO,"400,000,000.00",2.45,2.45
21/06/2022,BATZ,"212,456,304.00",1.88,1.88
21/06/2022,NATB,"63,000,000.00",4.00,4
21/06/2022,PUMA,"500,000,000.00",1.57,1.57
21/06/2022,SHOP,"2,700,000.00",64.00,64
21/06/2022,CCAF,"1,625,000,597.00",0.45,0.45
21/06/2022,PMDZ,"100,000,000.00",0.60,0.6
21/06/2022,ATEL,"104,000,000.00",17.00,17
21/06/2022,CECZ,"1,625,000,597.00",3.21,3.21
21/06/2022,ZABR,"546,000,000.00",7.00,7
21/06/2022,MAFS,"50,000,000.00",2.47,2.47
21/06/2022,ZMBF,"300,579,610.00",2.06,2.06
21/06/2022,SCBL,"1,666,980,000.00",1.39,1.39
21/06/2022,ZSUG,"316,571,385.40",17.61,17.61
21/06/2022,ZMRE,"45,000,000.00",2.80,2.8
21/06/2022,AECI,"20,406,600.00",39.60,39.6
21/06/2022,BATA,"76,107,600.00",2.59,2.59
21/06/2022,CHIL,"200,039,904.00",13.38,13.38
22/06/2022,REIZ,"56,460,198.00",1.30,1.3
22/06/2022,ZMFA,"27,090,100.00",4.78,4.78
22/06/2022,ZNCO,"1,443,750,041.28",2.60,2.6
22/06/2022,ZCCM,"160,800,286.00",37.98,37.98
22/06/2022,ZFCO,"400,000,000.00",2.45,2.45
22/06/2022,BATZ,"212,456,304.00",1.88,1.88
22/06/2022,NATB,"63,000,000.00",4.00,4
22/06/2022,PUMA,"500,000,000.00",1.57,1.57
22/06/2022,SHOP,"2,700,000.00",64.00,64
22/06/2022,CCAF,"1,625,000,597.00",0.45,0.45
22/06/2022,PMDZ,"100,000,000.00",0.60,0.6
22/06/2022,ATEL,"104,000,000.00",17.00,17
22/06/2022,CECZ,"1,625,000,597.00",3.21,3.2
22/06/2022,ZABR,"546,000,000.00",7.00,7
22/06/2022,MAFS,"50,000,000.00",2.47,2.47
22/06/2022,ZMBF,"300,579,610.00",2.06,2.06
22/06/2022,SCBL,"1,666,980,000.00",1.39,1.39
22/06/2022,ZSUG,"316,571,385.40",17.61,17.61
22/06/2022,ZMRE,"45,000,000.00",2.80,2.8
22/06/2022,AECI,"20,406,600.00",39.60,39.6
22/06/2022,BATA,"76,107,600.00",2.59,2.59
22/06/2022,CHIL,"200,039,904.00",13.38,13.38
23/06/2022,REIZ,"56,460,198.00",1.30,1.3
23/06/2022,ZMFA,"27,090,100.00",4.78,4.78
23/06/2022,ZNCO,"1,443,750,041.28",2.60,2.6
23/06/2022,ZCCM,"160,800,286.00",37.98,37.98
23/06/2022,ZFCO,"400,000,000.00",2.45,2.46
23/06/2022,BATZ,"212,456,304.00",1.88,1.89
23/06/2022,NATB,"63,000,000.00",4.00,4
23/06/2022,PUMA,"500,000,000.00",1.57,1.57
23/06/2022,SHOP,"2,700,000.00",64.00,64
23/06/2022,CCAF,"1,625,000,597.00",0.45,0.45
23/06/2022,PMDZ,"100,000,000.00",0.60,0.6
23/06/2022,ATEL,"104,000,000.00",17.00,17
23/06/2022,CECZ,"1,625,000,597.00",3.20,3.21
23/06/2022,ZABR,"546,000,000.00",7.00,7
23/06/2022,MAFS,"50,000,000.00",2.47,2.47
23/06/2022,ZMBF,"300,579,610.00",2.06,2.06
23/06/2022,SCBL,"1,666,980,000.00",1.39,1.39
23/06/2022,ZSUG,"316,571,385.40",17.61,17.6
23/06/2022,ZMRE,"45,000,000.00",2.80,2.8
23/06/2022,AECI,"20,406,600.00",39.60,39.6
23/06/2022,BATA,"76,107,600.00",2.59,2.59
23/06/2022,CHIL,"200,039,904.00",13.38,13.38
24/06/2022,REIZ,"56,460,198.00",1.30,1.3
24/06/2022,ZMFA,"27,090,100.00",4.78,4.78
24/06/2022,ZNCO,"1,443,750,041.28",2.60,2.6
24/06/2022,ZCCM,"160,800,286.00",37.98,37.98
24/06/2022,ZFCO,"400,000,000.00",2.46,2.46
24/06/2022,BATZ,"212,456,304.00",1.89,1.89
24/06/2022,NATB,"63,000,000.00",4.00,4
24/06/2022,PUMA,"500,000,000.00",1.57,1.57
24/06/2022,SHOP,"2,700,000.00",64.00,64
24/06/2022,CCAF,"1,625,000,597.00",0.45,0.45
24/06/2022,PMDZ,"100,000,000.00",0.60,0.6
24/06/2022,ATEL,"104,000,000.00",17.00,17
24/06/2022,CECZ,"1,625,000,597.00",3.21,3.21
24/06/2022,ZABR,"546,000,000.00",7.00,7
24/06/2022,MAFS,"50,000,000.00",2.47,2.47
24/06/2022,ZMBF,"300,579,610.00",2.06,2.06
24/06/2022,SCBL,"1,666,980,000.00",1.39,1.39
24/06/2022,ZSUG,"316,571,385.40",17.60,17.6
24/06/2022,ZMRE,"45,000,000.00",2.80,2.8
24/06/2022,AECI,"20,406,600.00",39.60,39.6
24/06/2022,BATA,"76,107,600.00",2.59,2.59
24/06/2022,CHIL,"200,039,904.00",13.38,13.38
27/06/2022,REIZ,"56,460,198.00",1.30,1.3
27/06/2022,ZMFA,"27,090,100.00",4.78,4.78
27/06/2022,ZNCO,"1,443,750,041.28",2.60,2.6
27/06/2022,ZCCM,"160,800,286.00",37.98,37.98
27/06/2022,ZFCO,"400,000,000.00",2.46,2.46
27/06/2022,BATZ,"212,456,304.00",1.89,1.89
27/06/2022,NATB,"63,000,000.00",4.00,4
27/06/2022,PUMA,"500,000,000.00",1.57,1.57
27/06/2022,SHOP,"2,700,000.00",64.00,64
27/06/2022,CCAF,"1,625,000,597.00",0.45,0.55
27/06/2022,PMDZ,"100,000,000.00",0.60,0.6
27/06/2022,ATEL,"104,000,000.00",17.00,17
27/06/2022,CECZ,"1,625,000,597.00",3.21,3.21
27/06/2022,ZABR,"546,000,000.00",7.00,7
27/06/2022,MAFS,"50,000,000.00",2.47,2.47
27/06/2022,ZMBF,"300,579,610.00",2.06,2.06
27/06/2022,SCBL,"1,666,980,000.00",1.39,1.39
27/06/2022,ZSUG,"316,571,385.40",17.60,17.6
27/06/2022,ZMRE,"45,000,000.00",2.80,2.8
27/06/2022,AECI,"20,406,600.00",39.60,42
27/06/2022,BATA,"76,107,600.00",2.59,2.59
27/06/2022,CHIL,"200,039,904.00",13.38,13.38
28/06/2022,REIZ,"56,460,198.00",1.30,1.3
28/06/2022,ZMFA,"27,090,100.00",4.78,4.78
28/06/2022,ZNCO,"1,443,750,041.28",2.60,2.6
28/06/2022,ZCCM,"160,800,286.00",37.98,37.98
28/06/2022,ZFCO,"400,000,000.00",2.46,2.46
28/06/2022,BATZ,"212,456,304.00",1.89,1.89
28/06/2022,NATB,"63,000,000.00",4.00,4
28/06/2022,PUMA,"500,000,000.00",1.57,1.57
28/06/2022,SHOP,"2,700,000.00",64.00,64
28/06/2022,CCAF,"1,625,000,597.00",0.55,0.55
28/06/2022,PMDZ,"100,000,000.00",0.60,0.6
28/06/2022,ATEL,"104,000,000.00",17.00,17
28/06/2022,CECZ,"1,625,000,597.00",3.21,3.21
28/06/2022,ZABR,"546,000,000.00",7.00,7
28/06/2022,MAFS,"50,000,000.00",2.47,2.47
28/06/2022,ZMBF,"300,579,610.00",2.06,2.06
28/06/2022,SCBL,"1,666,980,000.00",1.39,1.38
28/06/2022,ZSUG,"316,571,385.40",17.60,17.6
28/06/2022,ZMRE,"45,000,000.00",2.80,2.8
28/06/2022,AECI,"20,406,600.00",42.00,42
28/06/2022,BATA,"76,107,600.00",2.59,2.59
28/06/2022,CHIL,"200,039,904.00",13.38,13.38
29/06/2022,REIZ,"56,460,198.00",1.30,1.3
29/06/2022,ZMFA,"27,090,100.00",4.78,4.78
29/06/2022,ZNCO,"1,443,750,041.28",2.60,2.6
29/06/2022,ZCCM,"160,800,286.00",37.98,37.98
29/06/2022,ZFCO,"400,000,000.00",2.46,2.46
29/06/2022,BATZ,"212,456,304.00",1.89,1.89
29/06/2022,NATB,"63,000,000.00",4.00,4
29/06/2022,PUMA,"500,000,000.00",1.57,1.57
29/06/2022,SHOP,"2,700,000.00",64.00,64
29/06/2022,CCAF,"1,625,000,597.00",0.55,0.55
29/06/2022,PMDZ,"100,000,000.00",0.60,0.6
29/06/2022,ATEL,"104,000,000.00",17.00,17
29/06/2022,CECZ,"1,625,000,597.00",3.21,3.21
29/06/2022,ZABR,"546,000,000.00",7.00,7
29/06/2022,MAFS,"50,000,000.00",2.47,2.47
29/06/2022,ZMBF,"300,579,610.00",2.06,2.06
29/06/2022,SCBL,"1,666,980,000.00",1.38,1.38
29/06/2022,ZSUG,"316,571,385.40",17.60,17.6
29/06/2022,ZMRE,"45,000,000.00",2.80,2.8
29/06/2022,AECI,"20,406,600.00",42.00,42
29/06/2022,BATA,"76,107,600.00",2.59,2.59
29/06/2022,CHIL,"200,039,904.00",13.38,13.38
30/06/2022,REIZ,"56,460,198.00",1.30,1.3
30/06/2022,ZMFA,"27,090,100.00",4.78,4.78
30/06/2022,ZNCO,"1,443,750,041.28",2.60,2.6
30/06/2022,ZCCM,"160,800,286.00",37.98,37.98
30/06/2022,ZFCO,"400,000,000.00",2.46,2.46
30/06/2022,BATZ,"212,456,304.00",1.89,1.89
30/06/2022,NATB,"63,000,000.00",4.00,4
30/06/2022,PUMA,"500,000,000.00",1.57,1.57
30/06/2022,SHOP,"2,700,000.00",64.00,64
30/06/2022,CCAF,"1,625,000,597.00",0.55,0.55
30/06/2022,PMDZ,"100,000,000.00",0.60,0.6
30/06/2022,ATEL,"104,000,000.00",17.00,17
30/06/2022,CECZ,"1,625,000,597.00",3.21,3.21
30/06/2022,ZABR,"546,000,000.00",7.00,7
30/06/2022,MAFS,"50,000,000.00",2.47,2.47
30/06/2022,ZMBF,"300,579,610.00",2.06,2.06
30/06/2022,SCBL,"1,666,980,000.00",1.38,1.38
30/06/2022,ZSUG,"316,571,385.40",17.60,17.64
30/06/2022,ZMRE,"45,000,000.00",2.80,2.8
30/06/2022,AECI,"20,406,600.00",42.00,42
30/06/2022,BATA,"76,107,600.00",2.59,2.59
30/06/2022,CHIL,"200,039,904.00",13.38,13.38
01/07/2022,REIZ,"56,460,198.00",1.30,1.3
01/07/2022,ZMFA,"27,090,100.00",4.78,4.78
01/07/2022,ZNCO,"1,443,750,041.28",2.60,2.6
01/07/2022,ZCCM,"160,800,286.00",37.98,37.98
01/07/2022,ZFCO,"400,000,000.00",2.46,2.46
01/07/2022,BATZ,"212,456,304.00",1.89,1.89
01/07/2022,NATB,"63,000,000.00",4.00,4
01/07/2022,PUMA,"500,000,000.00",1.57,1.57
01/07/2022,SHOP,"2,700,000.00",64.00,64
01/07/2022,CCAF,"1,625,000,597.00",0.55,0.55
01/07/2022,PMDZ,"100,000,000.00",0.60,0.6
01/07/2022,ATEL,"104,000,000.00",17.00,17
01/07/2022,CECZ,"1,625,000,597.00",3.21,3.21
01/07/2022,ZABR,"546,000,000.00",7.00,7
01/07/2022,MAFS,"50,000,000.00",2.47,2.47
01/07/2022,ZMBF,"300,579,610.00",2.06,2.06
01/07/2022,SCBL,"1,666,980,000.00",1.38,1.38
01/07/2022,ZSUG,"316,571,385.40",17.64,17.64
01/07/2022,ZMRE,"45,000,000.00",2.80,2.8
01/07/2022,AECI,"20,406,600.00",42.00,42
01/07/2022,BATA,"76,107,600.00",2.59,2.59
01/07/2022,CHIL,"200,039,904.00",13.38,13.38
06/07/2022,REIZ,"56,460,198.00",1.30,1.3
06/07/2022,ZMFA,"27,090,100.00",4.78,4.78
06/07/2022,ZNCO,"1,443,750,041.28",2.60,2.6
06/07/2022,ZCCM,"160,800,286.00",37.98,37.98
06/07/2022,ZFCO,"400,000,000.00",2.46,2.46
06/07/2022,BATZ,"212,456,304.00",1.89,1.89
06/07/2022,NATB,"63,000,000.00",4.00,4
06/07/2022,PUMA,"500,000,000.00",1.57,1.57
06/07/2022,SHOP,"2,700,000.00",64.00,64
06/07/2022,CCAF,"1,625,000,597.00",0.55,0.55
06/07/2022,PMDZ,"100,000,000.00",0.60,0.6
06/07/2022,ATEL,"104,000,000.00",17.00,17
06/07/2022,CECZ,"1,625,000,597.00",3.21,3.22
06/07/2022,ZABR,"546,000,000.00",7.00,7
06/07/2022,MAFS,"50,000,000.00",2.47,2.47
06/07/2022,ZMBF,"300,579,610.00",2.06,2.06
06/07/2022,SCBL,"1,666,980,000.00",1.38,1.38
06/07/2022,ZSUG,"316,571,385.40",17.64,18
06/07/2022,ZMRE,"45,000,000.00",2.80,2.8
06/07/2022,AECI,"20,406,600.00",42.00,42
06/07/2022,BATA,"76,107,600.00",2.59,2.59
06/07/2022,CHIL,"200,039,904.00",13.38,13.38
07/07/2022,REIZ,"56,460,198.00",1.30,1.3
07/07/2022,ZMFA,"27,090,100.00",4.78,4.78
07/07/2022,ZNCO,"1,443,750,041.28",2.60,2.6
07/07/2022,ZCCM,"160,800,286.00",37.98,37.98
07/07/2022,ZFCO,"400,000,000.00",2.46,2.46
07/07/2022,BATZ,"212,456,304.00",1.89,1.89
07/07/2022,NATB,"63,000,000.00",4.00,4.1
07/07/2022,PUMA,"500,000,000.00",1.57,1.57
07/07/2022,SHOP,"2,700,000.00",64.00,64
07/07/2022,CCAF,"1,625,000,597.00",0.55,0.57
07/07/2022,PMDZ,"100,000,000.00",0.60,0.6
07/07/2022,ATEL,"104,000,000.00",17.00,17
07/07/2022,CECZ,"1,625,000,597.00",3.22,3.21
07/07/2022,ZABR,"546,000,000.00",7.00,7
07/07/2022,MAFS,"50,000,000.00",2.47,2.47
07/07/2022,ZMBF,"300,579,610.00",2.06,2.06
07/07/2022,SCBL,"1,666,980,000.00",1.38,1.4
07/07/2022,ZSUG,"316,571,385.40",18.00,17.64
07/07/2022,ZMRE,"45,000,000.00",2.80,2.8
07/07/2022,AECI,"20,406,600.00",42.00,42
07/07/2022,BATA,"76,107,600.00",2.59,2.59
07/07/2022,CHIL,"200,039,904.00",13.38,13.38
08/07/2022,REIZ,"56,460,198.00",1.30,1.3
08/07/2022,ZMFA,"27,090,100.00",4.78,4.78
08/07/2022,ZNCO,"1,443,750,041.28",2.60,2.6
08/07/2022,ZCCM,"160,800,286.00",37.98,37.98
08/07/2022,ZFCO,"400,000,000.00",2.46,2.46
08/07/2022,BATZ,"212,456,304.00",1.89,1.89
08/07/2022,NATB,"63,000,000.00",4.10,4.1
08/07/2022,PUMA,"500,000,000.00",1.57,1.57
08/07/2022,SHOP,"2,700,000.00",64.00,64
08/07/2022,CCAF,"1,625,000,597.00",0.57,0.57
08/07/2022,PMDZ,"100,000,000.00",0.60,0.6
08/07/2022,ATEL,"104,000,000.00",17.00,17
08/07/2022,CECZ,"1,625,000,597.00",3.21,3.21
08/07/2022,ZABR,"546,000,000.00",7.00,7
08/07/2022,MAFS,"50,000,000.00",2.47,2.47
08/07/2022,ZMBF,"300,579,610.00",2.06,2.06
08/07/2022,SCBL,"1,666,980,000.00",1.40,1.4
08/07/2022,ZSUG,"316,571,385.40",17.70,17.66
08/07/2022,ZMRE,"45,000,000.00",2.80,2.8
08/07/2022,AECI,"20,406,600.00",42.00,42
08/07/2022,BATA,"76,107,600.00",2.59,2.59
08/07/2022,CHIL,"200,039,904.00",13.38,13.38
11/07/2022,REIZ,"56,460,198.00",1.30,1.3
11/07/2022,ZMFA,"27,090,100.00",4.78,4.78
11/07/2022,ZNCO,"1,443,750,041.28",2.60,2.6
11/07/2022,ZCCM,"160,800,286.00",37.98,37.98
11/07/2022,ZFCO,"400,000,000.00",2.46,2.46
11/07/2022,BATZ,"212,456,304.00",1.89,1.9
11/07/2022,NATB,"63,000,000.00",4.10,4.1
11/07/2022,PUMA,"500,000,000.00",1.57,1.57
11/07/2022,SHOP,"2,700,000.00",64.00,64
11/07/2022,CCAF,"1,625,000,597.00",0.57,0.57
11/07/2022,PMDZ,"100,000,000.00",0.60,0.6
11/07/2022,ATEL,"104,000,000.00",17.00,17
11/07/2022,CECZ,"1,625,000,597.00",3.21,3.21
11/07/2022,ZABR,"546,000,000.00",7.00,7
11/07/2022,MAFS,"50,000,000.00",2.47,2.47
11/07/2022,ZMBF,"300,579,610.00",2.06,2.07
11/07/2022,SCBL,"1,666,980,000.00",1.40,1.4
11/07/2022,ZSUG,"316,571,385.40",17.66,17.66
11/07/2022,ZMRE,"45,000,000.00",2.80,2.8
11/07/2022,AECI,"20,406,600.00",42.00,42
11/07/2022,BATA,"76,107,600.00",2.59,2.59
11/07/2022,CHIL,"200,039,904.00",13.38,13.38
12/07/2022,REIZ,"56,460,198.00",1.30,1.3
12/07/2022,ZMFA,"27,090,100.00",4.78,4.78
12/07/2022,ZNCO,"1,443,750,041.28",2.60,2.6
12/07/2022,ZCCM,"160,800,286.00",37.98,37.98
12/07/2022,ZFCO,"400,000,000.00",2.46,2.46
12/07/2022,BATZ,"212,456,304.00",1.90,1.9
12/07/2022,NATB,"63,000,000.00",4.10,4.1
12/07/2022,PUMA,"500,000,000.00",1.57,1.57
12/07/2022,SHOP,"2,700,000.00",64.00,64
12/07/2022,CCAF,"1,625,000,597.00",0.57,0.57
12/07/2022,PMDZ,"100,000,000.00",0.60,0.6
12/07/2022,ATEL,"104,000,000.00",17.00,17
12/07/2022,CECZ,"1,625,000,597.00",3.21,3.21
12/07/2022,ZABR,"546,000,000.00",7.00,7
12/07/2022,MAFS,"50,000,000.00",2.47,2.47
12/07/2022,ZMBF,"300,579,610.00",2.07,2.07
12/07/2022,SCBL,"1,666,980,000.00",1.40,1.4
12/07/2022,ZSUG,"316,571,385.40",17.66,17.66
12/07/2022,ZMRE,"45,000,000.00",2.80,2.8
12/07/2022,AECI,"20,406,600.00",42.00,42
12/07/2022,BATA,"76,107,600.00",2.59,2.59
12/07/2022,CHIL,"200,039,904.00",13.38,13.38
13/07/2022,REIZ,"56,460,198.00",1.30,1.3
13/07/2022,ZMFA,"27,090,100.00",4.78,4.78
13/07/2022,ZNCO,"1,443,750,041.28",2.60,2.6
13/07/2022,ZCCM,"160,800,286.00",37.98,37.98
13/07/2022,ZFCO,"400,000,000.00",2.46,2.46
13/07/2022,BATZ,"212,456,304.00",1.90,1.9
13/07/2022,NATB,"63,000,000.00",4.10,4.1
13/07/2022,PUMA,"500,000,000.00",1.57,1.57
13/07/2022,SHOP,"2,700,000.00",64.00,64
13/07/2022,CCAF,"1,625,000,597.00",0.57,0.57
13/07/2022,PMDZ,"100,000,000.00",0.60,0.6
13/07/2022,ATEL,"104,000,000.00",17.00,17
13/07/2022,CECZ,"1,625,000,597.00",3.21,3.21
13/07/2022,ZABR,"546,000,000.00",7.00,7
13/07/2022,MAFS,"50,000,000.00",2.47,2.47
13/07/2022,ZMBF,"300,579,610.00",2.07,2.07
13/07/2022,SCBL,"1,666,980,000.00",1.40,1.4
13/07/2022,ZSUG,"316,571,385.40",17.66,17.66
13/07/2022,ZMRE,"45,000,000.00",2.80,2.8
13/07/2022,AECI,"20,406,600.00",42.00,42
13/07/2022,BATA,"76,107,600.00",2.59,2.59
13/07/2022,CHIL,"200,039,904.00",13.38,13.38
14/07/2022,REIZ,"56,460,198.00",1.30,1.3
14/07/2022,ZMFA,"27,090,100.00",4.78,4.78
14/07/2022,ZNCO,"1,443,750,041.28",2.60,2.6
14/07/2022,ZCCM,"160,800,286.00",37.98,37.98
14/07/2022,ZFCO,"400,000,000.00",2.46,2.46
14/07/2022,BATZ,"212,456,304.00",1.90,1.9
14/07/2022,NATB,"63,000,000.00",4.10,4.1
14/07/2022,PUMA,"500,000,000.00",1.57,1.58
14/07/2022,SHOP,"2,700,000.00",64.00,64
14/07/2022,CCAF,"1,625,000,597.00",0.57,0.57
14/07/2022,PMDZ,"100,000,000.00",0.60,0.6
14/07/2022,ATEL,"104,000,000.00",17.00,17
14/07/2022,CECZ,"1,625,000,597.00",3.21,3.21
14/07/2022,ZABR,"546,000,000.00",7.00,7
14/07/2022,MAFS,"50,000,000.00",2.47,2.47
14/07/2022,ZMBF,"300,579,610.00",2.07,2.07
14/07/2022,SCBL,"1,666,980,000.00",1.40,1.4
14/07/2022,ZSUG,"316,571,385.40",17.66,17.66
14/07/2022,ZMRE,"45,000,000.00",2.80,2.8
14/07/2022,AECI,"20,406,600.00",42.00,42
14/07/2022,BATA,"76,107,600.00",2.59,2.59
14/07/2022,CHIL,"200,039,904.00",13.38,13.38
15/07/2022,REIZ,"56,460,198.00",1.30,1.3
15/07/2022,ZMFA,"27,090,100.00",4.78,4.78
15/07/2022,ZNCO,"1,443,750,041.28",2.60,2.6
15/07/2022,ZCCM,"160,800,286.00",37.98,37.98
15/07/2022,ZFCO,"400,000,000.00",2.46,2.46
15/07/2022,BATZ,"212,456,304.00",1.90,1.9
15/07/2022,NATB,"63,000,000.00",4.10,4.1
15/07/2022,PUMA,"500,000,000.00",1.58,1.58
15/07/2022,SHOP,"2,700,000.00",64.00,64
15/07/2022,CCAF,"1,625,000,597.00",0.57,0.57
15/07/2022,PMDZ,"100,000,000.00",0.60,0.6
15/07/2022,ATEL,"104,000,000.00",17.00,17
15/07/2022,CECZ,"1,625,000,597.00",3.21,3.21
15/07/2022,ZABR,"546,000,000.00",7.00,7
15/07/2022,MAFS,"50,000,000.00",2.47,2.47
15/07/2022,ZMBF,"300,579,610.00",2.07,2.09
15/07/2022,SCBL,"1,666,980,000.00",1.40,1.4
15/07/2022,ZSUG,"316,571,385.40",17.66,17.66
15/07/2022,ZMRE,"45,000,000.00",2.80,2.8
15/07/2022,AECI,"20,406,600.00",42.00,42
15/07/2022,BATA,"76,107,600.00",2.59,2.59
15/07/2022,CHIL,"200,039,904.00",13.38,13.38
18/07/2022,REIZ,"56,460,198.00",1.30,1.3
18/07/2022,ZMFA,"27,090,100.00",4.78,4.78
18/07/2022,ZNCO,"1,443,750,041.28",2.60,2.6
18/07/2022,ZCCM,"160,800,286.00",37.98,37.98
18/07/2022,ZFCO,"400,000,000.00",2.46,2.46
18/07/2022,BATZ,"212,456,304.00",1.90,1.9
18/07/2022,NATB,"63,000,000.00",4.10,4.1
18/07/2022,PUMA,"500,000,000.00",1.58,1.58
18/07/2022,SHOP,"2,700,000.00",64.00,64
18/07/2022,CCAF,"1,625,000,597.00",0.57,0.57
18/07/2022,PMDZ,"100,000,000.00",0.60,0.6
18/07/2022,ATEL,"104,000,000.00",17.00,17
18/07/2022,CECZ,"1,625,000,597.00",3.21,3.21
18/07/2022,ZABR,"546,000,000.00",7.00,7
18/07/2022,MAFS,"50,000,000.00",2.47,2.47
18/07/2022,ZMBF,"300,579,610.00",2.09,2.2
18/07/2022,SCBL,"1,666,980,000.00",1.40,1.4
18/07/2022,ZSUG,"316,571,385.40",17.66,17.66
18/07/2022,ZMRE,"45,000,000.00",2.80,2.8
18/07/2022,AECI,"20,406,600.00",42.00,42
18/07/2022,BATA,"76,107,600.00",2.59,2.59
18/07/2022,CHIL,"200,039,904.00",13.38,13.38
19/07/2022,REIZ,"56,460,198.00",1.30,1.3
19/07/2022,ZMFA,"27,090,100.00",4.78,4.78
19/07/2022,ZNCO,"1,443,750,041.28",2.60,2.6
19/07/2022,ZCCM,"160,800,286.00",37.98,37.98
19/07/2022,ZFCO,"400,000,000.00",2.46,2.46
19/07/2022,BATZ,"212,456,304.00",1.90,1.9
19/07/2022,NATB,"63,000,000.00",4.10,4.1
19/07/2022,PUMA,"500,000,000.00",1.58,1.58
19/07/2022,SHOP,"2,700,000.00",64.00,64
19/07/2022,CCAF,"1,625,000,597.00",0.57,0.57
19/07/2022,PMDZ,"100,000,000.00",0.60,0.7
19/07/2022,ATEL,"104,000,000.00",17.00,17
19/07/2022,CECZ,"1,625,000,597.00",3.21,3.21
19/07/2022,ZABR,"546,000,000.00",7.00,7
19/07/2022,MAFS,"50,000,000.00",2.47,2.47
19/07/2022,ZMBF,"300,579,610.00",2.20,2.2
19/07/2022,SCBL,"1,666,980,000.00",1.40,1.4
19/07/2022,ZSUG,"316,571,385.40",17.66,17.66
19/07/2022,ZMRE,"45,000,000.00",2.80,2.8
19/07/2022,AECI,"20,406,600.00",42.00,42
19/07/2022,BATA,"76,107,600.00",2.59,2.59
19/07/2022,CHIL,"200,039,904.00",13.38,13.38
20/07/2022,REIZ,"56,460,198.00",1.30,1.3
20/07/2022,ZMFA,"27,090,100.00",4.78,4.78
20/07/2022,ZNCO,"1,443,750,041.28",2.60,2.54
20/07/2022,ZCCM,"160,800,286.00",37.98,37.98
20/07/2022,ZFCO,"400,000,000.00",2.46,2.46
20/07/2022,BATZ,"212,456,304.00",1.90,1.9
20/07/2022,NATB,"63,000,000.00",4.10,4.1
20/07/2022,PUMA,"500,000,000.00",1.58,1.58
20/07/2022,SHOP,"2,700,000.00",64.00,64
20/07/2022,CCAF,"1,625,000,597.00",0.57,0.57
20/07/2022,PMDZ,"100,000,000.00",0.70,0.7
20/07/2022,ATEL,"104,000,000.00",17.00,17
20/07/2022,CECZ,"1,625,000,597.00",3.21,3.21
20/07/2022,ZABR,"546,000,000.00",7.00,7
20/07/2022,MAFS,"50,000,000.00",2.47,2.47
20/07/2022,ZMBF,"300,579,610.00",2.20,2.3
20/07/2022,SCBL,"1,666,980,000.00",1.40,1.4
20/07/2022,ZSUG,"316,571,385.40",17.66,17.66
20/07/2022,ZMRE,"45,000,000.00",2.80,2.8
20/07/2022,AECI,"20,406,600.00",42.00,42
20/07/2022,BATA,"76,107,600.00",2.59,2.59
20/07/2022,CHIL,"200,039,904.00",13.38,13.38
21/07/2022,REIZ,"56,460,198.00",1.30,1.3
21/07/2022,ZMFA,"27,090,100.00",4.78,4.78
21/07/2022,ZNCO,"1,443,750,041.28",2.58,2.6
21/07/2022,ZCCM,"160,800,286.00",37.98,37.98
21/07/2022,ZFCO,"400,000,000.00",2.46,2.46
21/07/2022,BATZ,"212,456,304.00",1.90,1.9
21/07/2022,NATB,"63,000,000.00",4.10,4.1
21/07/2022,PUMA,"500,000,000.00",1.58,1.58
21/07/2022,SHOP,"2,700,000.00",64.00,64
21/07/2022,CCAF,"1,625,000,597.00",0.57,0.57
21/07/2022,PMDZ,"100,000,000.00",0.70,0.7
21/07/2022,ATEL,"104,000,000.00",17.00,17
21/07/2022,CECZ,"1,625,000,597.00",3.21,3.22
21/07/2022,ZABR,"546,000,000.00",7.00,7
21/07/2022,MAFS,"50,000,000.00",2.47,2.47
21/07/2022,ZMBF,"300,579,610.00",2.28,2.28
21/07/2022,SCBL,"1,666,980,000.00",1.40,1.4
21/07/2022,ZSUG,"316,571,385.40",17.66,17.66
21/07/2022,ZMRE,"45,000,000.00",2.80,2.8
21/07/2022,AECI,"20,406,600.00",42.00,42
21/07/2022,BATA,"76,107,600.00",2.59,2.59
21/07/2022,CHIL,"200,039,904.00",13.38,13.38
22/07/2022,REIZ,"56,460,198.00",1.30,1.3
22/07/2022,ZMFA,"27,090,100.00",4.78,4.78
22/07/2022,ZNCO,"1,443,750,041.28",2.60,2.6
22/07/2022,ZCCM,"160,800,286.00",37.98,37.98
22/07/2022,ZFCO,"400,000,000.00",2.46,2.46
22/07/2022,BATZ,"212,456,304.00",1.90,1.9
22/07/2022,NATB,"63,000,000.00",4.10,4.1
22/07/2022,PUMA,"500,000,000.00",1.58,1.58
22/07/2022,SHOP,"2,700,000.00",64.00,64
22/07/2022,CCAF,"1,625,000,597.00",0.57,0.57
22/07/2022,PMDZ,"100,000,000.00",0.70,0.7
22/07/2022,ATEL,"104,000,000.00",17.03,17.03
22/07/2022,CECZ,"1,625,000,597.00",3.22,3.22
22/07/2022,ZABR,"546,000,000.00",7.00,7
22/07/2022,MAFS,"50,000,000.00",2.47,2.47
22/07/2022,ZMBF,"300,579,610.00",2.28,2.28
22/07/2022,SCBL,"1,666,980,000.00",1.40,1.4
22/07/2022,ZSUG,"316,571,385.40",17.66,17.66
22/07/2022,ZMRE,"45,000,000.00",2.80,2.8
22/07/2022,AECI,"20,406,600.00",42.00,42
22/07/2022,BATA,"76,107,600.00",2.59,2.59
22/07/2022,CHIL,"200,039,904.00",13.38,13.38
25/07/2022,REIZ,"56,460,198.00",1.30,1.3
25/07/2022,ZMFA,"27,090,100.00",4.78,4.78
25/07/2022,ZNCO,"1,443,750,041.28",2.60,2.59
25/07/2022,ZCCM,"160,800,286.00",37.98,37.98
25/07/2022,ZFCO,"400,000,000.00",2.46,2.46
25/07/2022,BATZ,"212,456,304.00",1.90,1.9
25/07/2022,NATB,"63,000,000.00",4.10,4.1
25/07/2022,PUMA,"500,000,000.00",1.58,1.58
25/07/2022,SHOP,"2,700,000.00",64.00,64
25/07/2022,CCAF,"1,625,000,597.00",0.57,0.57
25/07/2022,PMDZ,"100,000,000.00",0.70,0.7
25/07/2022,ATEL,"104,000,000.00",17.03,17.03
25/07/2022,CECZ,"1,625,000,597.00",3.22,3.22
25/07/2022,ZABR,"546,000,000.00",7.00,7
25/07/2022,MAFS,"50,000,000.00",2.47,2.47
25/07/2022,ZMBF,"300,579,610.00",2.28,2.28
25/07/2022,SCBL,"1,666,980,000.00",1.40,1.4
25/07/2022,ZSUG,"316,571,385.40",17.66,17.66
25/07/2022,ZMRE,"45,000,000.00",2.80,2.8
25/07/2022,AECI,"20,406,600.00",42.00,42
25/07/2022,BATA,"76,107,600.00",2.59,2.59
25/07/2022,CHIL,"200,039,904.00",13.38,13.38
26/07/2022,REIZ,"56,460,198.00",1.30,1.3
26/07/2022,ZMFA,"27,090,100.00",4.78,4.78
26/07/2022,ZNCO,"1,443,750,041.28",2.59,2.59
26/07/2022,ZCCM,"160,800,286.00",37.98,37.98
26/07/2022,ZFCO,"400,000,000.00",2.46,2.46
26/07/2022,BATZ,"212,456,304.00",1.90,1.9
26/07/2022,NATB,"63,000,000.00",4.10,4.1
26/07/2022,PUMA,"500,000,000.00",1.58,1.58
26/07/2022,SHOP,"2,700,000.00",64.00,64
26/07/2022,CCAF,"1,625,000,597.00",0.69,0.71
26/07/2022,PMDZ,"100,000,000.00",0.70,0.7
26/07/2022,ATEL,"104,000,000.00",17.03,17.03
26/07/2022,CECZ,"1,625,000,597.00",3.22,3.23
26/07/2022,ZABR,"546,000,000.00",7.00,7
26/07/2022,MAFS,"50,000,000.00",2.47,2.47
26/07/2022,ZMBF,"300,579,610.00",2.28,2.3
26/07/2022,SCBL,"1,666,980,000.00",1.40,1.4
26/07/2022,ZSUG,"316,571,385.40",17.66,17.66
26/07/2022,ZMRE,"45,000,000.00",2.80,2.8
26/07/2022,AECI,"20,406,600.00",42.00,42
26/07/2022,BATA,"76,107,600.00",2.59,2.59
26/07/2022,CHIL,"200,039,904.00",13.38,13.38
27/07/2022,REIZ,"56,460,198.00",1.30,1.3
27/07/2022,ZMFA,"27,090,100.00",4.78,4.78
27/07/2022,ZNCO,"1,443,750,041.28",2.59,2.58
27/07/2022,ZCCM,"160,800,286.00",37.98,37.98
27/07/2022,ZFCO,"400,000,000.00",2.46,2.46
27/07/2022,BATZ,"212,456,304.00",1.90,1.9
27/07/2022,NATB,"63,000,000.00",4.10,4.1
27/07/2022,PUMA,"500,000,000.00",1.58,1.59
27/07/2022,SHOP,"2,700,000.00",64.00,64
27/07/2022,CCAF,"1,625,000,597.00",0.69,0.69
27/07/2022,PMDZ,"100,000,000.00",0.70,0.7
27/07/2022,ATEL,"104,000,000.00",17.03,17
27/07/2022,CECZ,"1,625,000,597.00",3.23,3.23
27/07/2022,ZABR,"546,000,000.00",7.00,7
27/07/2022,MAFS,"50,000,000.00",2.47,2.47
27/07/2022,ZMBF,"300,579,610.00",2.30,2.3
27/07/2022,SCBL,"1,666,980,000.00",1.40,1.4
27/07/2022,ZSUG,"316,571,385.40",17.66,17.66
27/07/2022,ZMRE,"45,000,000.00",2.80,2.8
27/07/2022,AECI,"20,406,600.00",42.00,42
27/07/2022,BATA,"76,107,600.00",2.59,2.59
27/07/2022,CHIL,"200,039,904.00",13.38,13.38
28/07/2022,REIZ,"56,460,198.00",1.30,1.3
28/07/2022,ZMFA,"27,090,100.00",4.78,4.78
28/07/2022,ZNCO,"1,443,750,041.28",2.58,2.58
28/07/2022,ZCCM,"160,800,286.00",37.98,37.98
28/07/2022,ZFCO,"400,000,000.00",2.46,2.46
28/07/2022,BATZ,"212,456,304.00",1.90,1.9
28/07/2022,NATB,"63,000,000.00",4.10,4.1
28/07/2022,PUMA,"500,000,000.00",1.59,1.59
28/07/2022,SHOP,"2,700,000.00",64.00,64
28/07/2022,CCAF,"1,625,000,597.00",0.69,0.71
28/07/2022,PMDZ,"100,000,000.00",0.70,0.7
28/07/2022,ATEL,"104,000,000.00",17.00,17
28/07/2022,CECZ,"1,625,000,597.00",3.23,3.25
28/07/2022,ZABR,"546,000,000.00",7.00,7
28/07/2022,MAFS,"50,000,000.00",2.47,2.47
28/07/2022,ZMBF,"300,579,610.00",2.30,2.33
28/07/2022,SCBL,"1,666,980,000.00",1.40,1.4
28/07/2022,ZSUG,"316,571,385.40",17.66,17.66
28/07/2022,ZMRE,"45,000,000.00",2.80,2.8
28/07/2022,AECI,"20,406,600.00",42.00,42
28/07/2022,BATA,"76,107,600.00",2.59,2.59
28/07/2022,CHIL,"200,039,904.00",13.38,13.38
29/07/2022,REIZ,"56,460,198.00",1.30,1.3
29/07/2022,ZMFA,"27,090,100.00",4.78,4.78
29/07/2022,ZNCO,"1,443,750,041.28",2.58,2.58
29/07/2022,ZCCM,"160,800,286.00",37.98,37.98
29/07/2022,ZFCO,"400,000,000.00",2.46,2.46
29/07/2022,BATZ,"212,456,304.00",1.90,1.9
29/07/2022,NATB,"63,000,000.00",4.10,4.1
29/07/2022,PUMA,"500,000,000.00",1.59,1.59
29/07/2022,SHOP,"2,700,000.00",64.00,64
29/07/2022,CCAF,"1,625,000,597.00",0.71,0.71
29/07/2022,PMDZ,"100,000,000.00",0.70,0.7
29/07/2022,ATEL,"104,000,000.00",17.00,17
29/07/2022,CECZ,"1,625,000,597.00",3.24,3.24
29/07/2022,ZABR,"546,000,000.00",7.00,7
29/07/2022,MAFS,"50,000,000.00",2.47,2.47
29/07/2022,ZMBF,"300,579,610.00",2.33,2.33
29/07/2022,SCBL,"1,666,980,000.00",1.40,1.4
29/07/2022,ZSUG,"316,571,385.40",17.66,17.66
29/07/2022,ZMRE,"45,000,000.00",2.80,2.8
29/07/2022,AECI,"20,406,600.00",42.00,42
29/07/2022,BATA,"76,107,600.00",2.59,2.59
29/07/2022,CHIL,"200,039,904.00",13.38,13.38
02/08/2022,REIZ,"56,460,198.00",1.30,1.3
02/08/2022,ZMFA,"27,090,100.00",4.78,4.78
02/08/2022,ZNCO,"1,443,750,041.28",2.57,2.58
02/08/2022,ZCCM,"160,800,286.00",37.98,37.98
02/08/2022,ZFCO,"400,000,000.00",2.46,2.46
02/08/2022,BATZ,"212,456,304.00",1.90,1.9
02/08/2022,NATB,"63,000,000.00",4.10,4.1
02/08/2022,PUMA,"500,000,000.00",1.59,1.59
02/08/2022,SHOP,"2,700,000.00",64.00,64
02/08/2022,CCAF,"1,625,000,597.00",0.71,0.71
02/08/2022,PMDZ,"100,000,000.00",0.70,0.7
02/08/2022,ATEL,"104,000,000.00",17.00,17
02/08/2022,CECZ,"1,625,000,597.00",3.24,3.24
02/08/2022,ZABR,"546,000,000.00",7.00,7
02/08/2022,MAFS,"50,000,000.00",2.47,2.47
02/08/2022,ZMBF,"300,579,610.00",2.33,2.33
02/08/2022,SCBL,"1,666,980,000.00",1.40,1.4
02/08/2022,ZSUG,"316,571,385.40",17.66,17.66
02/08/2022,ZMRE,"45,000,000.00",2.80,2.8
02/08/2022,AECI,"20,406,600.00",42.00,42
02/08/2022,BATA,"76,107,600.00",2.59,2.59
02/08/2022,CHIL,"200,039,904.00",13.38,13.38
03/08/2022,REIZ,"56,460,198.00",1.30,1.3
03/08/2022,ZMFA,"27,090,100.00",4.78,4.78
03/08/2022,ZNCO,"1,443,750,041.28",2.58,2.6
03/08/2022,ZCCM,"160,800,286.00",37.98,37.98
03/08/2022,ZFCO,"400,000,000.00",2.46,2.46
03/08/2022,BATZ,"212,456,304.00",1.90,1.9
03/08/2022,NATB,"63,000,000.00",4.10,4.1
03/08/2022,PUMA,"500,000,000.00",1.59,1.59
03/08/2022,SHOP,"2,700,000.00",64.00,64
03/08/2022,CCAF,"1,625,000,597.00",0.71,0.71
03/08/2022,PMDZ,"100,000,000.00",0.70,0.6
03/08/2022,ATEL,"104,000,000.00",17.00,17
03/08/2022,CECZ,"1,625,000,597.00",3.24,3.25
03/08/2022,ZABR,"546,000,000.00",7.00,7
03/08/2022,MAFS,"50,000,000.00",2.47,2.47
03/08/2022,ZMBF,"300,579,610.00",2.33,2.5
03/08/2022,SCBL,"1,666,980,000.00",1.40,1.38
03/08/2022,ZSUG,"316,571,385.40",17.66,17.66
03/08/2022,ZMRE,"45,000,000.00",2.80,2.8
03/08/2022,AECI,"20,406,600.00",42.00,42
03/08/2022,BATA,"76,107,600.00",2.59,2.59
03/08/2022,CHIL,"200,039,904.00",13.38,13.38
04/08/2022,REIZ,"56,460,198.00",1.30,1.3
04/08/2022,ZMFA,"27,090,100.00",4.78,4.78
04/08/2022,ZNCO,"1,443,750,041.28",2.60,2.6
04/08/2022,ZCCM,"160,800,286.00",37.98,37.98
04/08/2022,ZFCO,"400,000,000.00",2.46,2.46
04/08/2022,BATZ,"212,456,304.00",1.90,1.9
04/08/2022,NATB,"63,000,000.00",4.10,4.1
04/08/2022,PUMA,"500,000,000.00",1.59,1.59
04/08/2022,SHOP,"2,700,000.00",64.00,64
04/08/2022,CCAF,"1,625,000,597.00",0.71,0.71
04/08/2022,PMDZ,"100,000,000.00",0.63,0.63
04/08/2022,ATEL,"104,000,000.00",17.00,17
04/08/2022,CECZ,"1,625,000,597.00",3.26,3.26
04/08/2022,ZABR,"546,000,000.00",7.00,7
04/08/2022,MAFS,"50,000,000.00",2.47,2.47
04/08/2022,ZMBF,"300,579,610.00",2.50,2.55
04/08/2022,SCBL,"1,666,980,000.00",1.38,1.38
04/08/2022,ZSUG,"316,571,385.40",17.66,17.66
04/08/2022,ZMRE,"45,000,000.00",2.80,2.8
04/08/2022,AECI,"20,406,600.00",42.00,42
04/08/2022,BATA,"76,107,600.00",2.59,2.59
04/08/2022,CHIL,"200,039,904.00",13.38,13.38
05/08/2022,REIZ,"56,460,198.00",1.30,1.3
05/08/2022,ZMFA,"27,090,100.00",4.78,4.78
05/08/2022,ZNCO,"1,443,750,041.28",2.60,2.58
05/08/2022,ZCCM,"160,800,286.00",37.98,37.98
05/08/2022,ZFCO,"400,000,000.00",2.46,2.46
05/08/2022,BATZ,"212,456,304.00",1.90,1.9
05/08/2022,NATB,"63,000,000.00",4.10,4.1
05/08/2022,PUMA,"500,000,000.00",1.59,1.59
05/08/2022,SHOP,"2,700,000.00",64.00,64
05/08/2022,CCAF,"1,625,000,597.00",0.71,0.71
05/08/2022,PMDZ,"100,000,000.00",0.63,0.63
05/08/2022,ATEL,"104,000,000.00",17.00,17
05/08/2022,CECZ,"1,625,000,597.00",3.26,3.3
05/08/2022,ZABR,"546,000,000.00",7.00,7
05/08/2022,MAFS,"50,000,000.00",2.47,2.47
05/08/2022,ZMBF,"300,579,610.00",2.55,2.55
05/08/2022,SCBL,"1,666,980,000.00",1.38,1.38
05/08/2022,ZSUG,"316,571,385.40",17.66,17.66
05/08/2022,ZMRE,"45,000,000.00",2.80,2.8
05/08/2022,AECI,"20,406,600.00",42.00,42
05/08/2022,BATA,"76,107,600.00",2.59,2.59
05/08/2022,CHIL,"200,039,904.00",13.38,13.38
08/08/2022,REIZ,"56,460,198.00",1.30,1.3
08/08/2022,ZMFA,"27,090,100.00",4.78,4.78
08/08/2022,ZNCO,"1,443,750,041.28",2.60,2.6
08/08/2022,ZCCM,"160,800,286.00",37.98,37.98
08/08/2022,ZFCO,"400,000,000.00",2.46,2.46
08/08/2022,BATZ,"212,456,304.00",1.90,1.9
08/08/2022,NATB,"63,000,000.00",4.10,4.1
08/08/2022,PUMA,"500,000,000.00",1.59,1.59
08/08/2022,SHOP,"2,700,000.00",64.00,64
08/08/2022,CCAF,"1,625,000,597.00",0.71,0.71
08/08/2022,PMDZ,"100,000,000.00",0.63,0.63
08/08/2022,ATEL,"104,000,000.00",17.00,17
08/08/2022,CECZ,"1,625,000,597.00",3.27,3.3
08/08/2022,ZABR,"546,000,000.00",7.00,7
08/08/2022,MAFS,"50,000,000.00",2.47,2.47
08/08/2022,ZMBF,"300,579,610.00",2.55,2.55
08/08/2022,SCBL,"1,666,980,000.00",1.38,1.38
08/08/2022,ZSUG,"316,571,385.40",17.66,17.8
08/08/2022,ZMRE,"45,000,000.00",2.80,2.8
08/08/2022,AECI,"20,406,600.00",42.00,42
08/08/2022,BATA,"76,107,600.00",2.59,2.59
08/08/2022,CHIL,"200,039,904.00",13.38,13.38
09/08/2022,REIZ,"56,460,198.00",1.30,1.3
09/08/2022,ZMFA,"27,090,100.00",4.78,4.78
09/08/2022,ZNCO,"1,443,750,041.28",2.60,2.6
09/08/2022,ZCCM,"160,800,286.00",37.98,37.98
09/08/2022,ZFCO,"400,000,000.00",2.46,2.46
09/08/2022,BATZ,"212,456,304.00",1.90,1.9
09/08/2022,NATB,"63,000,000.00",4.10,4.1
09/08/2022,PUMA,"500,000,000.00",1.59,1.59
09/08/2022,SHOP,"2,700,000.00",64.00,64
09/08/2022,CCAF,"1,625,000,597.00",0.71,0.71
09/08/2022,PMDZ,"100,000,000.00",0.63,0.63
09/08/2022,ATEL,"104,000,000.00",17.00,17
09/08/2022,CECZ,"1,625,000,597.00",3.30,3.3
09/08/2022,ZABR,"546,000,000.00",7.00,7
09/08/2022,MAFS,"50,000,000.00",2.47,2.47
09/08/2022,ZMBF,"300,579,610.00",2.55,2.55
09/08/2022,SCBL,"1,666,980,000.00",1.38,1.4
09/08/2022,ZSUG,"316,571,385.40",17.79,17.79
09/08/2022,ZMRE,"45,000,000.00",2.80,2.8
09/08/2022,AECI,"20,406,600.00",42.00,42
09/08/2022,BATA,"76,107,600.00",2.59,2.59
09/08/2022,CHIL,"200,039,904.00",13.38,13.38
10/08/2022,REIZ,"56,460,198.00",1.30,1.3
10/08/2022,ZMFA,"27,090,100.00",4.78,4.78
10/08/2022,ZNCO,"1,443,750,041.28",2.60,2.6
10/08/2022,ZCCM,"160,800,286.00",37.98,37.98
10/08/2022,ZFCO,"400,000,000.00",2.46,2.46
10/08/2022,BATZ,"212,456,304.00",1.90,1.9
10/08/2022,NATB,"63,000,000.00",4.10,4.1
10/08/2022,PUMA,"500,000,000.00",1.59,1.59
10/08/2022,SHOP,"2,700,000.00",64.00,64
10/08/2022,CCAF,"1,625,000,597.00",0.71,0.71
10/08/2022,PMDZ,"100,000,000.00",0.63,0.63
10/08/2022,ATEL,"104,000,000.00",17.00,17
10/08/2022,CECZ,"1,625,000,597.00",3.30,3.3
10/08/2022,ZABR,"546,000,000.00",7.00,7
10/08/2022,MAFS,"50,000,000.00",2.47,2.47
10/08/2022,ZMBF,"300,579,610.00",2.55,2.55
10/08/2022,SCBL,"1,666,980,000.00",1.38,1.38
10/08/2022,ZSUG,"316,571,385.40",17.79,18
10/08/2022,ZMRE,"45,000,000.00",2.80,2.8
10/08/2022,AECI,"20,406,600.00",42.00,42
10/08/2022,BATA,"76,107,600.00",2.59,2.59
10/08/2022,CHIL,"200,039,904.00",13.38,13.38
11/08/2022,REIZ,"56,460,198.00",1.30,1.3
11/08/2022,ZMFA,"27,090,100.00",4.78,4.78
11/08/2022,ZNCO,"1,443,750,041.28",2.59,2.59
11/08/2022,ZCCM,"160,800,286.00",37.98,37.98
11/08/2022,ZFCO,"400,000,000.00",2.46,2.46
11/08/2022,BATZ,"212,456,304.00",1.90,1.9
11/08/2022,NATB,"63,000,000.00",4.10,4.1
11/08/2022,PUMA,"500,000,000.00",1.59,1.59
11/08/2022,SHOP,"2,700,000.00",64.00,64
11/08/2022,CCAF,"1,625,000,597.00",0.71,0.87
11/08/2022,PMDZ,"100,000,000.00",0.63,0.63
11/08/2022,ATEL,"104,000,000.00",17.00,17
11/08/2022,CECZ,"1,625,000,597.00",3.30,3.3
11/08/2022,ZABR,"546,000,000.00",7.00,7
11/08/2022,MAFS,"50,000,000.00",2.47,2.47
11/08/2022,ZMBF,"300,579,610.00",2.55,2.6
11/08/2022,SCBL,"1,666,980,000.00",1.38,1.4
11/08/2022,ZSUG,"316,571,385.40",18.00,18
11/08/2022,ZMRE,"45,000,000.00",2.80,2.8
11/08/2022,AECI,"20,406,600.00",42.00,42
11/08/2022,BATA,"76,107,600.00",2.59,2.59
11/08/2022,CHIL,"200,039,904.00",13.38,13.38
12/08/2022,REIZ,"56,460,198.00",1.30,1.3
12/08/2022,ZMFA,"27,090,100.00",4.78,4.78
12/08/2022,ZNCO,"1,443,750,041.28",2.60,2.6
12/08/2022,ZCCM,"160,800,286.00",37.98,37.98
12/08/2022,ZFCO,"400,000,000.00",2.46,2.46
12/08/2022,BATZ,"212,456,304.00",1.90,1.9
12/08/2022,NATB,"63,000,000.00",4.10,4.1
12/08/2022,PUMA,"500,000,000.00",1.59,1.59
12/08/2022,SHOP,"2,700,000.00",64.00,64
12/08/2022,CCAF,"1,625,000,597.00",0.87,0.87
12/08/2022,PMDZ,"100,000,000.00",0.63,0.63
12/08/2022,ATEL,"104,000,000.00",17.00,17
12/08/2022,CECZ,"1,625,000,597.00",3.30,3.3
12/08/2022,ZABR,"546,000,000.00",7.00,7
12/08/2022,MAFS,"50,000,000.00",2.47,2.47
12/08/2022,ZMBF,"300,579,610.00",2.60,2.6
12/08/2022,SCBL,"1,666,980,000.00",1.40,1.38
12/08/2022,ZSUG,"316,571,385.40",18.00,18
12/08/2022,ZMRE,"45,000,000.00",2.80,2.8
12/08/2022,AECI,"20,406,600.00",42.00,42
12/08/2022,BATA,"76,107,600.00",2.59,2.59
12/08/2022,CHIL,"200,039,904.00",13.38,13.38
15/08/2022,REIZ,"56,460,198.00",1.30,1.3
15/08/2022,ZMFA,"27,090,100.00",4.78,4.78
15/08/2022,ZNCO,"1,443,750,041.28",2.59,2.58
15/08/2022,ZCCM,"160,800,286.00",37.98,37.98
15/08/2022,ZFCO,"400,000,000.00",2.46,2.46
15/08/2022,BATZ,"212,456,304.00",1.90,1.9
15/08/2022,NATB,"63,000,000.00",4.10,4.1
15/08/2022,PUMA,"500,000,000.00",1.59,1.59
15/08/2022,SHOP,"2,700,000.00",64.00,64
15/08/2022,CCAF,"1,625,000,597.00",0.87,0.87
15/08/2022,PMDZ,"100,000,000.00",0.63,0.63
15/08/2022,ATEL,"104,000,000.00",17.00,17
15/08/2022,CECZ,"1,625,000,597.00",3.30,3.4
15/08/2022,ZABR,"546,000,000.00",7.00,7
15/08/2022,MAFS,"50,000,000.00",2.47,2.47
15/08/2022,ZMBF,"300,579,610.00",2.60,2.6
15/08/2022,SCBL,"1,666,980,000.00",1.40,1.37
15/08/2022,ZSUG,"316,571,385.40",18.00,18
15/08/2022,ZMRE,"45,000,000.00",2.80,2.8
15/08/2022,AECI,"20,406,600.00",42.00,42
15/08/2022,BATA,"76,107,600.00",2.59,2.59
15/08/2022,CHIL,"200,039,904.00",13.38,13.38
16/08/2022,REIZ,"56,460,198.00",1.30,1.3
16/08/2022,ZMFA,"27,090,100.00",4.78,4.78
16/08/2022,ZNCO,"1,443,750,041.28",2.58,2.6
16/08/2022,ZCCM,"160,800,286.00",37.98,37.98
16/08/2022,ZFCO,"400,000,000.00",2.46,2.46
16/08/2022,BATZ,"212,456,304.00",1.90,1.9
16/08/2022,NATB,"63,000,000.00",4.10,4.1
16/08/2022,PUMA,"500,000,000.00",1.59,1.59
16/08/2022,SHOP,"2,700,000.00",64.00,64
16/08/2022,CCAF,"1,625,000,597.00",0.87,0.87
16/08/2022,PMDZ,"100,000,000.00",0.63,0.7
16/08/2022,ATEL,"104,000,000.00",17.00,17
16/08/2022,CECZ,"1,625,000,597.00",3.40,3.4
16/08/2022,ZABR,"546,000,000.00",7.00,7
16/08/2022,MAFS,"50,000,000.00",2.47,2.47
16/08/2022,ZMBF,"300,579,610.00",2.60,2.6
16/08/2022,SCBL,"1,666,980,000.00",1.37,1.38
16/08/2022,ZSUG,"316,571,385.40",18.00,18
16/08/2022,ZMRE,"45,000,000.00",2.80,2.8
16/08/2022,AECI,"20,406,600.00",42.00,42
16/08/2022,BATA,"76,107,600.00",2.59,2.59
16/08/2022,CHIL,"200,039,904.00",13.38,13.38
17/08/2022,REIZ,"56,460,198.00",1.30,1.3
17/08/2022,ZMFA,"27,090,100.00",4.78,4.78
17/08/2022,ZNCO,"1,443,750,041.28",2.59,2.59
17/08/2022,ZCCM,"160,800,286.00",37.98,37.98
17/08/2022,ZFCO,"400,000,000.00",2.46,2.46
17/08/2022,BATZ,"212,456,304.00",1.90,1.9
17/08/2022,NATB,"63,000,000.00",4.10,4.1
17/08/2022,PUMA,"500,000,000.00",1.59,1.59
17/08/2022,SHOP,"2,700,000.00",64.00,64
17/08/2022,CCAF,"1,625,000,597.00",0.87,0.87
17/08/2022,PMDZ,"100,000,000.00",0.70,0.7
17/08/2022,ATEL,"104,000,000.00",17.00,17
17/08/2022,CECZ,"1,625,000,597.00",3.40,3.4
17/08/2022,ZABR,"546,000,000.00",7.00,7
17/08/2022,MAFS,"50,000,000.00",2.47,2.47
17/08/2022,ZMBF,"300,579,610.00",2.60,2.6
17/08/2022,SCBL,"1,666,980,000.00",1.37,1.38
17/08/2022,ZSUG,"316,571,385.40",18.00,18
17/08/2022,ZMRE,"45,000,000.00",2.80,2.8
17/08/2022,AECI,"20,406,600.00",42.00,42
17/08/2022,BATA,"76,107,600.00",2.59,2.59
17/08/2022,CHIL,"200,039,904.00",13.38,13.38
18/08/2022,REIZ,"56,460,198.00",1.30,1.3
18/08/2022,ZMFA,"27,090,100.00",4.78,4.78
18/08/2022,ZNCO,"1,443,750,041.28",2.59,2.59
18/08/2022,ZCCM,"160,800,286.00",37.98,37.98
18/08/2022,ZFCO,"400,000,000.00",2.46,2.46
18/08/2022,BATZ,"212,456,304.00",1.90,1.9
18/08/2022,NATB,"63,000,000.00",4.10,4.1
18/08/2022,PUMA,"500,000,000.00",1.59,1.59
18/08/2022,SHOP,"2,700,000.00",64.00,64
18/08/2022,CCAF,"1,625,000,597.00",0.87,0.87
18/08/2022,PMDZ,"100,000,000.00",0.70,0.7
18/08/2022,ATEL,"104,000,000.00",17.00,17
18/08/2022,CECZ,"1,625,000,597.00",3.41,3.41
18/08/2022,ZABR,"546,000,000.00",7.00,7
18/08/2022,MAFS,"50,000,000.00",2.47,2.47
18/08/2022,ZMBF,"300,579,610.00",2.60,2.6
18/08/2022,SCBL,"1,666,980,000.00",1.38,1.38
18/08/2022,ZSUG,"316,571,385.40",18.00,18
18/08/2022,ZMRE,"45,000,000.00",2.80,2.8
18/08/2022,AECI,"20,406,600.00",42.00,42
18/08/2022,BATA,"76,107,600.00",2.59,2.59
18/08/2022,CHIL,"200,039,904.00",13.38,13.38
19/08/2022,REIZ,"56,460,198.00",1.30,1.3
19/08/2022,ZMFA,"27,090,100.00",4.78,4.78
19/08/2022,ZNCO,"1,443,750,041.28",2.59,2.6
19/08/2022,ZCCM,"160,800,286.00",37.98,37.98
19/08/2022,ZFCO,"400,000,000.00",2.46,2.46
19/08/2022,BATZ,"212,456,304.00",1.90,1.9
19/08/2022,NATB,"63,000,000.00",4.10,4.1
19/08/2022,PUMA,"500,000,000.00",1.59,1.59
19/08/2022,SHOP,"2,700,000.00",64.00,64
19/08/2022,CCAF,"1,625,000,597.00",0.87,0.87
19/08/2022,PMDZ,"100,000,000.00",0.70,0.7
19/08/2022,ATEL,"104,000,000.00",17.00,17
19/08/2022,CECZ,"1,625,000,597.00",3.41,3.41
19/08/2022,ZABR,"546,000,000.00",7.00,7
19/08/2022,MAFS,"50,000,000.00",2.47,2.47
19/08/2022,ZMBF,"300,579,610.00",2.60,2.6
19/08/2022,SCBL,"1,666,980,000.00",1.38,1.38
19/08/2022,ZSUG,"316,571,385.40",18.00,18
19/08/2022,ZMRE,"45,000,000.00",2.80,2.8
19/08/2022,AECI,"20,406,600.00",42.00,42
19/08/2022,BATA,"76,107,600.00",2.59,2.59
19/08/2022,CHIL,"200,039,904.00",13.38,13.38
22/08/2022,REIZ,"56,460,198.00",1.30,1.3
22/08/2022,ZMFA,"27,090,100.00",4.78,4.78
22/08/2022,ZNCO,"1,443,750,041.28",2.60,2.6
22/08/2022,ZCCM,"160,800,286.00",37.98,37.98
22/08/2022,ZFCO,"400,000,000.00",2.46,2.46
22/08/2022,BATZ,"212,456,304.00",1.90,1.9
22/08/2022,NATB,"63,000,000.00",4.10,4.1
22/08/2022,PUMA,"500,000,000.00",1.59,1.59
22/08/2022,SHOP,"2,700,000.00",64.00,64
22/08/2022,CCAF,"1,625,000,597.00",0.87,0.87
22/08/2022,PMDZ,"100,000,000.00",0.70,0.7
22/08/2022,ATEL,"104,000,000.00",17.00,17
22/08/2022,CECZ,"1,625,000,597.00",3.41,3.43
22/08/2022,ZABR,"546,000,000.00",7.00,7
22/08/2022,MAFS,"50,000,000.00",2.47,2.47
22/08/2022,ZMBF,"300,579,610.00",2.60,2.6
22/08/2022,SCBL,"1,666,980,000.00",1.38,1.38
22/08/2022,ZSUG,"316,571,385.40",18.00,18
22/08/2022,ZMRE,"45,000,000.00",2.80,2.8
22/08/2022,AECI,"20,406,600.00",42.00,42
22/08/2022,BATA,"76,107,600.00",2.59,2.59
22/08/2022,CHIL,"200,039,904.00",13.38,13.38
23/08/2022,REIZ,"56,460,198.00",1.30,1.62
23/08/2022,ZMFA,"27,090,100.00",4.78,4.78
23/08/2022,ZNCO,"1,443,750,041.28",2.60,2.6
23/08/2022,ZCCM,"160,800,286.00",37.98,37.98
23/08/2022,ZFCO,"400,000,000.00",2.46,2.46
23/08/2022,BATZ,"212,456,304.00",1.90,1.9
23/08/2022,NATB,"63,000,000.00",4.10,4.1
23/08/2022,PUMA,"500,000,000.00",1.59,1.59
23/08/2022,SHOP,"2,700,000.00",64.00,64
23/08/2022,CCAF,"1,625,000,597.00",0.88,0.87
23/08/2022,PMDZ,"100,000,000.00",0.70,0.7
23/08/2022,ATEL,"104,000,000.00",17.00,17
23/08/2022,CECZ,"1,625,000,597.00",3.43,3.43
23/08/2022,ZABR,"546,000,000.00",7.00,7
23/08/2022,MAFS,"50,000,000.00",2.47,2.47
23/08/2022,ZMBF,"300,579,610.00",2.60,2.6
23/08/2022,SCBL,"1,666,980,000.00",1.38,1.38
23/08/2022,ZSUG,"316,571,385.40",18.00,18
23/08/2022,ZMRE,"45,000,000.00",2.80,2.8
23/08/2022,AECI,"20,406,600.00",42.00,42
23/08/2022,BATA,"76,107,600.00",2.59,2.59
23/08/2022,CHIL,"200,039,904.00",13.38,13.38
24/08/2022,REIZ,"56,460,198.00",1.62,1.62
24/08/2022,ZMFA,"27,090,100.00",4.78,4.78
24/08/2022,ZNCO,"1,443,750,041.28",2.60,2.6
24/08/2022,ZCCM,"160,800,286.00",37.98,37.98
24/08/2022,ZFCO,"400,000,000.00",2.46,2.46
24/08/2022,BATZ,"212,456,304.00",1.90,1.9
24/08/2022,NATB,"63,000,000.00",4.10,4.1
24/08/2022,PUMA,"500,000,000.00",1.59,1.59
24/08/2022,SHOP,"2,700,000.00",64.00,64
24/08/2022,CCAF,"1,625,000,597.00",0.87,0.87
24/08/2022,PMDZ,"100,000,000.00",0.70,0.7
24/08/2022,ATEL,"104,000,000.00",17.00,17
24/08/2022,CECZ,"1,625,000,597.00",3.43,3.43
24/08/2022,ZABR,"546,000,000.00",7.00,7
24/08/2022,MAFS,"50,000,000.00",2.47,2.47
24/08/2022,ZMBF,"300,579,610.00",2.60,2.6
24/08/2022,SCBL,"1,666,980,000.00",1.38,1.38
24/08/2022,ZSUG,"316,571,385.40",18.00,18
24/08/2022,ZMRE,"45,000,000.00",2.80,2.8
24/08/2022,AECI,"20,406,600.00",42.00,42
24/08/2022,BATA,"76,107,600.00",2.59,2.59
24/08/2022,CHIL,"200,039,904.00",13.38,13.38
25/08/2022,REIZ,"56,460,198.00",1.62,1.62
25/08/2022,ZMFA,"27,090,100.00",4.78,4.78
25/08/2022,ZNCO,"1,443,750,041.28",2.60,2.59
25/08/2022,ZCCM,"160,800,286.00",37.98,37.98
25/08/2022,ZFCO,"400,000,000.00",2.46,2.46
25/08/2022,BATZ,"212,456,304.00",1.90,1.9
25/08/2022,NATB,"63,000,000.00",4.10,4.1
25/08/2022,PUMA,"500,000,000.00",1.59,1.59
25/08/2022,SHOP,"2,700,000.00",64.00,64
25/08/2022,CCAF,"1,625,000,597.00",0.87,0.87
25/08/2022,PMDZ,"100,000,000.00",0.70,0.7
25/08/2022,ATEL,"104,000,000.00",17.00,17
25/08/2022,CECZ,"1,625,000,597.00",3.43,3.43
25/08/2022,ZABR,"546,000,000.00",7.00,7
25/08/2022,MAFS,"50,000,000.00",2.47,2.47
25/08/2022,ZMBF,"300,579,610.00",2.63,2.6
25/08/2022,SCBL,"1,666,980,000.00",1.38,1.38
25/08/2022,ZSUG,"316,571,385.40",18.00,18
25/08/2022,ZMRE,"45,000,000.00",2.80,2.8
25/08/2022,AECI,"20,406,600.00",42.00,42
25/08/2022,BATA,"76,107,600.00",2.59,2.59
25/08/2022,CHIL,"200,039,904.00",13.38,13.38
26/08/2022,REIZ,"56,460,198.00",1.62,1.62
26/08/2022,ZMFA,"27,090,100.00",4.78,4.78
26/08/2022,ZNCO,"1,443,750,041.28",2.59,2.59
26/08/2022,ZCCM,"160,800,286.00",37.98,37.98
26/08/2022,ZFCO,"400,000,000.00",2.46,2.46
26/08/2022,BATZ,"212,456,304.00",1.90,1.9
26/08/2022,NATB,"63,000,000.00",4.10,4.1
26/08/2022,PUMA,"500,000,000.00",1.59,1.59
26/08/2022,SHOP,"2,700,000.00",64.00,64
26/08/2022,CCAF,"1,625,000,597.00",0.87,0.87
26/08/2022,PMDZ,"100,000,000.00",0.70,0.7
26/08/2022,ATEL,"104,000,000.00",17.00,17
26/08/2022,CECZ,"1,625,000,597.00",3.43,3.43
26/08/2022,ZABR,"546,000,000.00",7.00,7
26/08/2022,MAFS,"50,000,000.00",2.47,2.47
26/08/2022,ZMBF,"300,579,610.00",2.60,2.6
26/08/2022,SCBL,"1,666,980,000.00",1.38,1.4
26/08/2022,ZSUG,"316,571,385.40",18.00,18
26/08/2022,ZMRE,"45,000,000.00",2.80,2.8
26/08/2022,AECI,"20,406,600.00",42.00,42
26/08/2022,BATA,"76,107,600.00",2.59,2.59
26/08/2022,CHIL,"200,039,904.00",13.38,13.38
29/08/2022,REIZ,"56,460,198.00",1.62,1.62
29/08/2022,ZMFA,"27,090,100.00",4.78,4.78
29/08/2022,ZNCO,"1,443,750,041.28",2.59,2.59
29/08/2022,ZCCM,"160,800,286.00",37.98,37.98
29/08/2022,ZFCO,"400,000,000.00",2.46,2.46
29/08/2022,BATZ,"212,456,304.00",1.90,1.9
29/08/2022,NATB,"63,000,000.00",4.10,4.1
29/08/2022,PUMA,"500,000,000.00",1.59,1.59
29/08/2022,SHOP,"2,700,000.00",64.00,64
29/08/2022,CCAF,"1,625,000,597.00",0.87,0.87
29/08/2022,PMDZ,"100,000,000.00",0.70,0.7
29/08/2022,ATEL,"104,000,000.00",17.00,17
29/08/2022,CECZ,"1,625,000,597.00",3.43,3.43
29/08/2022,ZABR,"546,000,000.00",7.00,7
29/08/2022,MAFS,"50,000,000.00",2.47,2.47
29/08/2022,ZMBF,"300,579,610.00",2.60,2.59
29/08/2022,SCBL,"1,666,980,000.00",1.40,1.4
29/08/2022,ZSUG,"316,571,385.40",18.00,18
29/08/2022,ZMRE,"45,000,000.00",2.80,2.8
29/08/2022,AECI,"20,406,600.00",42.00,42
29/08/2022,BATA,"76,107,600.00",2.59,2.59
29/08/2022,CHIL,"200,039,904.00",13.38,13.38
30/08/2022,REIZ,"56,460,198.00",1.62,1.62
30/08/2022,ZMFA,"27,090,100.00",4.78,4.78
30/08/2022,ZNCO,"1,443,750,041.28",2.59,2.59
30/08/2022,ZCCM,"160,800,286.00",37.98,37.98
30/08/2022,ZFCO,"400,000,000.00",2.46,2.46
30/08/2022,BATZ,"212,456,304.00",1.90,1.9
30/08/2022,NATB,"63,000,000.00",4.10,4.1
30/08/2022,PUMA,"500,000,000.00",1.59,1.59
30/08/2022,SHOP,"2,700,000.00",64.00,64
30/08/2022,CCAF,"1,625,000,597.00",0.87,0.87
30/08/2022,PMDZ,"100,000,000.00",0.70,0.7
30/08/2022,ATEL,"104,000,000.00",17.00,17
30/08/2022,CECZ,"1,625,000,597.00",3.43,3.43
30/08/2022,ZABR,"546,000,000.00",7.00,7
30/08/2022,MAFS,"50,000,000.00",2.47,2.47
30/08/2022,ZMBF,"300,579,610.00",2.59,2.59
30/08/2022,SCBL,"1,666,980,000.00",1.40,1.33
30/08/2022,ZSUG,"316,571,385.40",18.00,18
30/08/2022,ZMRE,"45,000,000.00",2.80,2.8
30/08/2022,AECI,"20,406,600.00",42.00,42
30/08/2022,BATA,"76,107,600.00",2.59,2.59
30/08/2022,CHIL,"200,039,904.00",13.38,13.38
31/08/2022,REIZ,"56,460,198.00",1.62,1.63
31/08/2022,ZMFA,"27,090,100.00",4.78,4.78
31/08/2022,ZNCO,"1,443,750,041.28",2.59,2.59
31/08/2022,ZCCM,"160,800,286.00",37.98,37.98
31/08/2022,ZFCO,"400,000,000.00",2.46,2.46
31/08/2022,BATZ,"212,456,304.00",1.90,1.9
31/08/2022,NATB,"63,000,000.00",4.10,4.1
31/08/2022,PUMA,"500,000,000.00",1.59,1.59
31/08/2022,SHOP,"2,700,000.00",64.00,64
31/08/2022,CCAF,"1,625,000,597.00",0.87,0.87
31/08/2022,PMDZ,"100,000,000.00",0.70,0.7
31/08/2022,ATEL,"104,000,000.00",17.00,17
31/08/2022,CECZ,"1,625,000,597.00",3.43,3.5
31/08/2022,ZABR,"546,000,000.00",7.00,7
31/08/2022,MAFS,"50,000,000.00",2.47,2.47
31/08/2022,ZMBF,"300,579,610.00",2.59,2.59
31/08/2022,SCBL,"1,666,980,000.00",1.33,1.33
31/08/2022,ZSUG,"316,571,385.40",18.00,18
31/08/2022,ZMRE,"45,000,000.00",2.80,2.8
31/08/2022,AECI,"20,406,600.00",42.00,42
31/08/2022,BATA,"76,107,600.00",2.59,2.59
31/08/2022,CHIL,"200,039,904.00",13.38,13.38
01/09/2022,REIZ,"56,460,198.00",1.63,1.63
01/09/2022,ZMFA,"27,090,100.00",4.78,4.7
01/09/2022,ZNCO,"1,443,750,041.28",2.59,2.59
01/09/2022,ZCCM,"160,800,286.00",37.98,37.98
01/09/2022,ZFCO,"400,000,000.00",2.46,2.46
01/09/2022,BATZ,"212,456,304.00",1.90,1.9
01/09/2022,NATB,"63,000,000.00",4.10,4.1
01/09/2022,PUMA,"500,000,000.00",1.59,1.59
01/09/2022,SHOP,"2,700,000.00",64.00,64
01/09/2022,CCAF,"1,625,000,597.00",0.87,0.87
01/09/2022,PMDZ,"100,000,000.00",0.70,0.7
01/09/2022,ATEL,"104,000,000.00",17.00,17
01/09/2022,CECZ,"1,625,000,597.00",3.50,3.5
01/09/2022,ZABR,"546,000,000.00",7.00,7
01/09/2022,MAFS,"50,000,000.00",2.47,2.47
01/09/2022,ZMBF,"300,579,610.00",2.59,2.59
01/09/2022,SCBL,"1,666,980,000.00",1.34,1.33
01/09/2022,ZSUG,"316,571,385.40",18.00,18
01/09/2022,ZMRE,"45,000,000.00",2.80,2.8
01/09/2022,AECI,"20,406,600.00",42.00,42
01/09/2022,BATA,"76,107,600.00",2.59,2.59
01/09/2022,CHIL,"200,039,904.00",13.38,13.39
02/09/2022,REIZ,"56,460,198.00",1.63,1.63
02/09/2022,ZMFA,"27,090,100.00",4.70,4.7
02/09/2022,ZNCO,"1,443,750,041.28",2.59,2.59
02/09/2022,ZCCM,"160,800,286.00",37.98,37.98
02/09/2022,ZFCO,"400,000,000.00",2.46,2.46
02/09/2022,BATZ,"212,456,304.00",1.90,1.9
02/09/2022,NATB,"63,000,000.00",4.10,4.1
02/09/2022,PUMA,"500,000,000.00",1.59,1.61
02/09/2022,SHOP,"2,700,000.00",64.00,64
02/09/2022,CCAF,"1,625,000,597.00",0.87,0.87
02/09/2022,PMDZ,"100,000,000.00",0.70,0.7
02/09/2022,ATEL,"104,000,000.00",17.00,17.21
02/09/2022,CECZ,"1,625,000,597.00",3.50,3.51
02/09/2022,ZABR,"546,000,000.00",7.00,7
02/09/2022,MAFS,"50,000,000.00",2.47,2.47
02/09/2022,ZMBF,"300,579,610.00",2.59,2.59
02/09/2022,SCBL,"1,666,980,000.00",1.33,1.38
02/09/2022,ZSUG,"316,571,385.40",18.00,18
02/09/2022,ZMRE,"45,000,000.00",2.80,2.8
02/09/2022,AECI,"20,406,600.00",42.00,42
02/09/2022,BATA,"76,107,600.00",2.59,2.59
02/09/2022,CHIL,"200,039,904.00",13.39,13.39
05/09/2022,REIZ,"56,460,198.00",1.63,1.63
05/09/2022,ZMFA,"27,090,100.00",4.70,4.7
05/09/2022,ZNCO,"1,443,750,041.28",2.59,2.6
05/09/2022,ZCCM,"160,800,286.00",37.98,37.98
05/09/2022,ZFCO,"400,000,000.00",2.46,2.46
05/09/2022,BATZ,"212,456,304.00",1.90,1.9
05/09/2022,NATB,"63,000,000.00",4.10,4.1
05/09/2022,PUMA,"500,000,000.00",1.61,1.61
05/09/2022,SHOP,"2,700,000.00",64.00,64
05/09/2022,CCAF,"1,625,000,597.00",0.87,0.86
05/09/2022,PMDZ,"100,000,000.00",0.70,0.7
05/09/2022,ATEL,"104,000,000.00",17.21,17.21
05/09/2022,CECZ,"1,625,000,597.00",3.51,3.51
05/09/2022,ZABR,"546,000,000.00",7.00,7
05/09/2022,MAFS,"50,000,000.00",2.47,2.47
05/09/2022,ZMBF,"300,579,610.00",2.59,2.6
05/09/2022,SCBL,"1,666,980,000.00",1.38,1.38
05/09/2022,ZSUG,"316,571,385.40",18.00,18
05/09/2022,ZMRE,"45,000,000.00",2.80,2.8
05/09/2022,AECI,"20,406,600.00",42.00,42
05/09/2022,BATA,"76,107,600.00",2.59,2.59
05/09/2022,CHIL,"200,039,904.00",13.39,13.38
06/09/2022,REIZ,"56,460,198.00",1.63,1.63
06/09/2022,ZMFA,"27,090,100.00",4.70,4.7
06/09/2022,ZNCO,"1,443,750,041.28",2.59,2.6
06/09/2022,ZCCM,"160,800,286.00",37.98,37.98
06/09/2022,ZFCO,"400,000,000.00",2.46,2.46
06/09/2022,BATZ,"212,456,304.00",1.90,1.9
06/09/2022,NATB,"63,000,000.00",4.10,4.1
06/09/2022,PUMA,"500,000,000.00",1.61,1.61
06/09/2022,SHOP,"2,700,000.00",64.00,64
06/09/2022,CCAF,"1,625,000,597.00",0.86,0.86
06/09/2022,PMDZ,"100,000,000.00",0.70,0.7
06/09/2022,ATEL,"104,000,000.00",17.21,17.21
06/09/2022,CECZ,"1,625,000,597.00",3.51,3.51
06/09/2022,ZABR,"546,000,000.00",7.00,7
06/09/2022,MAFS,"50,000,000.00",2.47,2.47
06/09/2022,ZMBF,"300,579,610.00",2.60,2.6
06/09/2022,SCBL,"1,666,980,000.00",1.38,1.4
06/09/2022,ZSUG,"316,571,385.40",18.00,18
06/09/2022,ZMRE,"45,000,000.00",2.80,2.8
06/09/2022,AECI,"20,406,600.00",42.00,42
06/09/2022,BATA,"76,107,600.00",2.59,2.59
06/09/2022,CHIL,"200,039,904.00",13.38,13.38
07/09/2022,REIZ,"56,460,198.00",1.63,1.63
07/09/2022,ZMFA,"27,090,100.00",4.70,4.7
07/09/2022,ZNCO,"1,443,750,041.28",2.60,2.6
07/09/2022,ZCCM,"160,800,286.00",37.98,37.98
07/09/2022,ZFCO,"400,000,000.00",2.46,2.46
07/09/2022,BATZ,"212,456,304.00",1.90,1.9
07/09/2022,NATB,"63,000,000.00",4.10,4.1
07/09/2022,PUMA,"500,000,000.00",1.61,1.61
07/09/2022,SHOP,"2,700,000.00",64.00,64
07/09/2022,CCAF,"1,625,000,597.00",0.86,0.86
07/09/2022,PMDZ,"100,000,000.00",0.70,0.71
07/09/2022,ATEL,"104,000,000.00",17.21,17.21
07/09/2022,CECZ,"1,625,000,597.00",3.52,3.52
07/09/2022,ZABR,"546,000,000.00",7.00,7
07/09/2022,MAFS,"50,000,000.00",2.47,2.47
07/09/2022,ZMBF,"300,579,610.00",2.60,2.6
07/09/2022,SCBL,"1,666,980,000.00",1.40,1.4
07/09/2022,ZSUG,"316,571,385.40",18.00,18
07/09/2022,ZMRE,"45,000,000.00",2.80,2.8
07/09/2022,AECI,"20,406,600.00",42.00,42
07/09/2022,BATA,"76,107,600.00",2.59,2.59
07/09/2022,CHIL,"200,039,904.00",13.38,13.38
08/09/2022,REIZ,"56,460,198.00",1.63,1.63
08/09/2022,ZMFA,"27,090,100.00",4.70,4.7
08/09/2022,ZNCO,"1,443,750,041.28",2.60,2.6
08/09/2022,ZCCM,"160,800,286.00",37.98,37.98
08/09/2022,ZFCO,"400,000,000.00",2.46,2.46
08/09/2022,BATZ,"212,456,304.00",1.90,1.9
08/09/2022,NATB,"63,000,000.00",4.10,4.1
08/09/2022,PUMA,"500,000,000.00",1.61,1.61
08/09/2022,SHOP,"2,700,000.00",64.00,64
08/09/2022,CCAF,"1,625,000,597.00",0.86,0.86
08/09/2022,PMDZ,"100,000,000.00",0.71,0.71
08/09/2022,ATEL,"104,000,000.00",17.21,17.21
08/09/2022,CECZ,"1,625,000,597.00",3.52,3.52
08/09/2022,ZABR,"546,000,000.00",7.00,7
08/09/2022,MAFS,"50,000,000.00",2.47,2.47
08/09/2022,ZMBF,"300,579,610.00",2.60,2.61
08/09/2022,SCBL,"1,666,980,000.00",1.40,1.4
08/09/2022,ZSUG,"316,571,385.40",18.00,18
08/09/2022,ZMRE,"45,000,000.00",2.80,2.8
08/09/2022,AECI,"20,406,600.00",42.00,42
08/09/2022,BATA,"76,107,600.00",2.59,2.59
08/09/2022,CHIL,"200,039,904.00",13.38,13.38
09/09/2022,REIZ,"56,460,198.00",1.63,1.63
09/09/2022,ZMFA,"27,090,100.00",4.70,4.7
09/09/2022,ZNCO,"1,443,750,041.28",2.59,2.6
09/09/2022,ZCCM,"160,800,286.00",37.98,37.98
09/09/2022,ZFCO,"400,000,000.00",2.46,2.46
09/09/2022,BATZ,"212,456,304.00",1.90,1.9
09/09/2022,NATB,"63,000,000.00",4.10,4.1
09/09/2022,PUMA,"500,000,000.00",1.61,1.61
09/09/2022,SHOP,"2,700,000.00",64.00,64
09/09/2022,CCAF,"1,625,000,597.00",0.86,0.86
09/09/2022,PMDZ,"100,000,000.00",0.71,0.71
09/09/2022,ATEL,"104,000,000.00",17.21,17.21
09/09/2022,CECZ,"1,625,000,597.00",3.52,3.52
09/09/2022,ZABR,"546,000,000.00",7.00,7
09/09/2022,MAFS,"50,000,000.00",2.47,2.47
09/09/2022,ZMBF,"300,579,610.00",2.61,2.6
09/09/2022,SCBL,"1,666,980,000.00",1.40,1.4
09/09/2022,ZSUG,"316,571,385.40",18.00,18
09/09/2022,ZMRE,"45,000,000.00",2.80,2.8
09/09/2022,AECI,"20,406,600.00",42.00,42
09/09/2022,BATA,"76,107,600.00",2.59,2.59
09/09/2022,CHIL,"200,039,904.00",13.38,13.38
12/09/2022,REIZ,"56,460,198.00",1.63,1.63
12/09/2022,ZMFA,"27,090,100.00",4.70,4.7
12/09/2022,ZNCO,"1,443,750,041.28",2.60,2.6
12/09/2022,ZCCM,"160,800,286.00",37.98,37.98
12/09/2022,ZFCO,"400,000,000.00",2.46,2.46
12/09/2022,BATZ,"212,456,304.00",1.90,1.9
12/09/2022,NATB,"63,000,000.00",4.10,4.1
12/09/2022,PUMA,"500,000,000.00",1.61,1.61
12/09/2022,SHOP,"2,700,000.00",64.00,64
12/09/2022,CCAF,"1,625,000,597.00",0.86,0.86
12/09/2022,PMDZ,"100,000,000.00",0.71,0.71
12/09/2022,ATEL,"104,000,000.00",17.21,17.21
12/09/2022,CECZ,"1,625,000,597.00",3.52,3.52
12/09/2022,ZABR,"546,000,000.00",7.00,7
12/09/2022,MAFS,"50,000,000.00",2.47,2.47
12/09/2022,ZMBF,"300,579,610.00",2.60,2.6
12/09/2022,SCBL,"1,666,980,000.00",1.40,1.4
12/09/2022,ZSUG,"316,571,385.40",18.00,18
12/09/2022,ZMRE,"45,000,000.00",2.80,2.8
12/09/2022,AECI,"20,406,600.00",42.00,42
12/09/2022,BATA,"76,107,600.00",2.59,2.59
12/09/2022,CHIL,"200,039,904.00",13.38,13.38
13/09/2022,REIZ,"56,460,198.00",1.63,1.63
13/09/2022,ZMFA,"27,090,100.00",4.70,4.7
13/09/2022,ZNCO,"1,443,750,041.28",2.60,2.6
13/09/2022,ZCCM,"160,800,286.00",37.98,37.98
13/09/2022,ZFCO,"400,000,000.00",2.46,2.46
13/09/2022,BATZ,"212,456,304.00",1.90,1.9
13/09/2022,NATB,"63,000,000.00",4.10,4.1
13/09/2022,PUMA,"500,000,000.00",1.61,1.61
13/09/2022,SHOP,"2,700,000.00",64.00,64
13/09/2022,CCAF,"1,625,000,597.00",0.86,0.86
13/09/2022,PMDZ,"100,000,000.00",0.71,0.71
13/09/2022,ATEL,"104,000,000.00",17.21,17.21
13/09/2022,CECZ,"1,625,000,597.00",3.52,3.52
13/09/2022,ZABR,"546,000,000.00",7.00,7
13/09/2022,MAFS,"50,000,000.00",2.47,2.47
13/09/2022,ZMBF,"300,579,610.00",2.60,2.6
13/09/2022,SCBL,"1,666,980,000.00",1.40,1.4
13/09/2022,ZSUG,"316,571,385.40",18.00,18
13/09/2022,ZMRE,"45,000,000.00",2.80,2.8
13/09/2022,AECI,"20,406,600.00",42.00,42
13/09/2022,BATA,"76,107,600.00",2.59,2.59
13/09/2022,CHIL,"200,039,904.00",13.38,13.38
14/09/2022,REIZ,"56,460,198.00",1.63,1.63
14/09/2022,ZMFA,"27,090,100.00",4.70,4.78
14/09/2022,ZNCO,"1,443,750,041.28",2.60,2.6
14/09/2022,ZCCM,"160,800,286.00",37.98,37.98
14/09/2022,ZFCO,"400,000,000.00",2.46,2.46
14/09/2022,BATZ,"212,456,304.00",1.90,1.9
14/09/2022,NATB,"63,000,000.00",4.10,4.1
14/09/2022,PUMA,"500,000,000.00",1.61,1.61
14/09/2022,SHOP,"2,700,000.00",64.00,64
14/09/2022,CCAF,"1,625,000,597.00",0.86,0.86
14/09/2022,PMDZ,"100,000,000.00",0.71,0.71
14/09/2022,ATEL,"104,000,000.00",17.21,17.21
14/09/2022,CECZ,"1,625,000,597.00",3.52,3.52
14/09/2022,ZABR,"546,000,000.00",7.00,7
14/09/2022,MAFS,"50,000,000.00",2.47,2.47
14/09/2022,ZMBF,"300,579,610.00",2.63,2.6
14/09/2022,SCBL,"1,666,980,000.00",1.39,1.4
14/09/2022,ZSUG,"316,571,385.40",18.00,18
14/09/2022,ZMRE,"45,000,000.00",2.80,2.8
14/09/2022,AECI,"20,406,600.00",42.00,42
14/09/2022,BATA,"76,107,600.00",2.59,2.59
14/09/2022,CHIL,"200,039,904.00",13.38,13.38
15/09/2022,REIZ,"56,460,198.00",1.63,1.63
15/09/2022,ZMFA,"27,090,100.00",4.78,4.78
15/09/2022,ZNCO,"1,443,750,041.28",2.60,2.6
15/09/2022,ZCCM,"160,800,286.00",37.98,37.98
15/09/2022,ZFCO,"400,000,000.00",2.46,2.46
15/09/2022,BATZ,"212,456,304.00",1.90,1.9
15/09/2022,NATB,"63,000,000.00",4.10,4.1
15/09/2022,PUMA,"500,000,000.00",1.61,1.61
15/09/2022,SHOP,"2,700,000.00",64.00,64
15/09/2022,CCAF,"1,625,000,597.00",0.86,0.86
15/09/2022,PMDZ,"100,000,000.00",0.71,0.71
15/09/2022,ATEL,"104,000,000.00",17.21,17.21
15/09/2022,CECZ,"1,625,000,597.00",3.52,3.7
15/09/2022,ZABR,"546,000,000.00",7.00,7
15/09/2022,MAFS,"50,000,000.00",2.47,2.47
15/09/2022,ZMBF,"300,579,610.00",2.60,2.6
15/09/2022,SCBL,"1,666,980,000.00",1.40,1.33
15/09/2022,ZSUG,"316,571,385.40",18.00,18
15/09/2022,ZMRE,"45,000,000.00",2.80,2.8
15/09/2022,AECI,"20,406,600.00",42.00,42
15/09/2022,BATA,"76,107,600.00",2.59,2.59
15/09/2022,CHIL,"200,039,904.00",13.38,13.38
16/09/2022,REIZ,"56,460,198.00",1.63,1.63
16/09/2022,ZMFA,"27,090,100.00",4.78,4.78
16/09/2022,ZNCO,"1,443,750,041.28",2.60,2.6
16/09/2022,ZCCM,"160,800,286.00",37.98,37.98
16/09/2022,ZFCO,"400,000,000.00",2.46,2.46
16/09/2022,BATZ,"212,456,304.00",1.90,1.9
16/09/2022,NATB,"63,000,000.00",4.10,4.1
16/09/2022,PUMA,"500,000,000.00",1.61,1.61
16/09/2022,SHOP,"2,700,000.00",64.00,64
16/09/2022,CCAF,"1,625,000,597.00",0.86,0.86
16/09/2022,PMDZ,"100,000,000.00",0.71,0.71
16/09/2022,ATEL,"104,000,000.00",17.21,17.21
16/09/2022,CECZ,"1,625,000,597.00",3.82,4
16/09/2022,ZABR,"546,000,000.00",7.00,7
16/09/2022,MAFS,"50,000,000.00",2.47,2.47
16/09/2022,ZMBF,"300,579,610.00",2.60,2.6
16/09/2022,SCBL,"1,666,980,000.00",1.33,1.33
16/09/2022,ZSUG,"316,571,385.40",18.00,18
16/09/2022,ZMRE,"45,000,000.00",2.80,2.8
16/09/2022,AECI,"20,406,600.00",42.00,42
16/09/2022,BATA,"76,107,600.00",2.59,2.59
16/09/2022,CHIL,"200,039,904.00",13.38,13.38
19/09/2022,REIZ,"56,460,198.00",1.63,1.63
19/09/2022,ZMFA,"27,090,100.00",4.78,4.78
19/09/2022,ZNCO,"1,443,750,041.28",2.60,2.6
19/09/2022,ZCCM,"160,800,286.00",37.98,37.98
19/09/2022,ZFCO,"400,000,000.00",2.46,2.46
19/09/2022,BATZ,"212,456,304.00",1.90,1.9
19/09/2022,NATB,"63,000,000.00",4.10,4.1
19/09/2022,PUMA,"500,000,000.00",1.61,1.61
19/09/2022,SHOP,"2,700,000.00",64.00,64
19/09/2022,CCAF,"1,625,000,597.00",0.86,0.75
19/09/2022,PMDZ,"100,000,000.00",0.71,0.71
19/09/2022,ATEL,"104,000,000.00",17.21,17.21
19/09/2022,CECZ,"1,625,000,597.00",4.00,4
19/09/2022,ZABR,"546,000,000.00",7.00,7
19/09/2022,MAFS,"50,000,000.00",2.47,2.47
19/09/2022,ZMBF,"300,579,610.00",2.60,2.6
19/09/2022,SCBL,"1,666,980,000.00",1.33,1.33
19/09/2022,ZSUG,"316,571,385.40",18.00,18
19/09/2022,ZMRE,"45,000,000.00",2.80,2.8
19/09/2022,AECI,"20,406,600.00",42.00,42
19/09/2022,BATA,"76,107,600.00",2.59,2.59
19/09/2022,CHIL,"200,039,904.00",13.38,13.38
20/09/2022,REIZ,"56,460,198.00",1.63,1.63
20/09/2022,ZMFA,"27,090,100.00",4.78,4.78
20/09/2022,ZNCO,"1,443,750,041.28",2.60,2.6
20/09/2022,ZCCM,"160,800,286.00",37.98,37.98
20/09/2022,ZFCO,"400,000,000.00",2.46,2.46
20/09/2022,BATZ,"212,456,304.00",1.90,1.9
20/09/2022,NATB,"63,000,000.00",4.10,4.1
20/09/2022,PUMA,"500,000,000.00",1.61,1.61
20/09/2022,SHOP,"2,700,000.00",64.00,64
20/09/2022,CCAF,"1,625,000,597.00",0.75,0.75
20/09/2022,PMDZ,"100,000,000.00",0.71,0.71
20/09/2022,ATEL,"104,000,000.00",17.21,17.21
20/09/2022,CECZ,"1,625,000,597.00",4.00,4
20/09/2022,ZABR,"546,000,000.00",7.00,7
20/09/2022,MAFS,"50,000,000.00",2.47,2.47
20/09/2022,ZMBF,"300,579,610.00",2.60,2.59
20/09/2022,SCBL,"1,666,980,000.00",1.33,1.33
20/09/2022,ZSUG,"316,571,385.40",18.00,18
20/09/2022,ZMRE,"45,000,000.00",2.80,2.8
20/09/2022,AECI,"20,406,600.00",42.00,42
20/09/2022,BATA,"76,107,600.00",2.59,2.59
20/09/2022,CHIL,"200,039,904.00",13.38,13.37
21/09/2022,REIZ,"56,460,198.00",1.63,1.63
21/09/2022,ZMFA,"27,090,100.00",4.78,4.78
21/09/2022,ZNCO,"1,443,750,041.28",2.60,2.6
21/09/2022,ZCCM,"160,800,286.00",37.98,37.98
21/09/2022,ZFCO,"400,000,000.00",2.46,2.46
21/09/2022,BATZ,"212,456,304.00",1.90,1.9
21/09/2022,NATB,"63,000,000.00",4.10,4.1
21/09/2022,PUMA,"500,000,000.00",1.61,1.61
21/09/2022,SHOP,"2,700,000.00",64.00,64
21/09/2022,CCAF,"1,625,000,597.00",0.75,0.75
21/09/2022,PMDZ,"100,000,000.00",0.71,0.71
21/09/2022,ATEL,"104,000,000.00",17.21,17.21
21/09/2022,CECZ,"1,625,000,597.00",4.00,4
21/09/2022,ZABR,"546,000,000.00",7.00,7
21/09/2022,MAFS,"50,000,000.00",2.47,2.47
21/09/2022,ZMBF,"300,579,610.00",2.60,2.59
21/09/2022,SCBL,"1,666,980,000.00",1.33,1.33
21/09/2022,ZSUG,"316,571,385.40",18.00,18
21/09/2022,ZMRE,"45,000,000.00",2.80,2.8
21/09/2022,AECI,"20,406,600.00",42.00,42
21/09/2022,BATA,"76,107,600.00",2.59,2.59
21/09/2022,CHIL,"200,039,904.00",13.37,13.37
22/09/2022,REIZ,"56,460,198.00",1.63,1.63
22/09/2022,ZMFA,"27,090,100.00",4.78,4.78
22/09/2022,ZNCO,"1,443,750,041.28",2.60,2.6
22/09/2022,ZCCM,"160,800,286.00",37.98,37.98
22/09/2022,ZFCO,"400,000,000.00",2.46,2.46
22/09/2022,BATZ,"212,456,304.00",1.90,1.9
22/09/2022,NATB,"63,000,000.00",4.10,4.1
22/09/2022,PUMA,"500,000,000.00",1.61,1.61
22/09/2022,SHOP,"2,700,000.00",64.00,64
22/09/2022,CCAF,"1,625,000,597.00",0.75,0.75
22/09/2022,PMDZ,"100,000,000.00",0.71,0.71
22/09/2022,ATEL,"104,000,000.00",17.21,17.21
22/09/2022,CECZ,"1,625,000,597.00",4.00,4
22/09/2022,ZABR,"546,000,000.00",7.00,7
22/09/2022,MAFS,"50,000,000.00",2.47,2.47
22/09/2022,ZMBF,"300,579,610.00",2.59,2.59
22/09/2022,SCBL,"1,666,980,000.00",1.33,1.33
22/09/2022,ZSUG,"316,571,385.40",18.00,18
22/09/2022,ZMRE,"45,000,000.00",2.80,2.8
22/09/2022,AECI,"20,406,600.00",42.00,45
22/09/2022,BATA,"76,107,600.00",2.59,2.59
22/09/2022,CHIL,"200,039,904.00",13.37,13.37
23/09/2022,REIZ,"56,460,198.00",1.63,1.63
23/09/2022,ZMFA,"27,090,100.00",4.78,4.78
23/09/2022,ZNCO,"1,443,750,041.28",2.60,2.7
23/09/2022,ZCCM,"160,800,286.00",37.98,37.98
23/09/2022,ZFCO,"400,000,000.00",2.46,2.46
23/09/2022,BATZ,"212,456,304.00",1.90,1.9
23/09/2022,NATB,"63,000,000.00",4.10,4.1
23/09/2022,PUMA,"500,000,000.00",1.61,1.61
23/09/2022,SHOP,"2,700,000.00",64.00,64
23/09/2022,CCAF,"1,625,000,597.00",0.75,0.75
23/09/2022,PMDZ,"100,000,000.00",0.71,0.71
23/09/2022,ATEL,"104,000,000.00",17.21,17.21
23/09/2022,CECZ,"1,625,000,597.00",4.00,4
23/09/2022,ZABR,"546,000,000.00",7.00,7
23/09/2022,MAFS,"50,000,000.00",2.47,2.47
23/09/2022,ZMBF,"300,579,610.00",2.59,2.6
23/09/2022,SCBL,"1,666,980,000.00",1.33,1.33
23/09/2022,ZSUG,"316,571,385.40",18.00,18
23/09/2022,ZMRE,"45,000,000.00",2.80,2.8
23/09/2022,AECI,"20,406,600.00",45.00,45
23/09/2022,BATA,"76,107,600.00",2.59,2.59
23/09/2022,CHIL,"200,039,904.00",13.37,13.37
26/09/2022,REIZ,"56,460,198.00",1.63,1.63
26/09/2022,ZMFA,"27,090,100.00",4.78,4.78
26/09/2022,ZNCO,"1,443,750,041.28",2.70,2.75
26/09/2022,ZCCM,"160,800,286.00",37.98,37.98
26/09/2022,ZFCO,"400,000,000.00",2.46,2.46
26/09/2022,BATZ,"212,456,304.00",1.90,1.9
26/09/2022,NATB,"63,000,000.00",4.10,4.1
26/09/2022,PUMA,"500,000,000.00",1.61,1.61
26/09/2022,SHOP,"2,700,000.00",64.00,64
26/09/2022,CCAF,"1,625,000,597.00",0.75,0.75
26/09/2022,PMDZ,"100,000,000.00",0.71,0.71
26/09/2022,ATEL,"104,000,000.00",17.21,17.21
26/09/2022,CECZ,"1,625,000,597.00",4.00,4
26/09/2022,ZABR,"546,000,000.00",7.00,7
26/09/2022,MAFS,"50,000,000.00",2.47,2.47
26/09/2022,ZMBF,"300,579,610.00",2.60,2.6
26/09/2022,SCBL,"1,666,980,000.00",1.33,1.33
26/09/2022,ZSUG,"316,571,385.40",18.00,18
26/09/2022,ZMRE,"45,000,000.00",2.80,2.8
26/09/2022,AECI,"20,406,600.00",45.00,45
26/09/2022,BATA,"76,107,600.00",2.59,2.59
26/09/2022,CHIL,"200,039,904.00",13.37,13.37
27/09/2022,REIZ,"56,460,198.00",1.63,1.63
27/09/2022,ZMFA,"27,090,100.00",4.78,4.78
27/09/2022,ZNCO,"1,443,750,041.28",2.75,2.95
27/09/2022,ZCCM,"160,800,286.00",37.98,37.98
27/09/2022,ZFCO,"400,000,000.00",2.46,2.46
27/09/2022,BATZ,"212,456,304.00",1.90,1.9
27/09/2022,NATB,"63,000,000.00",4.10,4.1
27/09/2022,PUMA,"500,000,000.00",1.61,1.61
27/09/2022,SHOP,"2,700,000.00",64.00,64
27/09/2022,CCAF,"1,625,000,597.00",0.75,0.75
27/09/2022,PMDZ,"100,000,000.00",0.71,0.71
27/09/2022,ATEL,"104,000,000.00",17.21,17.21
27/09/2022,CECZ,"1,625,000,597.00",4.00,4
27/09/2022,ZABR,"546,000,000.00",7.00,7
27/09/2022,MAFS,"50,000,000.00",2.47,2.47
27/09/2022,ZMBF,"300,579,610.00",2.60,2.6
27/09/2022,SCBL,"1,666,980,000.00",1.33,1.33
27/09/2022,ZSUG,"316,571,385.40",18.00,18
27/09/2022,ZMRE,"45,000,000.00",2.80,2.8
27/09/2022,AECI,"20,406,600.00",45.00,45
27/09/2022,BATA,"76,107,600.00",2.59,2.59
27/09/2022,CHIL,"200,039,904.00",13.37,13.37
28/09/2022,REIZ,"56,460,198.00",1.63,1.63
28/09/2022,ZMFA,"27,090,100.00",4.78,4.78
28/09/2022,ZNCO,"1,443,750,041.28",2.95,2.95
28/09/2022,ZCCM,"160,800,286.00",37.98,37.98
28/09/2022,ZFCO,"400,000,000.00",2.46,2.5
28/09/2022,BATZ,"212,456,304.00",1.90,1.9
28/09/2022,NATB,"63,000,000.00",4.10,4.1
28/09/2022,PUMA,"500,000,000.00",1.61,1.61
28/09/2022,SHOP,"2,700,000.00",64.00,64
28/09/2022,CCAF,"1,625,000,597.00",0.75,0.75
28/09/2022,PMDZ,"100,000,000.00",0.71,0.72
28/09/2022,ATEL,"104,000,000.00",17.21,17.21
28/09/2022,CECZ,"1,625,000,597.00",4.00,4
28/09/2022,ZABR,"546,000,000.00",7.00,7
28/09/2022,MAFS,"50,000,000.00",2.47,2.47
28/09/2022,ZMBF,"300,579,610.00",2.60,2.6
28/09/2022,SCBL,"1,666,980,000.00",1.33,1.33
28/09/2022,ZSUG,"316,571,385.40",18.00,18
28/09/2022,ZMRE,"45,000,000.00",2.80,2.8
28/09/2022,AECI,"20,406,600.00",45.00,45
28/09/2022,BATA,"76,107,600.00",2.59,2.59
28/09/2022,CHIL,"200,039,904.00",13.37,13.37
29/09/2022,REIZ,"56,460,198.00",1.63,1.63
29/09/2022,ZMFA,"27,090,100.00",4.78,4.78
29/09/2022,ZNCO,"1,443,750,041.28",2.93,2.95
29/09/2022,ZCCM,"160,800,286.00",37.98,37.98
29/09/2022,ZFCO,"400,000,000.00",2.50,2.5
29/09/2022,BATZ,"212,456,304.00",1.90,1.9
29/09/2022,NATB,"63,000,000.00",4.10,4.1
29/09/2022,PUMA,"500,000,000.00",1.61,1.61
29/09/2022,SHOP,"2,700,000.00",64.00,64
29/09/2022,CCAF,"1,625,000,597.00",0.75,0.71
29/09/2022,PMDZ,"100,000,000.00",0.72,0.72
29/09/2022,ATEL,"104,000,000.00",17.21,17.21
29/09/2022,CECZ,"1,625,000,597.00",4.00,4
29/09/2022,ZABR,"546,000,000.00",7.00,7
29/09/2022,MAFS,"50,000,000.00",2.47,2.47
29/09/2022,ZMBF,"300,579,610.00",2.60,2.6
29/09/2022,SCBL,"1,666,980,000.00",1.33,1.33
29/09/2022,ZSUG,"316,571,385.40",18.00,18
29/09/2022,ZMRE,"45,000,000.00",2.80,2.8
29/09/2022,AECI,"20,406,600.00",45.00,45
29/09/2022,BATA,"76,107,600.00",2.59,2.59
29/09/2022,CHIL,"200,039,904.00",13.37,13.37
30/09/2022,REIZ,"56,460,198.00",1.63,1.63
30/09/2022,ZMFA,"27,090,100.00",4.78,4.78
30/09/2022,ZNCO,"1,443,750,041.28",2.95,2.93
30/09/2022,ZCCM,"160,800,286.00",37.98,37.98
30/09/2022,ZFCO,"400,000,000.00",2.50,2.5
30/09/2022,BATZ,"212,456,304.00",1.90,1.9
30/09/2022,NATB,"63,000,000.00",4.10,4.1
30/09/2022,PUMA,"500,000,000.00",1.61,1.61
30/09/2022,SHOP,"2,700,000.00",64.00,64
30/09/2022,CCAF,"1,625,000,597.00",0.71,0.71
30/09/2022,PMDZ,"100,000,000.00",0.72,0.72
30/09/2022,ATEL,"104,000,000.00",17.21,17.21
30/09/2022,CECZ,"1,625,000,597.00",4.00,4
30/09/2022,ZABR,"546,000,000.00",7.00,7
30/09/2022,MAFS,"50,000,000.00",2.47,2.47
30/09/2022,ZMBF,"300,579,610.00",2.60,2.6
30/09/2022,SCBL,"1,666,980,000.00",1.33,1.33
30/09/2022,ZSUG,"316,571,385.40",18.00,18
30/09/2022,ZMRE,"45,000,000.00",2.80,2.8
30/09/2022,AECI,"20,406,600.00",45.00,45
30/09/2022,BATA,"76,107,600.00",2.59,2.59
30/09/2022,CHIL,"200,039,904.00",13.37,13.37
03/10/2022,REIZ,"56,460,198.00",1.63,1.63
03/10/2022,ZMFA,"27,090,100.00",4.78,4.78
03/10/2022,ZNCO,"1,443,750,041.28",2.93,2.93
03/10/2022,ZCCM,"160,800,286.00",37.98,37.98
03/10/2022,ZFCO,"400,000,000.00",2.50,2.5
03/10/2022,BATZ,"212,456,304.00",1.90,1.9
03/10/2022,NATB,"63,000,000.00",4.10,4.1
03/10/2022,PUMA,"500,000,000.00",1.61,1.61
03/10/2022,SHOP,"2,700,000.00",64.00,64
03/10/2022,CCAF,"1,625,000,597.00",0.71,0.71
03/10/2022,PMDZ,"100,000,000.00",0.72,0.72
03/10/2022,ATEL,"104,000,000.00",17.21,17.21
03/10/2022,CECZ,"1,625,000,597.00",4.00,4
03/10/2022,ZABR,"546,000,000.00",7.00,7
03/10/2022,MAFS,"50,000,000.00",2.47,2.47
03/10/2022,ZMBF,"300,579,610.00",2.60,2.6
03/10/2022,SCBL,"1,666,980,000.00",1.33,1.33
03/10/2022,ZSUG,"316,571,385.40",18.00,18
03/10/2022,ZMRE,"45,000,000.00",2.80,2.8
03/10/2022,AECI,"20,406,600.00",45.00,45
03/10/2022,BATA,"76,107,600.00",2.59,2.59
03/10/2022,CHIL,"200,039,904.00",13.37,13.37
04/10/2022,REIZ,"56,460,198.00",1.63,1.63
04/10/2022,ZMFA,"27,090,100.00",4.78,4.78
04/10/2022,ZNCO,"1,443,750,041.28",2.93,2.6
04/10/2022,ZCCM,"160,800,286.00",37.98,37.98
04/10/2022,ZFCO,"400,000,000.00",2.50,2.5
04/10/2022,BATZ,"212,456,304.00",1.90,1.9
04/10/2022,NATB,"63,000,000.00",4.10,4.1
04/10/2022,PUMA,"500,000,000.00",1.61,1.61
04/10/2022,SHOP,"2,700,000.00",64.00,64
04/10/2022,CCAF,"1,625,000,597.00",0.71,0.71
04/10/2022,PMDZ,"100,000,000.00",0.72,0.72
04/10/2022,ATEL,"104,000,000.00",17.21,17.21
04/10/2022,CECZ,"1,625,000,597.00",4.00,4
04/10/2022,ZABR,"546,000,000.00",7.00,7
04/10/2022,MAFS,"50,000,000.00",2.47,2.47
04/10/2022,ZMBF,"300,579,610.00",2.60,2.55
04/10/2022,SCBL,"1,666,980,000.00",1.33,1.33
04/10/2022,ZSUG,"316,571,385.40",18.00,18
04/10/2022,ZMRE,"45,000,000.00",2.80,2.8
04/10/2022,AECI,"20,406,600.00",45.00,45
04/10/2022,BATA,"76,107,600.00",2.59,2.59
04/10/2022,CHIL,"200,039,904.00",13.37,13.37
05/10/2022,REIZ,"56,460,198.00",1.63,1.63
05/10/2022,ZMFA,"27,090,100.00",4.78,4.78
05/10/2022,ZNCO,"1,443,750,041.28",2.88,2.6
05/10/2022,ZCCM,"160,800,286.00",37.98,37.98
05/10/2022,ZFCO,"400,000,000.00",2.50,2.5
05/10/2022,BATZ,"212,456,304.00",1.90,1.9
05/10/2022,NATB,"63,000,000.00",4.10,4.1
05/10/2022,PUMA,"500,000,000.00",1.61,1.61
05/10/2022,SHOP,"2,700,000.00",64.00,64
05/10/2022,CCAF,"1,625,000,597.00",0.71,0.71
05/10/2022,PMDZ,"100,000,000.00",0.72,0.71
05/10/2022,ATEL,"104,000,000.00",17.21,17.21
05/10/2022,CECZ,"1,625,000,597.00",4.00,4
05/10/2022,ZABR,"546,000,000.00",7.00,7
05/10/2022,MAFS,"50,000,000.00",2.47,2.47
05/10/2022,ZMBF,"300,579,610.00",2.56,2.55
05/10/2022,SCBL,"1,666,980,000.00",1.33,1.33
05/10/2022,ZSUG,"316,571,385.40",18.00,18
05/10/2022,ZMRE,"45,000,000.00",2.80,2.8
05/10/2022,AECI,"20,406,600.00",45.00,45
05/10/2022,BATA,"76,107,600.00",2.59,2.59
05/10/2022,CHIL,"200,039,904.00",13.37,13.37
06/10/2022,REIZ,"56,460,198.00",1.63,1.63
06/10/2022,ZMFA,"27,090,100.00",4.78,4.78
06/10/2022,ZNCO,"1,443,750,041.28",2.60,2.6
06/10/2022,ZCCM,"160,800,286.00",37.98,37.98
06/10/2022,ZFCO,"400,000,000.00",2.50,2.5
06/10/2022,BATZ,"212,456,304.00",1.90,1.9
06/10/2022,NATB,"63,000,000.00",4.10,4.1
06/10/2022,PUMA,"500,000,000.00",1.61,1.61
06/10/2022,SHOP,"2,700,000.00",64.00,64
06/10/2022,CCAF,"1,625,000,597.00",0.71,0.71
06/10/2022,PMDZ,"100,000,000.00",0.71,0.71
06/10/2022,ATEL,"104,000,000.00",17.21,17.21
06/10/2022,CECZ,"1,625,000,597.00",4.00,4
06/10/2022,ZABR,"546,000,000.00",7.00,7
06/10/2022,MAFS,"50,000,000.00",2.47,2.47
06/10/2022,ZMBF,"300,579,610.00",2.55,2.55
06/10/2022,SCBL,"1,666,980,000.00",1.33,1.33
06/10/2022,ZSUG,"316,571,385.40",18.00,18
06/10/2022,ZMRE,"45,000,000.00",2.80,2.8
06/10/2022,AECI,"20,406,600.00",45.00,45
06/10/2022,BATA,"76,107,600.00",2.59,2.59
06/10/2022,CHIL,"200,039,904.00",13.37,13.37
07/10/2022,REIZ,"56,460,198.00",1.63,1.63
07/10/2022,ZMFA,"27,090,100.00",4.78,4.78
07/10/2022,ZNCO,"1,443,750,041.28",2.60,2.6
07/10/2022,ZCCM,"160,800,286.00",37.98,37.98
07/10/2022,ZFCO,"400,000,000.00",2.50,2.5
07/10/2022,BATZ,"212,456,304.00",1.90,1.9
07/10/2022,NATB,"63,000,000.00",4.10,4.1
07/10/2022,PUMA,"500,000,000.00",1.61,1.61
07/10/2022,SHOP,"2,700,000.00",64.00,64
07/10/2022,CCAF,"1,625,000,597.00",0.71,0.71
07/10/2022,PMDZ,"100,000,000.00",0.71,0.71
07/10/2022,ATEL,"104,000,000.00",17.21,17.21
07/10/2022,CECZ,"1,625,000,597.00",4.00,4
07/10/2022,ZABR,"546,000,000.00",7.00,7
07/10/2022,MAFS,"50,000,000.00",2.47,2.47
07/10/2022,ZMBF,"300,579,610.00",2.55,2.55
07/10/2022,SCBL,"1,666,980,000.00",1.33,1.33
07/10/2022,ZSUG,"316,571,385.40",18.00,18
07/10/2022,ZMRE,"45,000,000.00",2.80,2.8
07/10/2022,AECI,"20,406,600.00",45.00,45
07/10/2022,BATA,"76,107,600.00",2.59,2.59
07/10/2022,CHIL,"200,039,904.00",13.37,13.37
10/10/2022,REIZ,"56,460,198.00",1.63,1.63
10/10/2022,ZMFA,"27,090,100.00",4.78,4.78
10/10/2022,ZNCO,"1,443,750,041.28",2.60,2.6
10/10/2022,ZCCM,"160,800,286.00",37.98,37.98
10/10/2022,ZFCO,"400,000,000.00",2.50,2.5
10/10/2022,BATZ,"212,456,304.00",1.90,1.9
10/10/2022,NATB,"63,000,000.00",4.10,4.1
10/10/2022,PUMA,"500,000,000.00",1.61,1.61
10/10/2022,SHOP,"2,700,000.00",64.00,64
10/10/2022,CCAF,"1,625,000,597.00",0.71,0.7
10/10/2022,PMDZ,"100,000,000.00",0.71,0.71
10/10/2022,ATEL,"104,000,000.00",17.21,17.21
10/10/2022,CECZ,"1,625,000,597.00",4.00,4
10/10/2022,ZABR,"546,000,000.00",7.00,7
10/10/2022,MAFS,"50,000,000.00",2.47,2.47
10/10/2022,ZMBF,"300,579,610.00",2.55,2.55
10/10/2022,SCBL,"1,666,980,000.00",1.33,1.33
10/10/2022,ZSUG,"316,571,385.40",18.00,18
10/10/2022,ZMRE,"45,000,000.00",2.80,2.8
10/10/2022,AECI,"20,406,600.00",45.00,45
10/10/2022,BATA,"76,107,600.00",2.59,2.59
10/10/2022,CHIL,"200,039,904.00",13.37,13.37
11/10/2022,REIZ,"56,460,198.00",1.63,1.63
11/10/2022,ZMFA,"27,090,100.00",4.78,4.78
11/10/2022,ZNCO,"1,443,750,041.28",2.59,2.6
11/10/2022,ZCCM,"160,800,286.00",37.98,37.98
11/10/2022,ZFCO,"400,000,000.00",2.50,2.5
11/10/2022,BATZ,"212,456,304.00",1.90,1.9
11/10/2022,NATB,"63,000,000.00",4.10,4.1
11/10/2022,PUMA,"500,000,000.00",1.61,1.61
11/10/2022,SHOP,"2,700,000.00",64.00,64
11/10/2022,CCAF,"1,625,000,597.00",0.70,0.7
11/10/2022,PMDZ,"100,000,000.00",0.71,0.71
11/10/2022,ATEL,"104,000,000.00",17.21,17.21
11/10/2022,CECZ,"1,625,000,597.00",4.00,4
11/10/2022,ZABR,"546,000,000.00",7.00,7
11/10/2022,MAFS,"50,000,000.00",2.47,2.47
11/10/2022,ZMBF,"300,579,610.00",2.54,2.55
11/10/2022,SCBL,"1,666,980,000.00",1.33,1.33
11/10/2022,ZSUG,"316,571,385.40",18.00,18
11/10/2022,ZMRE,"45,000,000.00",2.80,2.8
11/10/2022,AECI,"20,406,600.00",45.00,45
11/10/2022,BATA,"76,107,600.00",2.59,2.59
11/10/2022,CHIL,"200,039,904.00",13.37,13.37
12/10/2022,REIZ,"56,460,198.00",1.63,1.63
12/10/2022,ZMFA,"27,090,100.00",4.78,4.78
12/10/2022,ZNCO,"1,443,750,041.28",2.60,2.6
12/10/2022,ZCCM,"160,800,286.00",37.98,37.98
12/10/2022,ZFCO,"400,000,000.00",2.50,2.5
12/10/2022,BATZ,"212,456,304.00",1.90,1.9
12/10/2022,NATB,"63,000,000.00",4.10,4.1
12/10/2022,PUMA,"500,000,000.00",1.61,1.61
12/10/2022,SHOP,"2,700,000.00",64.00,64
12/10/2022,CCAF,"1,625,000,597.00",0.70,0.7
12/10/2022,PMDZ,"100,000,000.00",0.71,0.71
12/10/2022,ATEL,"104,000,000.00",17.21,17.21
12/10/2022,CECZ,"1,625,000,597.00",4.00,4
12/10/2022,ZABR,"546,000,000.00",7.00,7
12/10/2022,MAFS,"50,000,000.00",2.47,2.47
12/10/2022,ZMBF,"300,579,610.00",2.55,2.55
12/10/2022,SCBL,"1,666,980,000.00",1.33,1.33
12/10/2022,ZSUG,"316,571,385.40",18.00,18
12/10/2022,ZMRE,"45,000,000.00",2.80,2.8
12/10/2022,AECI,"20,406,600.00",45.00,45
12/10/2022,BATA,"76,107,600.00",2.59,2.59
12/10/2022,CHIL,"200,039,904.00",13.37,13.37
13/10/2022,REIZ,"56,460,198.00",1.63,1.63
13/10/2022,ZMFA,"27,090,100.00",4.78,4.78
13/10/2022,ZNCO,"1,443,750,041.28",2.60,2.6
13/10/2022,ZCCM,"160,800,286.00",37.98,37.98
13/10/2022,ZFCO,"400,000,000.00",2.50,2.5
13/10/2022,BATZ,"212,456,304.00",1.90,1.9
13/10/2022,NATB,"63,000,000.00",4.10,4.1
13/10/2022,PUMA,"500,000,000.00",1.61,1.61
13/10/2022,SHOP,"2,700,000.00",64.00,64
13/10/2022,CCAF,"1,625,000,597.00",0.70,0.7
13/10/2022,PMDZ,"100,000,000.00",0.71,0.71
13/10/2022,ATEL,"104,000,000.00",17.21,17.21
13/10/2022,CECZ,"1,625,000,597.00",4.00,4
13/10/2022,ZABR,"546,000,000.00",7.00,7
13/10/2022,MAFS,"50,000,000.00",2.47,2.47
13/10/2022,ZMBF,"300,579,610.00",2.55,2.6
13/10/2022,SCBL,"1,666,980,000.00",1.33,1.33
13/10/2022,ZSUG,"316,571,385.40",18.00,18
13/10/2022,ZMRE,"45,000,000.00",2.80,2.8
13/10/2022,AECI,"20,406,600.00",45.00,45
13/10/2022,BATA,"76,107,600.00",2.59,2.59
13/10/2022,CHIL,"200,039,904.00",13.37,13.37
14/10/2022,REIZ,"56,460,198.00",1.63,1.63
14/10/2022,ZMFA,"27,090,100.00",4.78,4.78
14/10/2022,ZNCO,"1,443,750,041.28",2.60,2.6
14/10/2022,ZCCM,"160,800,286.00",37.98,37.98
14/10/2022,ZFCO,"400,000,000.00",2.50,2.5
14/10/2022,BATZ,"212,456,304.00",1.90,1.9
14/10/2022,NATB,"63,000,000.00",4.10,4.1
14/10/2022,PUMA,"500,000,000.00",1.61,1.61
14/10/2022,SHOP,"2,700,000.00",64.00,64
14/10/2022,CCAF,"1,625,000,597.00",0.70,0.7
14/10/2022,PMDZ,"100,000,000.00",0.71,0.71
14/10/2022,ATEL,"104,000,000.00",17.21,17.21
14/10/2022,CECZ,"1,625,000,597.00",4.00,4
14/10/2022,ZABR,"546,000,000.00",7.00,7
14/10/2022,MAFS,"50,000,000.00",2.47,2.47
14/10/2022,ZMBF,"300,579,610.00",2.60,2.6
14/10/2022,SCBL,"1,666,980,000.00",1.33,1.33
14/10/2022,ZSUG,"316,571,385.40",18.00,18
14/10/2022,ZMRE,"45,000,000.00",2.80,2.8
14/10/2022,AECI,"20,406,600.00",45.00,45
14/10/2022,BATA,"76,107,600.00",2.59,2.59
14/10/2022,CHIL,"200,039,904.00",13.37,13.37
17/10/2022,REIZ,"56,460,198.00",1.63,1.63
17/10/2022,ZMFA,"27,090,100.00",4.78,4.78
17/10/2022,ZNCO,"1,443,750,041.28",2.60,2.6
17/10/2022,ZCCM,"160,800,286.00",37.98,37.98
17/10/2022,ZFCO,"400,000,000.00",2.50,2.5
17/10/2022,BATZ,"212,456,304.00",1.90,1.9
17/10/2022,NATB,"63,000,000.00",4.10,4.1
17/10/2022,PUMA,"500,000,000.00",1.61,1.61
17/10/2022,SHOP,"2,700,000.00",64.00,64
17/10/2022,CCAF,"1,625,000,597.00",0.70,0.7
17/10/2022,PMDZ,"100,000,000.00",0.71,0.71
17/10/2022,ATEL,"104,000,000.00",17.21,17.25
17/10/2022,CECZ,"1,625,000,597.00",4.00,4
17/10/2022,ZABR,"546,000,000.00",7.00,7
17/10/2022,MAFS,"50,000,000.00",2.47,2.47
17/10/2022,ZMBF,"300,579,610.00",2.60,2.59
17/10/2022,SCBL,"1,666,980,000.00",1.33,1.33
17/10/2022,ZSUG,"316,571,385.40",18.00,18
17/10/2022,ZMRE,"45,000,000.00",2.80,2.8
17/10/2022,AECI,"20,406,600.00",45.00,45
17/10/2022,BATA,"76,107,600.00",2.59,2.59
17/10/2022,CHIL,"200,039,904.00",13.37,13.37
19/10/2022,REIZ,"56,460,198.00",1.63,1.63
19/10/2022,ZMFA,"27,090,100.00",4.78,4.78
19/10/2022,ZNCO,"1,443,750,041.28",2.60,2.6
19/10/2022,ZCCM,"160,800,286.00",37.98,37.98
19/10/2022,ZFCO,"400,000,000.00",2.50,2.5
19/10/2022,BATZ,"212,456,304.00",1.90,1.9
19/10/2022,NATB,"63,000,000.00",4.10,4.1
19/10/2022,PUMA,"500,000,000.00",1.61,1.61
19/10/2022,SHOP,"2,700,000.00",64.00,64
19/10/2022,CCAF,"1,625,000,597.00",0.70,0.7
19/10/2022,PMDZ,"100,000,000.00",0.71,0.71
19/10/2022,ATEL,"104,000,000.00",17.25,17.25
19/10/2022,CECZ,"1,625,000,597.00",4.00,4
19/10/2022,ZABR,"546,000,000.00",7.00,7
19/10/2022,MAFS,"50,000,000.00",2.47,2.47
19/10/2022,ZMBF,"300,579,610.00",2.60,2.6
19/10/2022,SCBL,"1,666,980,000.00",1.33,1.33
19/10/2022,ZSUG,"316,571,385.40",18.00,18
19/10/2022,ZMRE,"45,000,000.00",2.80,2.8
19/10/2022,AECI,"20,406,600.00",45.00,45
19/10/2022,BATA,"76,107,600.00",2.59,2.59
19/10/2022,CHIL,"200,039,904.00",13.37,13.37
20/10/2022,REIZ,"56,460,198.00",1.63,1.63
20/10/2022,ZMFA,"27,090,100.00",4.78,4.78
20/10/2022,ZNCO,"1,443,750,041.28",2.60,2.6
20/10/2022,ZCCM,"160,800,286.00",37.98,37.98
20/10/2022,ZFCO,"400,000,000.00",2.50,2.5
20/10/2022,BATZ,"212,456,304.00",1.90,1.9
20/10/2022,NATB,"63,000,000.00",4.10,4.1
20/10/2022,PUMA,"500,000,000.00",1.61,1.61
20/10/2022,SHOP,"2,700,000.00",64.00,64
20/10/2022,CCAF,"1,625,000,597.00",0.70,0.7
20/10/2022,PMDZ,"100,000,000.00",0.71,0.71
20/10/2022,ATEL,"104,000,000.00",17.25,17.25
20/10/2022,CECZ,"1,625,000,597.00",4.00,4
20/10/2022,ZABR,"546,000,000.00",7.00,7
20/10/2022,MAFS,"50,000,000.00",2.47,2.47
20/10/2022,ZMBF,"300,579,610.00",2.60,2.6
20/10/2022,SCBL,"1,666,980,000.00",1.33,1.33
20/10/2022,ZSUG,"316,571,385.40",18.00,18
20/10/2022,ZMRE,"45,000,000.00",2.80,2.8
20/10/2022,AECI,"20,406,600.00",45.00,45
20/10/2022,BATA,"76,107,600.00",2.59,2.59
20/10/2022,CHIL,"200,039,904.00",13.37,13.37
21/10/2022,REIZ,"56,460,198.00",1.63,1.63
21/10/2022,ZMFA,"27,090,100.00",4.78,4.78
21/10/2022,ZNCO,"1,443,750,041.28",2.60,2.6
21/10/2022,ZCCM,"160,800,286.00",37.98,37.98
21/10/2022,ZFCO,"400,000,000.00",2.50,2.5
21/10/2022,BATZ,"212,456,304.00",1.90,1.9
21/10/2022,NATB,"63,000,000.00",4.10,4.1
21/10/2022,PUMA,"500,000,000.00",1.61,1.61
21/10/2022,SHOP,"2,700,000.00",64.00,64
21/10/2022,CCAF,"1,625,000,597.00",0.70,0.7
21/10/2022,PMDZ,"100,000,000.00",0.71,0.71
21/10/2022,ATEL,"104,000,000.00",17.25,17.25
21/10/2022,CECZ,"1,625,000,597.00",4.00,4
21/10/2022,ZABR,"546,000,000.00",7.00,7
21/10/2022,MAFS,"50,000,000.00",2.47,2.47
21/10/2022,ZMBF,"300,579,610.00",2.60,2.6
21/10/2022,SCBL,"1,666,980,000.00",1.33,1.33
21/10/2022,ZSUG,"316,571,385.40",18.00,18
21/10/2022,ZMRE,"45,000,000.00",2.80,2.8
21/10/2022,AECI,"20,406,600.00",45.00,45
21/10/2022,BATA,"76,107,600.00",2.59,2.59
21/10/2022,CHIL,"200,039,904.00",13.37,13.37
25/10/2022,REIZ,"56,460,198.00",1.63,1.63
25/10/2022,ZMFA,"27,090,100.00",4.78,4.78
25/10/2022,ZNCO,"1,443,750,041.28",2.60,2.6
25/10/2022,ZCCM,"160,800,286.00",37.98,37.98
25/10/2022,ZFCO,"400,000,000.00",2.50,2.5
25/10/2022,BATZ,"212,456,304.00",1.90,1.9
25/10/2022,NATB,"63,000,000.00",4.10,4.1
25/10/2022,PUMA,"500,000,000.00",1.61,1.61
25/10/2022,SHOP,"2,700,000.00",64.00,64
25/10/2022,CCAF,"1,625,000,597.00",0.70,0.7
25/10/2022,PMDZ,"100,000,000.00",0.71,0.71
25/10/2022,ATEL,"104,000,000.00",17.25,17.25
25/10/2022,CECZ,"1,625,000,597.00",4.00,4
25/10/2022,ZABR,"546,000,000.00",7.00,7
25/10/2022,MAFS,"50,000,000.00",2.47,2.47
25/10/2022,ZMBF,"300,579,610.00",2.60,2.6
25/10/2022,SCBL,"1,666,980,000.00",1.33,1.33
25/10/2022,ZSUG,"316,571,385.40",18.00,18
25/10/2022,ZMRE,"45,000,000.00",2.80,2.8
25/10/2022,AECI,"20,406,600.00",45.00,45
25/10/2022,BATA,"76,107,600.00",2.59,2.59
25/10/2022,CHIL,"200,039,904.00",13.37,13.37
26/10/2022,REIZ,"56,460,198.00",1.63,1.63
26/10/2022,ZMFA,"27,090,100.00",4.78,4.78
26/10/2022,ZNCO,"1,443,750,041.28",2.60,2.6
26/10/2022,ZCCM,"160,800,286.00",37.98,37.98
26/10/2022,ZFCO,"400,000,000.00",2.50,2.5
26/10/2022,BATZ,"212,456,304.00",1.90,1.9
26/10/2022,NATB,"63,000,000.00",4.10,4.1
26/10/2022,PUMA,"500,000,000.00",1.61,1.61
26/10/2022,SHOP,"2,700,000.00",64.00,64
26/10/2022,CCAF,"1,625,000,597.00",0.70,0.7
26/10/2022,PMDZ,"100,000,000.00",0.71,0.71
26/10/2022,ATEL,"104,000,000.00",17.25,17.25
26/10/2022,CECZ,"1,625,000,597.00",4.00,4
26/10/2022,ZABR,"546,000,000.00",7.00,7
26/10/2022,MAFS,"50,000,000.00",2.47,2.47
26/10/2022,ZMBF,"300,579,610.00",2.60,2.6
26/10/2022,SCBL,"1,666,980,000.00",1.33,1.33
26/10/2022,ZSUG,"316,571,385.40",18.00,18
26/10/2022,ZMRE,"45,000,000.00",2.80,2.8
26/10/2022,AECI,"20,406,600.00",45.00,45
26/10/2022,BATA,"76,107,600.00",2.59,2.59
26/10/2022,CHIL,"200,039,904.00",13.37,13.37
27/10/2022,REIZ,"56,460,198.00",1.63,1.63
27/10/2022,ZMFA,"27,090,100.00",4.78,4.78
27/10/2022,ZNCO,"1,443,750,041.28",2.60,2.6
27/10/2022,ZCCM,"160,800,286.00",37.98,37.98
27/10/2022,ZFCO,"400,000,000.00",2.50,2.5
27/10/2022,BATZ,"212,456,304.00",1.90,1.9
27/10/2022,NATB,"63,000,000.00",4.10,4.1
27/10/2022,PUMA,"500,000,000.00",1.61,1.61
27/10/2022,SHOP,"2,700,000.00",64.00,64
27/10/2022,CCAF,"1,625,000,597.00",0.70,0.7
27/10/2022,PMDZ,"100,000,000.00",0.71,0.71
27/10/2022,ATEL,"104,000,000.00",17.25,17.25
27/10/2022,CECZ,"1,625,000,597.00",4.00,4
27/10/2022,ZABR,"546,000,000.00",7.00,7
27/10/2022,MAFS,"50,000,000.00",2.47,2.47
27/10/2022,ZMBF,"300,579,610.00",2.60,2.6
27/10/2022,SCBL,"1,666,980,000.00",1.33,1.33
27/10/2022,ZSUG,"316,571,385.40",18.00,18
27/10/2022,ZMRE,"45,000,000.00",2.80,2.8
27/10/2022,AECI,"20,406,600.00",45.00,45
27/10/2022,BATA,"76,107,600.00",2.59,2.59
27/10/2022,CHIL,"200,039,904.00",13.37,13.37
28/10/2022,REIZ,"56,460,198.00",1.63,1.63
28/10/2022,ZMFA,"27,090,100.00",4.78,4.78
28/10/2022,ZNCO,"1,443,750,041.28",2.60,2.6
28/10/2022,ZCCM,"160,800,286.00",37.98,37.98
28/10/2022,ZFCO,"400,000,000.00",2.50,2.5
28/10/2022,BATZ,"212,456,304.00",1.90,1.9
28/10/2022,NATB,"63,000,000.00",4.10,4.1
28/10/2022,PUMA,"500,000,000.00",1.61,1.61
28/10/2022,SHOP,"2,700,000.00",64.00,64
28/10/2022,CCAF,"1,625,000,597.00",0.70,0.7
28/10/2022,PMDZ,"100,000,000.00",0.71,0.71
28/10/2022,ATEL,"104,000,000.00",17.25,17.25
28/10/2022,CECZ,"1,625,000,597.00",4.00,4
28/10/2022,ZABR,"546,000,000.00",7.00,7
28/10/2022,MAFS,"50,000,000.00",2.47,2.47
28/10/2022,ZMBF,"300,579,610.00",2.60,2.6
28/10/2022,SCBL,"1,666,980,000.00",1.33,1.33
28/10/2022,ZSUG,"316,571,385.40",18.00,18
28/10/2022,ZMRE,"45,000,000.00",2.80,2.8
28/10/2022,AECI,"20,406,600.00",45.00,45
28/10/2022,BATA,"76,107,600.00",2.59,2.58
28/10/2022,CHIL,"200,039,904.00",13.37,13.37
31/10/2022,REIZ,"56,460,198.00",1.63,1.63
31/10/2022,ZMFA,"27,090,100.00",4.78,4.78
31/10/2022,ZNCO,"1,443,750,041.28",2.60,2.6
31/10/2022,ZCCM,"160,800,286.00",37.98,37.98
31/10/2022,ZFCO,"400,000,000.00",2.50,2.5
31/10/2022,BATZ,"212,456,304.00",1.90,1.9
31/10/2022,NATB,"63,000,000.00",4.10,4.1
31/10/2022,PUMA,"500,000,000.00",1.61,1.61
31/10/2022,SHOP,"2,700,000.00",64.00,64
31/10/2022,CCAF,"1,625,000,597.00",0.70,0.7
31/10/2022,PMDZ,"100,000,000.00",0.71,0.71
31/10/2022,ATEL,"104,000,000.00",17.25,17.25
31/10/2022,CECZ,"1,625,000,597.00",4.00,4
31/10/2022,ZABR,"546,000,000.00",7.00,7
31/10/2022,MAFS,"50,000,000.00",2.47,2.47
31/10/2022,ZMBF,"300,579,610.00",2.60,2.6
31/10/2022,SCBL,"1,666,980,000.00",1.33,1.33
31/10/2022,ZSUG,"316,571,385.40",18.00,18
31/10/2022,ZMRE,"45,000,000.00",2.80,2.8
31/10/2022,AECI,"20,406,600.00",45.00,45
31/10/2022,BATA,"76,107,600.00",2.58,2.58
31/10/2022,CHIL,"200,039,904.00",13.37,13.37
01/11/2022,REIZ,"56,460,198.00",1.63,1.63
01/11/2022,ZMFA,"27,090,100.00",4.78,4.78
01/11/2022,ZNCO,"1,443,750,041.28",2.59,2.6
01/11/2022,ZCCM,"160,800,286.00",37.98,37.98
01/11/2022,ZFCO,"400,000,000.00",2.50,2.5
01/11/2022,BATZ,"212,456,304.00",1.90,1.9
01/11/2022,NATB,"63,000,000.00",4.10,4.1
01/11/2022,PUMA,"500,000,000.00",1.61,1.61
01/11/2022,SHOP,"2,700,000.00",64.00,64
01/11/2022,CCAF,"1,625,000,597.00",0.70,0.7
01/11/2022,PMDZ,"100,000,000.00",0.71,0.71
01/11/2022,ATEL,"104,000,000.00",17.25,17.25
01/11/2022,CECZ,"1,625,000,597.00",4.00,4
01/11/2022,ZABR,"546,000,000.00",7.00,7
01/11/2022,MAFS,"50,000,000.00",2.47,2.47
01/11/2022,ZMBF,"300,579,610.00",2.60,2.6
01/11/2022,SCBL,"1,666,980,000.00",1.33,1.33
01/11/2022,ZSUG,"316,571,385.40",18.00,18
01/11/2022,ZMRE,"45,000,000.00",2.80,2.8
01/11/2022,AECI,"20,406,600.00",45.00,45
01/11/2022,BATA,"76,107,600.00",2.58,2.58
01/11/2022,CHIL,"200,039,904.00",13.37,13.37
02/11/2022,REIZ,"56,460,198.00",1.63,1.63
02/11/2022,ZMFA,"27,090,100.00",4.78,4.78
02/11/2022,ZNCO,"1,443,750,041.28",2.60,2.6
02/11/2022,ZCCM,"160,800,286.00",37.98,37.98
02/11/2022,ZFCO,"400,000,000.00",2.50,2.5
02/11/2022,BATZ,"212,456,304.00",1.90,1.9
02/11/2022,NATB,"63,000,000.00",4.10,4.1
02/11/2022,PUMA,"500,000,000.00",1.61,1.61
02/11/2022,SHOP,"2,700,000.00",64.00,64
02/11/2022,CCAF,"1,625,000,597.00",0.70,0.7
02/11/2022,PMDZ,"100,000,000.00",0.71,0.71
02/11/2022,ATEL,"104,000,000.00",17.25,17.25
02/11/2022,CECZ,"1,625,000,597.00",4.00,4
02/11/2022,ZABR,"546,000,000.00",7.00,7
02/11/2022,MAFS,"50,000,000.00",2.47,2.47
02/11/2022,ZMBF,"300,579,610.00",2.60,2.6
02/11/2022,SCBL,"1,666,980,000.00",1.33,1.33
02/11/2022,ZSUG,"316,571,385.40",18.00,18
02/11/2022,ZMRE,"45,000,000.00",2.80,2.8
02/11/2022,AECI,"20,406,600.00",45.00,45
02/11/2022,BATA,"76,107,600.00",2.58,2.58
02/11/2022,CHIL,"200,039,904.00",13.37,13.37
03/11/2022,REIZ,"56,460,198.00",1.63,1.63
03/11/2022,ZMFA,"27,090,100.00",4.78,4.78
03/11/2022,ZNCO,"1,443,750,041.28",2.60,2.6
03/11/2022,ZCCM,"160,800,286.00",37.98,37.98
03/11/2022,ZFCO,"400,000,000.00",2.50,2.5
03/11/2022,BATZ,"212,456,304.00",1.90,1.9
03/11/2022,NATB,"63,000,000.00",4.10,4.1
03/11/2022,PUMA,"500,000,000.00",1.61,1.61
03/11/2022,SHOP,"2,700,000.00",64.00,64
03/11/2022,CCAF,"1,625,000,597.00",0.70,0.7
03/11/2022,PMDZ,"100,000,000.00",0.71,0.71
03/11/2022,ATEL,"104,000,000.00",17.25,17.25
03/11/2022,CECZ,"1,625,000,597.00",4.00,4
03/11/2022,ZABR,"546,000,000.00",7.00,7
03/11/2022,MAFS,"50,000,000.00",2.47,2.47
03/11/2022,ZMBF,"300,579,610.00",2.60,2.6
03/11/2022,SCBL,"1,666,980,000.00",1.33,1.33
03/11/2022,ZSUG,"316,571,385.40",18.00,18
03/11/2022,ZMRE,"45,000,000.00",2.80,2.8
03/11/2022,AECI,"20,406,600.00",45.00,45
03/11/2022,BATA,"76,107,600.00",2.58,2.58
03/11/2022,CHIL,"200,039,904.00",13.37,13.37
04/11/2022,REIZ,"56,460,198.00",1.63,1.63
04/11/2022,ZMFA,"27,090,100.00",4.78,4.78
04/11/2022,ZNCO,"1,443,750,041.28",2.60,2.6
04/11/2022,ZCCM,"160,800,286.00",37.98,37.98
04/11/2022,ZFCO,"400,000,000.00",2.50,2.5
04/11/2022,BATZ,"212,456,304.00",1.90,1.9
04/11/2022,NATB,"63,000,000.00",4.10,4.1
04/11/2022,PUMA,"500,000,000.00",1.61,1.61
04/11/2022,SHOP,"2,700,000.00",64.00,64
04/11/2022,CCAF,"1,625,000,597.00",0.70,0.7
04/11/2022,PMDZ,"100,000,000.00",0.71,0.71
04/11/2022,ATEL,"104,000,000.00",17.25,17.25
04/11/2022,CECZ,"1,625,000,597.00",4.00,4
04/11/2022,ZABR,"546,000,000.00",7.00,7
04/11/2022,MAFS,"50,000,000.00",2.47,2.47
04/11/2022,ZMBF,"300,579,610.00",2.60,2.6
04/11/2022,SCBL,"1,666,980,000.00",1.33,1.33
04/11/2022,ZSUG,"316,571,385.40",18.00,18
04/11/2022,ZMRE,"45,000,000.00",2.80,2.8
04/11/2022,AECI,"20,406,600.00",45.00,45
04/11/2022,BATA,"76,107,600.00",2.58,2.58
04/11/2022,CHIL,"200,039,904.00",13.37,13.37
07/11/2022,REIZ,"56,460,198.00",1.63,1.63
07/11/2022,ZMFA,"27,090,100.00",4.78,4.78
07/11/2022,ZNCO,"1,443,750,041.28",2.60,2.6
07/11/2022,ZCCM,"160,800,286.00",37.98,37.98
07/11/2022,ZFCO,"400,000,000.00",2.50,2.5
07/11/2022,BATZ,"212,456,304.00",1.90,1.9
07/11/2022,NATB,"63,000,000.00",4.10,4.1
07/11/2022,PUMA,"500,000,000.00",1.61,1.61
07/11/2022,SHOP,"2,700,000.00",64.00,64
07/11/2022,CCAF,"1,625,000,597.00",0.70,0.7
07/11/2022,PMDZ,"100,000,000.00",0.71,0.71
07/11/2022,ATEL,"104,000,000.00",17.25,17.25
07/11/2022,CECZ,"1,625,000,597.00",4.00,4
07/11/2022,ZABR,"546,000,000.00",7.00,7
07/11/2022,MAFS,"50,000,000.00",2.47,2.47
07/11/2022,ZMBF,"300,579,610.00",2.60,2.6
07/11/2022,SCBL,"1,666,980,000.00",1.33,1.33
07/11/2022,ZSUG,"316,571,385.40",18.00,18
07/11/2022,ZMRE,"45,000,000.00",2.80,2.8
07/11/2022,AECI,"20,406,600.00",45.00,45
07/11/2022,BATA,"76,107,600.00",2.58,2.58
07/11/2022,CHIL,"200,039,904.00",13.37,13.37
08/11/2022,REIZ,"56,460,198.00",1.63,1.63
08/11/2022,ZMFA,"27,090,100.00",4.78,4.78
08/11/2022,ZNCO,"1,443,750,041.28",2.60,2.6
08/11/2022,ZCCM,"160,800,286.00",37.98,37.98
08/11/2022,ZFCO,"400,000,000.00",2.50,2.5
08/11/2022,BATZ,"212,456,304.00",1.90,1.9
08/11/2022,NATB,"63,000,000.00",4.10,4.1
08/11/2022,PUMA,"500,000,000.00",1.61,1.61
08/11/2022,SHOP,"2,700,000.00",64.00,64
08/11/2022,CCAF,"1,625,000,597.00",0.70,0.7
08/11/2022,PMDZ,"100,000,000.00",0.71,0.71
08/11/2022,ATEL,"104,000,000.00",17.25,17.25
08/11/2022,CECZ,"1,625,000,597.00",4.00,4
08/11/2022,ZABR,"546,000,000.00",7.00,7
08/11/2022,MAFS,"50,000,000.00",2.47,2.47
08/11/2022,ZMBF,"300,579,610.00",2.60,2.6
08/11/2022,SCBL,"1,666,980,000.00",1.33,1.33
08/11/2022,ZSUG,"316,571,385.40",18.00,18
08/11/2022,ZMRE,"45,000,000.00",2.80,2.8
08/11/2022,AECI,"20,406,600.00",45.00,42
08/11/2022,BATA,"76,107,600.00",2.58,2.58
08/11/2022,CHIL,"200,039,904.00",13.37,13.37
09/11/2022,REIZ,"56,460,198.00",1.63,1.63
09/11/2022,ZMFA,"27,090,100.00",4.78,4.78
09/11/2022,ZNCO,"1,443,750,041.28",2.60,2.6
09/11/2022,ZCCM,"160,800,286.00",37.98,37.98
09/11/2022,ZFCO,"400,000,000.00",2.50,2.5
09/11/2022,BATZ,"212,456,304.00",1.90,1.9
09/11/2022,NATB,"63,000,000.00",4.10,4.1
09/11/2022,PUMA,"500,000,000.00",1.61,1.61
09/11/2022,SHOP,"2,700,000.00",64.00,64
09/11/2022,CCAF,"1,625,000,597.00",0.70,0.7
09/11/2022,PMDZ,"100,000,000.00",0.71,0.71
09/11/2022,ATEL,"104,000,000.00",17.25,17.25
09/11/2022,CECZ,"1,625,000,597.00",4.00,4
09/11/2022,ZABR,"546,000,000.00",7.00,7
09/11/2022,MAFS,"50,000,000.00",2.47,2.47
09/11/2022,ZMBF,"300,579,610.00",2.60,2.6
09/11/2022,SCBL,"1,666,980,000.00",1.33,1.2
09/11/2022,ZSUG,"316,571,385.40",18.00,18
09/11/2022,ZMRE,"45,000,000.00",2.80,2.8
09/11/2022,AECI,"20,406,600.00",42.00,42
09/11/2022,BATA,"76,107,600.00",2.58,2.58
09/11/2022,CHIL,"200,039,904.00",13.37,13.37
10/11/2022,REIZ,"56,460,198.00",1.63,1.63
10/11/2022,ZMFA,"27,090,100.00",4.78,4.78
10/11/2022,ZNCO,"1,443,750,041.28",2.60,2.6
10/11/2022,ZCCM,"160,800,286.00",37.98,37.98
10/11/2022,ZFCO,"400,000,000.00",2.50,2.5
10/11/2022,BATZ,"212,456,304.00",1.90,1.9
10/11/2022,NATB,"63,000,000.00",4.10,4.1
10/11/2022,PUMA,"500,000,000.00",1.61,1.61
10/11/2022,SHOP,"2,700,000.00",64.00,64
10/11/2022,CCAF,"1,625,000,597.00",0.70,0.7
10/11/2022,PMDZ,"100,000,000.00",0.71,0.71
10/11/2022,ATEL,"104,000,000.00",17.25,17.25
10/11/2022,CECZ,"1,625,000,597.00",4.00,4
10/11/2022,ZABR,"546,000,000.00",7.00,7
10/11/2022,MAFS,"50,000,000.00",2.47,2.47
10/11/2022,ZMBF,"300,579,610.00",2.60,2.6
10/11/2022,SCBL,"1,666,980,000.00",1.23,1.33
10/11/2022,ZSUG,"316,571,385.40",18.00,18
10/11/2022,ZMRE,"45,000,000.00",2.80,2.8
10/11/2022,AECI,"20,406,600.00",42.00,42
10/11/2022,BATA,"76,107,600.00",2.58,2.58
10/11/2022,CHIL,"200,039,904.00",13.37,13.37
11/11/2022,REIZ,"56,460,198.00",1.63,1.63
11/11/2022,ZMFA,"27,090,100.00",4.78,4.78
11/11/2022,ZNCO,"1,443,750,041.28",2.60,2.6
11/11/2022,ZCCM,"160,800,286.00",37.98,37.98
11/11/2022,ZFCO,"400,000,000.00",2.50,2.5
11/11/2022,BATZ,"212,456,304.00",1.90,1.9
11/11/2022,NATB,"63,000,000.00",4.10,4.1
11/11/2022,PUMA,"500,000,000.00",1.61,1.61
11/11/2022,SHOP,"2,700,000.00",64.00,64
11/11/2022,CCAF,"1,625,000,597.00",0.70,0.7
11/11/2022,PMDZ,"100,000,000.00",0.71,0.71
11/11/2022,ATEL,"104,000,000.00",17.25,17.25
11/11/2022,CECZ,"1,625,000,597.00",4.00,4
11/11/2022,ZABR,"546,000,000.00",7.00,7
11/11/2022,MAFS,"50,000,000.00",2.47,2.47
11/11/2022,ZMBF,"300,579,610.00",2.60,2.59
11/11/2022,SCBL,"1,666,980,000.00",1.33,1.33
11/11/2022,ZSUG,"316,571,385.40",18.00,18
11/11/2022,ZMRE,"45,000,000.00",2.80,2.8
11/11/2022,AECI,"20,406,600.00",42.00,42
11/11/2022,BATA,"76,107,600.00",2.58,2.58
11/11/2022,CHIL,"200,039,904.00",13.37,13.37
14/11/2022,REIZ,"56,460,198.00",1.63,1.63
14/11/2022,ZMFA,"27,090,100.00",4.78,4.78
14/11/2022,ZNCO,"1,443,750,041.28",2.60,3.2
14/11/2022,ZCCM,"160,800,286.00",37.98,37.98
14/11/2022,ZFCO,"400,000,000.00",2.50,2.5
14/11/2022,BATZ,"212,456,304.00",1.90,1.9
14/11/2022,NATB,"63,000,000.00",4.10,4.1
14/11/2022,PUMA,"500,000,000.00",1.61,1.61
14/11/2022,SHOP,"2,700,000.00",64.00,64
14/11/2022,CCAF,"1,625,000,597.00",0.70,0.7
14/11/2022,PMDZ,"100,000,000.00",0.71,0.71
14/11/2022,ATEL,"104,000,000.00",17.25,17.25
14/11/2022,CECZ,"1,625,000,597.00",4.00,4
14/11/2022,ZABR,"546,000,000.00",7.00,7
14/11/2022,MAFS,"50,000,000.00",2.47,2.47
14/11/2022,ZMBF,"300,579,610.00",2.59,2.59
14/11/2022,SCBL,"1,666,980,000.00",1.33,1.33
14/11/2022,ZSUG,"316,571,385.40",18.00,18
14/11/2022,ZMRE,"45,000,000.00",2.80,2.8
14/11/2022,AECI,"20,406,600.00",42.00,42
14/11/2022,BATA,"76,107,600.00",2.58,2.58
14/11/2022,CHIL,"200,039,904.00",13.37,13.37
15/11/2022,REIZ,"56,460,198.00",1.63,1.63
15/11/2022,ZMFA,"27,090,100.00",4.78,4.78
15/11/2022,ZNCO,"1,443,750,041.28",2.70,2.7
15/11/2022,ZCCM,"160,800,286.00",37.98,37.98
15/11/2022,ZFCO,"400,000,000.00",2.50,2.5
15/11/2022,BATZ,"212,456,304.00",1.90,1.9
15/11/2022,NATB,"63,000,000.00",4.10,4.1
15/11/2022,PUMA,"500,000,000.00",1.61,1.61
15/11/2022,SHOP,"2,700,000.00",64.00,64
15/11/2022,CCAF,"1,625,000,597.00",0.70,0.7
15/11/2022,PMDZ,"100,000,000.00",0.71,0.71
15/11/2022,ATEL,"104,000,000.00",17.25,17.25
15/11/2022,CECZ,"1,625,000,597.00",4.00,4
15/11/2022,ZABR,"546,000,000.00",7.00,7
15/11/2022,MAFS,"50,000,000.00",2.47,2.47
15/11/2022,ZMBF,"300,579,610.00",2.59,2.59
15/11/2022,SCBL,"1,666,980,000.00",1.33,1.33
15/11/2022,ZSUG,"316,571,385.40",18.00,18
15/11/2022,ZMRE,"45,000,000.00",2.80,2.8
15/11/2022,AECI,"20,406,600.00",42.00,42
15/11/2022,BATA,"76,107,600.00",2.58,2.58
15/11/2022,CHIL,"200,039,904.00",13.37,13.37
16/11/2022,REIZ,"56,460,198.00",1.63,1.63
16/11/2022,ZMFA,"27,090,100.00",4.78,4.78
16/11/2022,ZNCO,"1,443,750,041.28",2.70,2.7
16/11/2022,ZCCM,"160,800,286.00",37.98,37.98
16/11/2022,ZFCO,"400,000,000.00",2.50,2.5
16/11/2022,BATZ,"212,456,304.00",1.90,1.9
16/11/2022,NATB,"63,000,000.00",4.10,4.1
16/11/2022,PUMA,"500,000,000.00",1.61,1.61
16/11/2022,SHOP,"2,700,000.00",64.00,64
16/11/2022,CCAF,"1,625,000,597.00",0.70,0.69
16/11/2022,PMDZ,"100,000,000.00",0.71,0.71
16/11/2022,ATEL,"104,000,000.00",17.25,17.25
16/11/2022,CECZ,"1,625,000,597.00",4.00,4
16/11/2022,ZABR,"546,000,000.00",7.00,7
16/11/2022,MAFS,"50,000,000.00",2.47,2.47
16/11/2022,ZMBF,"300,579,610.00",2.59,2.59
16/11/2022,SCBL,"1,666,980,000.00",1.33,1.33
16/11/2022,ZSUG,"316,571,385.40",18.00,18
16/11/2022,ZMRE,"45,000,000.00",2.80,2.8
16/11/2022,AECI,"20,406,600.00",42.00,42
16/11/2022,BATA,"76,107,600.00",2.58,2.58
16/11/2022,CHIL,"200,039,904.00",13.37,13.37
17/11/2022,REIZ,"56,460,198.00",1.63,1.63
17/11/2022,ZMFA,"27,090,100.00",4.78,4.78
17/11/2022,ZNCO,"1,443,750,041.28",2.70,2.7
17/11/2022,ZCCM,"160,800,286.00",37.98,37.98
17/11/2022,ZFCO,"400,000,000.00",2.50,2.5
17/11/2022,BATZ,"212,456,304.00",1.90,1.9
17/11/2022,NATB,"63,000,000.00",4.10,4.1
17/11/2022,PUMA,"500,000,000.00",1.61,1.65
17/11/2022,SHOP,"2,700,000.00",64.00,64
17/11/2022,CCAF,"1,625,000,597.00",0.69,0.69
17/11/2022,PMDZ,"100,000,000.00",0.71,0.71
17/11/2022,ATEL,"104,000,000.00",17.25,17.25
17/11/2022,CECZ,"1,625,000,597.00",4.00,4
17/11/2022,ZABR,"546,000,000.00",7.00,7
17/11/2022,MAFS,"50,000,000.00",2.47,2.47
17/11/2022,ZMBF,"300,579,610.00",2.59,2.59
17/11/2022,SCBL,"1,666,980,000.00",1.33,1.33
17/11/2022,ZSUG,"316,571,385.40",18.00,18
17/11/2022,ZMRE,"45,000,000.00",2.80,2.8
17/11/2022,AECI,"20,406,600.00",42.00,42
17/11/2022,BATA,"76,107,600.00",2.58,2.58
17/11/2022,CHIL,"200,039,904.00",13.37,13.37
18/11/2022,REIZ,"56,460,198.00",1.63,1.63
18/11/2022,ZMFA,"27,090,100.00",4.78,4.78
18/11/2022,ZNCO,"1,443,750,041.28",2.70,2.7
18/11/2022,ZCCM,"160,800,286.00",37.98,37.98
18/11/2022,ZFCO,"400,000,000.00",2.50,2.5
18/11/2022,BATZ,"212,456,304.00",1.90,1.9
18/11/2022,NATB,"63,000,000.00",4.10,4.1
18/11/2022,PUMA,"500,000,000.00",1.64,1.64
18/11/2022,SHOP,"2,700,000.00",64.00,64
18/11/2022,CCAF,"1,625,000,597.00",0.69,0.69
18/11/2022,PMDZ,"100,000,000.00",0.71,0.71
18/11/2022,ATEL,"104,000,000.00",17.25,17.25
18/11/2022,CECZ,"1,625,000,597.00",4.00,4
18/11/2022,ZABR,"546,000,000.00",7.00,7
18/11/2022,MAFS,"50,000,000.00",2.47,2.47
18/11/2022,ZMBF,"300,579,610.00",2.59,2.59
18/11/2022,SCBL,"1,666,980,000.00",1.33,1.1
18/11/2022,ZSUG,"316,571,385.40",18.00,18
18/11/2022,ZMRE,"45,000,000.00",2.80,2.8
18/11/2022,AECI,"20,406,600.00",42.00,42
18/11/2022,BATA,"76,107,600.00",2.58,2.58
18/11/2022,CHIL,"200,039,904.00",13.37,13.37
21/11/2022,REIZ,"56,460,198.00",1.63,1.63
21/11/2022,ZMFA,"27,090,100.00",4.78,4.78
21/11/2022,ZNCO,"1,443,750,041.28",2.70,2.7
21/11/2022,ZCCM,"160,800,286.00",37.98,37.98
21/11/2022,ZFCO,"400,000,000.00",2.50,2.5
21/11/2022,BATZ,"212,456,304.00",1.90,1.9
21/11/2022,NATB,"63,000,000.00",4.10,4.1
21/11/2022,PUMA,"500,000,000.00",1.64,1.64
21/11/2022,SHOP,"2,700,000.00",64.00,64
21/11/2022,CCAF,"1,625,000,597.00",0.69,0.69
21/11/2022,PMDZ,"100,000,000.00",0.71,0.71
21/11/2022,ATEL,"104,000,000.00",17.25,17.25
21/11/2022,CECZ,"1,625,000,597.00",4.00,4
21/11/2022,ZABR,"546,000,000.00",7.00,7
21/11/2022,MAFS,"50,000,000.00",2.47,2.47
21/11/2022,ZMBF,"300,579,610.00",2.59,2.59
21/11/2022,SCBL,"1,666,980,000.00",1.11,1.1
21/11/2022,ZSUG,"316,571,385.40",18.00,18
21/11/2022,ZMRE,"45,000,000.00",2.80,2.8
21/11/2022,AECI,"20,406,600.00",42.00,42
21/11/2022,BATA,"76,107,600.00",2.58,2.58
21/11/2022,CHIL,"200,039,904.00",13.37,13.38
22/11/2022,REIZ,"56,460,198.00",1.63,1.63
22/11/2022,ZMFA,"27,090,100.00",4.78,4.78
22/11/2022,ZNCO,"1,443,750,041.28",2.69,2.7
22/11/2022,ZCCM,"160,800,286.00",37.98,37.98
22/11/2022,ZFCO,"400,000,000.00",2.50,2.5
22/11/2022,BATZ,"212,456,304.00",1.90,1.9
22/11/2022,NATB,"63,000,000.00",4.10,4.1
22/11/2022,PUMA,"500,000,000.00",1.64,1.64
22/11/2022,SHOP,"2,700,000.00",64.00,64
22/11/2022,CCAF,"1,625,000,597.00",0.69,0.69
22/11/2022,PMDZ,"100,000,000.00",0.71,0.71
22/11/2022,ATEL,"104,000,000.00",17.25,17.25
22/11/2022,CECZ,"1,625,000,597.00",4.00,4
22/11/2022,ZABR,"546,000,000.00",7.00,7
22/11/2022,MAFS,"50,000,000.00",2.47,2.47
22/11/2022,ZMBF,"300,579,610.00",2.59,2.59
22/11/2022,SCBL,"1,666,980,000.00",1.10,1.1
22/11/2022,ZSUG,"316,571,385.40",18.00,18
22/11/2022,ZMRE,"45,000,000.00",2.80,2.8
22/11/2022,AECI,"20,406,600.00",42.00,42
22/11/2022,BATA,"76,107,600.00",2.58,2.58
22/11/2022,CHIL,"200,039,904.00",13.38,13.38
23/11/2022,REIZ,"56,460,198.00",1.63,1.63
23/11/2022,ZMFA,"27,090,100.00",4.78,4.78
23/11/2022,ZNCO,"1,443,750,041.28",2.70,2.7
23/11/2022,ZCCM,"160,800,286.00",37.98,37.98
23/11/2022,ZFCO,"400,000,000.00",2.50,2.5
23/11/2022,BATZ,"212,456,304.00",1.90,1.9
23/11/2022,NATB,"63,000,000.00",4.10,4.1
23/11/2022,PUMA,"500,000,000.00",1.64,1.61
23/11/2022,SHOP,"2,700,000.00",64.00,64
23/11/2022,CCAF,"1,625,000,597.00",0.68,0.68
23/11/2022,PMDZ,"100,000,000.00",0.71,0.71
23/11/2022,ATEL,"104,000,000.00",17.25,17.25
23/11/2022,CECZ,"1,625,000,597.00",4.00,4
23/11/2022,ZABR,"546,000,000.00",7.00,7
23/11/2022,MAFS,"50,000,000.00",2.47,2.47
23/11/2022,ZMBF,"300,579,610.00",2.59,2.59
23/11/2022,SCBL,"1,666,980,000.00",1.10,1.1
23/11/2022,ZSUG,"316,571,385.40",18.00,18
23/11/2022,ZMRE,"45,000,000.00",2.80,2.8
23/11/2022,AECI,"20,406,600.00",42.00,42.01
23/11/2022,BATA,"76,107,600.00",2.58,2.58
23/11/2022,CHIL,"200,039,904.00",13.38,13.39
24/11/2022,REIZ,"56,460,198.00",1.63,1.63
24/11/2022,ZMFA,"27,090,100.00",4.78,4.79
24/11/2022,ZNCO,"1,443,750,041.28",2.70,2.71
24/11/2022,ZCCM,"160,800,286.00",37.98,37.98
24/11/2022,ZFCO,"400,000,000.00",2.50,2.5
24/11/2022,BATZ,"212,456,304.00",1.90,1.9
24/11/2022,NATB,"63,000,000.00",4.10,4.1
24/11/2022,PUMA,"500,000,000.00",1.61,1.61
24/11/2022,SHOP,"2,700,000.00",64.00,64
24/11/2022,CCAF,"1,625,000,597.00",0.68,0.68
24/11/2022,PMDZ,"100,000,000.00",0.71,0.71
24/11/2022,ATEL,"104,000,000.00",17.25,17.25
24/11/2022,CECZ,"1,625,000,597.00",4.00,4
24/11/2022,ZABR,"546,000,000.00",7.00,7
24/11/2022,MAFS,"50,000,000.00",2.47,2.47
24/11/2022,ZMBF,"300,579,610.00",2.59,2.59
24/11/2022,SCBL,"1,666,980,000.00",1.10,1.1
24/11/2022,ZSUG,"316,571,385.40",18.00,18.01
24/11/2022,ZMRE,"45,000,000.00",2.80,2.8
24/11/2022,AECI,"20,406,600.00",42.01,42
24/11/2022,BATA,"76,107,600.00",2.58,2.58
24/11/2022,CHIL,"200,039,904.00",13.39,13.39
25/11/2022,REIZ,"56,460,198.00",1.63,1.63
25/11/2022,ZMFA,"27,090,100.00",4.79,4.79
25/11/2022,ZNCO,"1,443,750,041.28",2.71,2.71
25/11/2022,ZCCM,"160,800,286.00",37.98,37.98
25/11/2022,ZFCO,"400,000,000.00",2.50,2.5
25/11/2022,BATZ,"212,456,304.00",1.90,1.9
25/11/2022,NATB,"63,000,000.00",4.10,4.1
25/11/2022,PUMA,"500,000,000.00",1.61,1.61
25/11/2022,SHOP,"2,700,000.00",64.00,64
25/11/2022,CCAF,"1,625,000,597.00",0.68,0.68
25/11/2022,PMDZ,"100,000,000.00",0.71,0.71
25/11/2022,ATEL,"104,000,000.00",17.25,17.25
25/11/2022,CECZ,"1,625,000,597.00",3.99,3.99
25/11/2022,ZABR,"546,000,000.00",7.00,7
25/11/2022,MAFS,"50,000,000.00",2.47,2.47
25/11/2022,ZMBF,"300,579,610.00",2.59,2.59
25/11/2022,SCBL,"1,666,980,000.00",1.09,1.1
25/11/2022,ZSUG,"316,571,385.40",18.01,18.01
25/11/2022,ZMRE,"45,000,000.00",2.80,2.8
25/11/2022,AECI,"20,406,600.00",42.00,42
25/11/2022,BATA,"76,107,600.00",2.58,2.58
25/11/2022,CHIL,"200,039,904.00",13.39,13.39
28/11/2022,REIZ,"56,460,198.00",1.63,1.63
28/11/2022,ZMFA,"27,090,100.00",4.79,4.79
28/11/2022,ZNCO,"1,443,750,041.28",2.71,2.7
28/11/2022,ZCCM,"160,800,286.00",37.98,37.98
28/11/2022,ZFCO,"400,000,000.00",2.50,2.5
28/11/2022,BATZ,"212,456,304.00",1.90,1.9
28/11/2022,NATB,"63,000,000.00",4.10,4.1
28/11/2022,PUMA,"500,000,000.00",1.61,1.61
28/11/2022,SHOP,"2,700,000.00",64.00,64
28/11/2022,CCAF,"1,625,000,597.00",0.68,0.68
28/11/2022,PMDZ,"100,000,000.00",0.71,0.71
28/11/2022,ATEL,"104,000,000.00",17.25,17.25
28/11/2022,CECZ,"1,625,000,597.00",3.99,3.8
28/11/2022,ZABR,"546,000,000.00",7.00,7
28/11/2022,MAFS,"50,000,000.00",2.47,2.47
28/11/2022,ZMBF,"300,579,610.00",2.59,2.59
28/11/2022,SCBL,"1,666,980,000.00",1.12,1.12
28/11/2022,ZSUG,"316,571,385.40",18.01,18.01
28/11/2022,ZMRE,"45,000,000.00",2.80,2.8
28/11/2022,AECI,"20,406,600.00",42.00,42
28/11/2022,BATA,"76,107,600.00",2.58,2.58
28/11/2022,CHIL,"200,039,904.00",13.39,13.39
29/11/2022,REIZ,"56,460,198.00",1.63,1.63
29/11/2022,ZMFA,"27,090,100.00",4.79,4.79
29/11/2022,ZNCO,"1,443,750,041.28",2.70,3.2
29/11/2022,ZCCM,"160,800,286.00",37.98,37.98
29/11/2022,ZFCO,"400,000,000.00",2.50,2.5
29/11/2022,BATZ,"212,456,304.00",1.90,1.9
29/11/2022,NATB,"63,000,000.00",4.10,4.1
29/11/2022,PUMA,"500,000,000.00",1.61,1.61
29/11/2022,SHOP,"2,700,000.00",64.00,64
29/11/2022,CCAF,"1,625,000,597.00",0.68,0.68
29/11/2022,PMDZ,"100,000,000.00",0.71,0.71
29/11/2022,ATEL,"104,000,000.00",17.25,17.25
29/11/2022,CECZ,"1,625,000,597.00",3.80,3.79
29/11/2022,ZABR,"546,000,000.00",7.00,7
29/11/2022,MAFS,"50,000,000.00",2.47,2.47
29/11/2022,ZMBF,"300,579,610.00",2.59,2.59
29/11/2022,SCBL,"1,666,980,000.00",1.12,1.32
29/11/2022,ZSUG,"316,571,385.40",18.01,18
29/11/2022,ZMRE,"45,000,000.00",2.80,2.8
29/11/2022,AECI,"20,406,600.00",42.00,42
29/11/2022,BATA,"76,107,600.00",2.58,2.58
29/11/2022,CHIL,"200,039,904.00",13.39,13.39
30/11/2022,REIZ,"56,460,198.00",1.63,1.63
30/11/2022,ZMFA,"27,090,100.00",4.79,4.79
30/11/2022,ZNCO,"1,443,750,041.28",3.20,3.2
30/11/2022,ZCCM,"160,800,286.00",37.98,37.98
30/11/2022,ZFCO,"400,000,000.00",2.50,2.5
30/11/2022,BATZ,"212,456,304.00",1.90,1.9
30/11/2022,NATB,"63,000,000.00",4.10,4.1
30/11/2022,PUMA,"500,000,000.00",1.61,1.61
30/11/2022,SHOP,"2,700,000.00",64.00,64
30/11/2022,CCAF,"1,625,000,597.00",0.68,0.68
30/11/2022,PMDZ,"100,000,000.00",0.71,0.71
30/11/2022,ATEL,"104,000,000.00",17.25,17.25
30/11/2022,CECZ,"1,625,000,597.00",3.80,3.78
30/11/2022,ZABR,"546,000,000.00",7.00,7
30/11/2022,MAFS,"50,000,000.00",2.47,2.47
30/11/2022,ZMBF,"300,579,610.00",2.59,2.59
30/11/2022,SCBL,"1,666,980,000.00",1.32,1.32
30/11/2022,ZSUG,"316,571,385.40",18.00,18
30/11/2022,ZMRE,"45,000,000.00",2.80,2.8
30/11/2022,AECI,"20,406,600.00",42.00,42
30/11/2022,BATA,"76,107,600.00",2.58,2.58
30/11/2022,CHIL,"200,039,904.00",13.39,13.39
01/12/2022,REIZ,"56,460,198.00",1.63,1.63
01/12/2022,ZMFA,"27,090,100.00",4.79,4.7
01/12/2022,ZNCO,"1,443,750,041.28",3.20,3.2
01/12/2022,ZCCM,"160,800,286.00",37.98,37.98
01/12/2022,ZFCO,"400,000,000.00",2.50,2.5
01/12/2022,BATZ,"212,456,304.00",1.90,1.9
01/12/2022,NATB,"63,000,000.00",4.10,4.1
01/12/2022,PUMA,"500,000,000.00",1.61,1.61
01/12/2022,SHOP,"2,700,000.00",64.00,64
01/12/2022,CCAF,"1,625,000,597.00",0.68,0.68
01/12/2022,PMDZ,"100,000,000.00",0.71,0.71
01/12/2022,ATEL,"104,000,000.00",17.25,17.25
01/12/2022,CECZ,"1,625,000,597.00",3.78,3.78
01/12/2022,ZABR,"546,000,000.00",7.00,7
01/12/2022,MAFS,"50,000,000.00",2.47,2.47
01/12/2022,ZMBF,"300,579,610.00",2.59,2.59
01/12/2022,SCBL,"1,666,980,000.00",1.17,1.12
01/12/2022,ZSUG,"316,571,385.40",18.00,18
01/12/2022,ZMRE,"45,000,000.00",2.80,2.8
01/12/2022,AECI,"20,406,600.00",42.00,42
01/12/2022,BATA,"76,107,600.00",2.58,2.57
01/12/2022,CHIL,"200,039,904.00",13.39,13.38
02/12/2022,REIZ,"56,460,198.00",1.63,1.63
02/12/2022,ZMFA,"27,090,100.00",4.70,4.7
02/12/2022,ZNCO,"1,443,750,041.28",3.20,3.2
02/12/2022,ZCCM,"160,800,286.00",37.98,37.98
02/12/2022,ZFCO,"400,000,000.00",2.50,2.5
02/12/2022,BATZ,"212,456,304.00",1.90,1.9
02/12/2022,NATB,"63,000,000.00",4.10,4.1
02/12/2022,PUMA,"500,000,000.00",1.61,1.61
02/12/2022,SHOP,"2,700,000.00",64.00,64
02/12/2022,CCAF,"1,625,000,597.00",0.68,0.68
02/12/2022,PMDZ,"100,000,000.00",0.71,0.71
02/12/2022,ATEL,"104,000,000.00",17.25,17.25
02/12/2022,CECZ,"1,625,000,597.00",3.72,3.78
02/12/2022,ZABR,"546,000,000.00",7.00,7
02/12/2022,MAFS,"50,000,000.00",2.47,2.47
02/12/2022,ZMBF,"300,579,610.00",2.59,2.59
02/12/2022,SCBL,"1,666,980,000.00",1.14,1.32
02/12/2022,ZSUG,"316,571,385.40",18.00,18
02/12/2022,ZMRE,"45,000,000.00",2.80,2.8
02/12/2022,AECI,"20,406,600.00",42.00,42
02/12/2022,BATA,"76,107,600.00",2.57,2.57
02/12/2022,CHIL,"200,039,904.00",13.38,13.38
05/12/2022,REIZ,"56,460,198.00",1.63,1.63
05/12/2022,ZMFA,"27,090,100.00",4.70,4.7
05/12/2022,ZNCO,"1,443,750,041.28",3.21,3.2
05/12/2022,ZCCM,"160,800,286.00",37.98,37.98
05/12/2022,ZFCO,"400,000,000.00",2.50,2.51
05/12/2022,BATZ,"212,456,304.00",1.90,1.9
05/12/2022,NATB,"63,000,000.00",4.10,4.1
05/12/2022,PUMA,"500,000,000.00",1.61,1.61
05/12/2022,SHOP,"2,700,000.00",64.00,64
05/12/2022,CCAF,"1,625,000,597.00",0.68,0.68
05/12/2022,PMDZ,"100,000,000.00",0.71,0.71
05/12/2022,ATEL,"104,000,000.00",17.25,17.25
05/12/2022,CECZ,"1,625,000,597.00",3.78,3.78
05/12/2022,ZABR,"546,000,000.00",7.00,7
05/12/2022,MAFS,"50,000,000.00",2.47,2.47
05/12/2022,ZMBF,"300,579,610.00",2.59,2.59
05/12/2022,SCBL,"1,666,980,000.00",1.32,1.32
05/12/2022,ZSUG,"316,571,385.40",18.00,18
05/12/2022,ZMRE,"45,000,000.00",2.80,2.8
05/12/2022,AECI,"20,406,600.00",42.00,42
05/12/2022,BATA,"76,107,600.00",2.57,2.57
05/12/2022,CHIL,"200,039,904.00",13.38,13.38
06/12/2022,REIZ,"56,460,198.00",1.63,1.63
06/12/2022,ZMFA,"27,090,100.00",4.70,4.7
06/12/2022,ZNCO,"1,443,750,041.28",3.20,3.19
06/12/2022,ZCCM,"160,800,286.00",37.98,37.98
06/12/2022,ZFCO,"400,000,000.00",2.51,2.51
06/12/2022,BATZ,"212,456,304.00",1.90,1.9
06/12/2022,NATB,"63,000,000.00",4.10,4.1
06/12/2022,PUMA,"500,000,000.00",1.61,1.61
06/12/2022,SHOP,"2,700,000.00",64.00,64
06/12/2022,CCAF,"1,625,000,597.00",0.68,0.68
06/12/2022,PMDZ,"100,000,000.00",0.71,0.71
06/12/2022,ATEL,"104,000,000.00",17.25,17.25
06/12/2022,CECZ,"1,625,000,597.00",3.78,3.78
06/12/2022,ZABR,"546,000,000.00",7.00,7
06/12/2022,MAFS,"50,000,000.00",2.47,2.47
06/12/2022,ZMBF,"300,579,610.00",2.59,2.58
06/12/2022,SCBL,"1,666,980,000.00",1.32,1.32
06/12/2022,ZSUG,"316,571,385.40",18.00,18
06/12/2022,ZMRE,"45,000,000.00",2.80,2.8
06/12/2022,AECI,"20,406,600.00",42.00,42
06/12/2022,BATA,"76,107,600.00",2.57,2.57
06/12/2022,CHIL,"200,039,904.00",13.38,13.38
07/12/2022,REIZ,"56,460,198.00",1.63,1.63
07/12/2022,ZMFA,"27,090,100.00",4.70,4.7
07/12/2022,ZNCO,"1,443,750,041.28",3.19,3.19
07/12/2022,ZCCM,"160,800,286.00",37.98,37.98
07/12/2022,ZFCO,"400,000,000.00",2.51,2.51
07/12/2022,BATZ,"212,456,304.00",1.90,1.9
07/12/2022,NATB,"63,000,000.00",4.10,4.1
07/12/2022,PUMA,"500,000,000.00",1.61,1.6
07/12/2022,SHOP,"2,700,000.00",64.00,64
07/12/2022,CCAF,"1,625,000,597.00",0.68,0.68
07/12/2022,PMDZ,"100,000,000.00",0.71,0.71
07/12/2022,ATEL,"104,000,000.00",17.25,17.25
07/12/2022,CECZ,"1,625,000,597.00",3.78,3.78
07/12/2022,ZABR,"546,000,000.00",7.00,7
07/12/2022,MAFS,"50,000,000.00",2.47,2.47
07/12/2022,ZMBF,"300,579,610.00",2.58,2.58
07/12/2022,SCBL,"1,666,980,000.00",1.32,1.32
07/12/2022,ZSUG,"316,571,385.40",18.00,18
07/12/2022,ZMRE,"45,000,000.00",2.80,2.8
07/12/2022,AECI,"20,406,600.00",42.00,42
07/12/2022,BATA,"76,107,600.00",2.57,2.57
07/12/2022,CHIL,"200,039,904.00",13.38,13.38
08/12/2022,REIZ,"56,460,198.00",1.63,1.63
08/12/2022,ZMFA,"27,090,100.00",4.70,4.7
08/12/2022,ZNCO,"1,443,750,041.28",3.19,3.19
08/12/2022,ZCCM,"160,800,286.00",37.98,37.98
08/12/2022,ZFCO,"400,000,000.00",2.51,2.51
08/12/2022,BATZ,"212,456,304.00",1.90,1.9
08/12/2022,NATB,"63,000,000.00",4.10,4.1
08/12/2022,PUMA,"500,000,000.00",1.60,1.6
08/12/2022,SHOP,"2,700,000.00",64.00,64
08/12/2022,CCAF,"1,625,000,597.00",0.68,0.68
08/12/2022,PMDZ,"100,000,000.00",0.71,0.71
08/12/2022,ATEL,"104,000,000.00",17.25,17.25
08/12/2022,CECZ,"1,625,000,597.00",3.78,3.78
08/12/2022,ZABR,"546,000,000.00",7.00,7
08/12/2022,MAFS,"50,000,000.00",2.47,2.47
08/12/2022,ZMBF,"300,579,610.00",2.58,2.58
08/12/2022,SCBL,"1,666,980,000.00",1.32,1.32
08/12/2022,ZSUG,"316,571,385.40",18.00,18
08/12/2022,ZMRE,"45,000,000.00",2.80,2.8
08/12/2022,AECI,"20,406,600.00",42.00,42
08/12/2022,BATA,"76,107,600.00",2.57,2.56
08/12/2022,CHIL,"200,039,904.00",13.38,13.38
09/12/2022,REIZ,"56,460,198.00",1.63,1.63
09/12/2022,ZMFA,"27,090,100.00",4.70,4.7
09/12/2022,ZNCO,"1,443,750,041.28",3.19,3.19
09/12/2022,ZCCM,"160,800,286.00",37.98,37.98
09/12/2022,ZFCO,"400,000,000.00",2.51,2.51
09/12/2022,BATZ,"212,456,304.00",1.90,1.9
09/12/2022,NATB,"63,000,000.00",4.10,4.1
09/12/2022,PUMA,"500,000,000.00",1.60,1.6
09/12/2022,SHOP,"2,700,000.00",64.00,64
09/12/2022,CCAF,"1,625,000,597.00",0.68,0.68
09/12/2022,PMDZ,"100,000,000.00",0.71,0.71
09/12/2022,ATEL,"104,000,000.00",17.25,17.25
09/12/2022,CECZ,"1,625,000,597.00",3.78,3.78
09/12/2022,ZABR,"546,000,000.00",7.00,7
09/12/2022,MAFS,"50,000,000.00",2.47,2.47
09/12/2022,ZMBF,"300,579,610.00",2.58,2.58
09/12/2022,SCBL,"1,666,980,000.00",1.32,1.32
09/12/2022,ZSUG,"316,571,385.40",18.00,18
09/12/2022,ZMRE,"45,000,000.00",2.80,2.8
09/12/2022,AECI,"20,406,600.00",42.00,42
09/12/2022,BATA,"76,107,600.00",2.56,2.56
09/12/2022,CHIL,"200,039,904.00",13.38,13.38
12/12/2022,REIZ,"56,460,198.00",1.63,1.63
12/12/2022,ZMFA,"27,090,100.00",4.70,4.7
12/12/2022,ZNCO,"1,443,750,041.28",3.19,3.19
12/12/2022,ZCCM,"160,800,286.00",37.98,37.98
12/12/2022,ZFCO,"400,000,000.00",2.51,2.51
12/12/2022,BATZ,"212,456,304.00",1.90,1.9
12/12/2022,NATB,"63,000,000.00",4.10,4.1
12/12/2022,PUMA,"500,000,000.00",1.60,1.6
12/12/2022,SHOP,"2,700,000.00",64.00,64
12/12/2022,CCAF,"1,625,000,597.00",0.68,0.68
12/12/2022,PMDZ,"100,000,000.00",0.71,0.71
12/12/2022,ATEL,"104,000,000.00",17.25,17.25
12/12/2022,CECZ,"1,625,000,597.00",3.78,3.78
12/12/2022,ZABR,"546,000,000.00",7.00,7
12/12/2022,MAFS,"50,000,000.00",2.47,2.47
12/12/2022,ZMBF,"300,579,610.00",2.58,2.58
12/12/2022,SCBL,"1,666,980,000.00",1.32,1.32
12/12/2022,ZSUG,"316,571,385.40",18.00,18
12/12/2022,ZMRE,"45,000,000.00",2.80,2.8
12/12/2022,AECI,"20,406,600.00",42.00,42
12/12/2022,BATA,"76,107,600.00",2.56,2.56
12/12/2022,CHIL,"200,039,904.00",13.38,13.38
13/12/2022,REIZ,"56,460,198.00",1.63,1.63
13/12/2022,ZMFA,"27,090,100.00",4.70,4.7
13/12/2022,ZNCO,"1,443,750,041.28",3.19,3.19
13/12/2022,ZCCM,"160,800,286.00",37.98,37.98
13/12/2022,ZFCO,"400,000,000.00",2.51,2.51
13/12/2022,BATZ,"212,456,304.00",1.90,1.9
13/12/2022,NATB,"63,000,000.00",4.10,4.1
13/12/2022,PUMA,"500,000,000.00",1.60,1.6
13/12/2022,SHOP,"2,700,000.00",64.00,64
13/12/2022,CCAF,"1,625,000,597.00",0.68,0.68
13/12/2022,PMDZ,"100,000,000.00",0.71,0.71
13/12/2022,ATEL,"104,000,000.00",17.25,17.25
13/12/2022,CECZ,"1,625,000,597.00",3.78,3.78
13/12/2022,ZABR,"546,000,000.00",7.00,7
13/12/2022,MAFS,"50,000,000.00",2.47,2.47
13/12/2022,ZMBF,"300,579,610.00",2.58,2.58
13/12/2022,SCBL,"1,666,980,000.00",1.32,1.32
13/12/2022,ZSUG,"316,571,385.40",18.00,18
13/12/2022,ZMRE,"45,000,000.00",2.80,2.8
13/12/2022,AECI,"20,406,600.00",42.00,42
13/12/2022,BATA,"76,107,600.00",2.56,2.56
13/12/2022,CHIL,"200,039,904.00",13.38,13.38
14/12/2022,REIZ,"56,460,198.00",1.63,1.63
14/12/2022,ZMFA,"27,090,100.00",4.70,4.7
14/12/2022,ZNCO,"1,443,750,041.28",3.19,3.19
14/12/2022,ZCCM,"160,800,286.00",37.98,37.98
14/12/2022,ZFCO,"400,000,000.00",2.51,2.51
14/12/2022,BATZ,"212,456,304.00",1.90,1.9
14/12/2022,NATB,"63,000,000.00",4.10,4.1
14/12/2022,PUMA,"500,000,000.00",1.60,1.6
14/12/2022,SHOP,"2,700,000.00",64.00,64
14/12/2022,CCAF,"1,625,000,597.00",0.68,0.68
14/12/2022,PMDZ,"100,000,000.00",0.71,0.71
14/12/2022,ATEL,"104,000,000.00",17.25,17.25
14/12/2022,CECZ,"1,625,000,597.00",3.71,3.78
14/12/2022,ZABR,"546,000,000.00",7.00,7
14/12/2022,MAFS,"50,000,000.00",2.47,2.47
14/12/2022,ZMBF,"300,579,610.00",2.58,2.58
14/12/2022,SCBL,"1,666,980,000.00",1.32,1.32
14/12/2022,ZSUG,"316,571,385.40",18.00,18
14/12/2022,ZMRE,"45,000,000.00",2.80,2.8
14/12/2022,AECI,"20,406,600.00",42.00,42
14/12/2022,BATA,"76,107,600.00",2.56,2.56
14/12/2022,CHIL,"200,039,904.00",13.38,13.38
15/12/2022,REIZ,"56,460,198.00",1.63,1.63
15/12/2022,ZMFA,"27,090,100.00",4.70,4.7
15/12/2022,ZNCO,"1,443,750,041.28",3.19,3.2
15/12/2022,ZCCM,"160,800,286.00",37.98,37.98
15/12/2022,ZFCO,"400,000,000.00",2.51,2.51
15/12/2022,BATZ,"212,456,304.00",1.90,1.9
15/12/2022,NATB,"63,000,000.00",4.10,4.1
15/12/2022,PUMA,"500,000,000.00",1.60,1.6
15/12/2022,SHOP,"2,700,000.00",64.00,64
15/12/2022,CCAF,"1,625,000,597.00",0.68,0.68
15/12/2022,PMDZ,"100,000,000.00",0.71,0.71
15/12/2022,ATEL,"104,000,000.00",17.25,17.25
15/12/2022,CECZ,"1,625,000,597.00",3.78,3.78
15/12/2022,ZABR,"546,000,000.00",7.00,7
15/12/2022,MAFS,"50,000,000.00",2.47,2.47
15/12/2022,ZMBF,"300,579,610.00",2.58,2.59
15/12/2022,SCBL,"1,666,980,000.00",1.32,1.32
15/12/2022,ZSUG,"316,571,385.40",18.00,18
15/12/2022,ZMRE,"45,000,000.00",2.80,2.8
15/12/2022,AECI,"20,406,600.00",42.00,42
15/12/2022,BATA,"76,107,600.00",2.56,2.56
15/12/2022,CHIL,"200,039,904.00",13.38,13.38
16/12/2022,REIZ,"56,460,198.00",1.63,1.63
16/12/2022,ZMFA,"27,090,100.00",4.70,4.7
16/12/2022,ZNCO,"1,443,750,041.28",3.20,3.19
16/12/2022,ZCCM,"160,800,286.00",37.98,37.98
16/12/2022,ZFCO,"400,000,000.00",2.51,2.51
16/12/2022,BATZ,"212,456,304.00",1.90,1.9
16/12/2022,NATB,"63,000,000.00",4.10,4.1
16/12/2022,PUMA,"500,000,000.00",1.60,1.6
16/12/2022,SHOP,"2,700,000.00",64.00,64
16/12/2022,CCAF,"1,625,000,597.00",0.68,0.68
16/12/2022,PMDZ,"100,000,000.00",0.71,0.71
16/12/2022,ATEL,"104,000,000.00",17.25,17.25
16/12/2022,CECZ,"1,625,000,597.00",3.78,3.78
16/12/2022,ZABR,"546,000,000.00",7.00,7
16/12/2022,MAFS,"50,000,000.00",2.47,2.47
16/12/2022,ZMBF,"300,579,610.00",2.59,2.59
16/12/2022,SCBL,"1,666,980,000.00",1.32,1.32
16/12/2022,ZSUG,"316,571,385.40",18.00,18
16/12/2022,ZMRE,"45,000,000.00",2.80,2.8
16/12/2022,AECI,"20,406,600.00",42.00,42
16/12/2022,BATA,"76,107,600.00",2.56,2.56
16/12/2022,CHIL,"200,039,904.00",13.38,13.38
19/12/2022,REIZ,"56,460,198.00",1.63,1.63
19/12/2022,ZMFA,"27,090,100.00",4.70,4.7
19/12/2022,ZNCO,"1,443,750,041.28",3.19,3.19
19/12/2022,ZCCM,"160,800,286.00",37.98,37.98
19/12/2022,ZFCO,"400,000,000.00",2.51,2.51
19/12/2022,BATZ,"212,456,304.00",1.90,1.9
19/12/2022,NATB,"63,000,000.00",4.10,4.1
19/12/2022,PUMA,"500,000,000.00",1.60,1.6
19/12/2022,SHOP,"2,700,000.00",64.00,64
19/12/2022,CCAF,"1,625,000,597.00",0.68,0.68
19/12/2022,PMDZ,"100,000,000.00",0.71,0.71
19/12/2022,ATEL,"104,000,000.00",17.25,17.25
19/12/2022,CECZ,"1,625,000,597.00",3.78,3.78
19/12/2022,ZABR,"546,000,000.00",7.00,7
19/12/2022,MAFS,"50,000,000.00",2.47,2.47
19/12/2022,ZMBF,"300,579,610.00",2.59,2.59
19/12/2022,SCBL,"1,666,980,000.00",1.32,1.32
19/12/2022,ZSUG,"316,571,385.40",18.00,18
19/12/2022,ZMRE,"45,000,000.00",2.80,2.8
19/12/2022,AECI,"20,406,600.00",42.00,42
19/12/2022,BATA,"76,107,600.00",2.56,2.56
19/12/2022,CHIL,"200,039,904.00",13.38,13.38
20/12/2022,REIZ,"56,460,198.00",1.63,1.63
20/12/2022,ZMFA,"27,090,100.00",4.70,4.7
20/12/2022,ZNCO,"1,443,750,041.28",3.19,3.19
20/12/2022,ZCCM,"160,800,286.00",37.98,37.98
20/12/2022,ZFCO,"400,000,000.00",2.51,2.51
20/12/2022,BATZ,"212,456,304.00",1.90,1.9
20/12/2022,NATB,"63,000,000.00",4.10,4.1
20/12/2022,PUMA,"500,000,000.00",1.60,1.6
20/12/2022,SHOP,"2,700,000.00",64.00,64
20/12/2022,CCAF,"1,625,000,597.00",0.68,0.68
20/12/2022,PMDZ,"100,000,000.00",0.71,0.71
20/12/2022,ATEL,"104,000,000.00",17.25,17.25
20/12/2022,CECZ,"1,625,000,597.00",3.78,3.78
20/12/2022,ZABR,"546,000,000.00",7.00,7
20/12/2022,MAFS,"50,000,000.00",2.47,2.47
20/12/2022,ZMBF,"300,579,610.00",2.59,2.59
20/12/2022,SCBL,"1,666,980,000.00",1.32,1.32
20/12/2022,ZSUG,"316,571,385.40",18.00,18
20/12/2022,ZMRE,"45,000,000.00",2.80,2.8
20/12/2022,AECI,"20,406,600.00",42.00,42
20/12/2022,BATA,"76,107,600.00",2.56,2.56
20/12/2022,CHIL,"200,039,904.00",13.38,13.38
21/12/2022,REIZ,"56,460,198.00",1.63,1.63
21/12/2022,ZMFA,"27,090,100.00",4.70,4.7
21/12/2022,ZNCO,"1,443,750,041.28",3.19,3.19
21/12/2022,ZCCM,"160,800,286.00",37.98,37.98
21/12/2022,ZFCO,"400,000,000.00",2.51,2.51
21/12/2022,BATZ,"212,456,304.00",1.90,1.9
21/12/2022,NATB,"63,000,000.00",4.10,4.1
21/12/2022,PUMA,"500,000,000.00",1.60,1.6
21/12/2022,SHOP,"2,700,000.00",64.00,64
21/12/2022,CCAF,"1,625,000,597.00",0.68,0.68
21/12/2022,PMDZ,"100,000,000.00",0.71,0.71
21/12/2022,ATEL,"104,000,000.00",17.25,17.25
21/12/2022,CECZ,"1,625,000,597.00",3.78,3.78
21/12/2022,ZABR,"546,000,000.00",7.00,7
21/12/2022,MAFS,"50,000,000.00",2.47,2.47
21/12/2022,ZMBF,"300,579,610.00",2.59,2.59
21/12/2022,SCBL,"1,666,980,000.00",1.32,1.32
21/12/2022,ZSUG,"316,571,385.40",18.00,18
21/12/2022,ZMRE,"45,000,000.00",2.80,2.8
21/12/2022,AECI,"20,406,600.00",42.00,42
21/12/2022,BATA,"76,107,600.00",2.56,2.56
21/12/2022,CHIL,"200,039,904.00",13.38,13.38
22/12/2022,REIZ,"56,460,198.00",1.63,1.63
22/12/2022,ZMFA,"27,090,100.00",4.70,4.7
22/12/2022,ZNCO,"1,443,750,041.28",3.19,3.19
22/12/2022,ZCCM,"160,800,286.00",37.98,37.98
22/12/2022,ZFCO,"400,000,000.00",2.51,2.51
22/12/2022,BATZ,"212,456,304.00",1.90,1.9
22/12/2022,NATB,"63,000,000.00",4.10,4.1
22/12/2022,PUMA,"500,000,000.00",1.60,1.6
22/12/2022,SHOP,"2,700,000.00",64.00,64
22/12/2022,CCAF,"1,625,000,597.00",0.68,0.68
22/12/2022,PMDZ,"100,000,000.00",0.71,0.71
22/12/2022,ATEL,"104,000,000.00",17.25,17.25
22/12/2022,CECZ,"1,625,000,597.00",3.78,3.78
22/12/2022,ZABR,"546,000,000.00",7.00,7
22/12/2022,MAFS,"50,000,000.00",2.47,2.47
22/12/2022,ZMBF,"300,579,610.00",2.59,2.59
22/12/2022,SCBL,"1,666,980,000.00",1.32,1.32
22/12/2022,ZSUG,"316,571,385.40",18.00,18
22/12/2022,ZMRE,"45,000,000.00",2.80,2.8
22/12/2022,AECI,"20,406,600.00",42.00,42
22/12/2022,BATA,"76,107,600.00",2.56,2.56
22/12/2022,CHIL,"200,039,904.00",13.38,13.38
23/12/2022,REIZ,"56,460,198.00",1.63,1.63
23/12/2022,ZMFA,"27,090,100.00",4.70,4.7
23/12/2022,ZNCO,"1,443,750,041.28",3.19,3.19
23/12/2022,ZCCM,"160,800,286.00",37.98,37.98
23/12/2022,ZFCO,"400,000,000.00",2.51,2.51
23/12/2022,BATZ,"212,456,304.00",1.90,1.91
23/12/2022,NATB,"63,000,000.00",4.10,4.1
23/12/2022,PUMA,"500,000,000.00",1.60,1.6
23/12/2022,SHOP,"2,700,000.00",64.00,64
23/12/2022,CCAF,"1,625,000,597.00",0.68,0.67
23/12/2022,PMDZ,"100,000,000.00",0.71,0.71
23/12/2022,ATEL,"104,000,000.00",17.25,17.25
23/12/2022,CECZ,"1,625,000,597.00",3.78,3.78
23/12/2022,ZABR,"546,000,000.00",7.00,7
23/12/2022,MAFS,"50,000,000.00",2.47,2.47
23/12/2022,ZMBF,"300,579,610.00",2.59,2.59
23/12/2022,SCBL,"1,666,980,000.00",1.32,1.32
23/12/2022,ZSUG,"316,571,385.40",18.00,18
23/12/2022,ZMRE,"45,000,000.00",2.80,2.8
23/12/2022,AECI,"20,406,600.00",42.00,42
23/12/2022,BATA,"76,107,600.00",2.56,2.56
23/12/2022,CHIL,"200,039,904.00",13.38,13.38
27/12/2022,REIZ,"56,460,198.00",1.63,1.63
27/12/2022,ZMFA,"27,090,100.00",4.70,4.7
27/12/2022,ZNCO,"1,443,750,041.28",3.19,3.19
27/12/2022,ZCCM,"160,800,286.00",37.98,37.98
27/12/2022,ZFCO,"400,000,000.00",2.51,2.51
27/12/2022,BATZ,"212,456,304.00",1.91,1.91
27/12/2022,NATB,"63,000,000.00",4.10,4.1
27/12/2022,PUMA,"500,000,000.00",1.60,1.6
27/12/2022,SHOP,"2,700,000.00",64.00,64
27/12/2022,CCAF,"1,625,000,597.00",0.67,0.67
27/12/2022,PMDZ,"100,000,000.00",0.71,0.71
27/12/2022,ATEL,"104,000,000.00",17.25,17.25
27/12/2022,CECZ,"1,625,000,597.00",3.78,3.78
27/12/2022,ZABR,"546,000,000.00",7.00,7
27/12/2022,MAFS,"50,000,000.00",2.47,2.47
27/12/2022,ZMBF,"300,579,610.00",2.59,2.6
27/12/2022,SCBL,"1,666,980,000.00",1.32,1.32
27/12/2022,ZSUG,"316,571,385.40",18.00,18
27/12/2022,ZMRE,"45,000,000.00",2.80,2.8
27/12/2022,AECI,"20,406,600.00",42.00,42
27/12/2022,BATA,"76,107,600.00",2.56,2.56
27/12/2022,CHIL,"200,039,904.00",13.38,13.38
28/12/2022,REIZ,"56,460,198.00",1.63,1.63
28/12/2022,ZMFA,"27,090,100.00",4.70,4.7
28/12/2022,ZNCO,"1,443,750,041.28",3.19,3.19
28/12/2022,ZCCM,"160,800,286.00",37.98,37.98
28/12/2022,ZFCO,"400,000,000.00",2.51,2.51
28/12/2022,BATZ,"212,456,304.00",1.91,1.91
28/12/2022,NATB,"63,000,000.00",4.10,4.1
28/12/2022,PUMA,"500,000,000.00",1.60,1.6
28/12/2022,SHOP,"2,700,000.00",64.00,64
28/12/2022,CCAF,"1,625,000,597.00",0.67,0.67
28/12/2022,PMDZ,"100,000,000.00",0.71,0.71
28/12/2022,ATEL,"104,000,000.00",17.25,17.25
28/12/2022,CECZ,"1,625,000,597.00",3.78,3.78
28/12/2022,ZABR,"546,000,000.00",7.00,7
28/12/2022,MAFS,"50,000,000.00",2.47,2.47
28/12/2022,ZMBF,"300,579,610.00",2.60,2.59
28/12/2022,SCBL,"1,666,980,000.00",1.32,1.32
28/12/2022,ZSUG,"316,571,385.40",18.00,18
28/12/2022,ZMRE,"45,000,000.00",2.80,2.8
28/12/2022,AECI,"20,406,600.00",42.00,42
28/12/2022,BATA,"76,107,600.00",2.56,2.56
28/12/2022,CHIL,"200,039,904.00",13.38,13.38
29/12/2022,REIZ,"56,460,198.00",1.63,1.63
29/12/2022,ZMFA,"27,090,100.00",4.70,4.7
29/12/2022,ZNCO,"1,443,750,041.28",3.19,3.19
29/12/2022,ZCCM,"160,800,286.00",37.98,37.98
29/12/2022,ZFCO,"400,000,000.00",2.51,2.51
29/12/2022,BATZ,"212,456,304.00",1.91,1.91
29/12/2022,NATB,"63,000,000.00",4.10,4.1
29/12/2022,PUMA,"500,000,000.00",1.60,1.6
29/12/2022,SHOP,"2,700,000.00",64.00,64
29/12/2022,CCAF,"1,625,000,597.00",0.67,0.67
29/12/2022,PMDZ,"100,000,000.00",0.71,0.71
29/12/2022,ATEL,"104,000,000.00",17.25,17.25
29/12/2022,CECZ,"1,625,000,597.00",3.78,3.78
29/12/2022,ZABR,"546,000,000.00",7.00,7
29/12/2022,MAFS,"50,000,000.00",2.47,2.47
29/12/2022,ZMBF,"300,579,610.00",2.59,2.6
29/12/2022,SCBL,"1,666,980,000.00",1.32,1.32
29/12/2022,ZSUG,"316,571,385.40",18.00,18
29/12/2022,ZMRE,"45,000,000.00",2.80,2.8
29/12/2022,AECI,"20,406,600.00",42.00,42
29/12/2022,BATA,"76,107,600.00",2.56,2.56
29/12/2022,CHIL,"200,039,904.00",13.38,13.38
30/12/2022,REIZ,"56,460,198.00",1.63,1.63
30/12/2022,ZMFA,"27,090,100.00",4.70,4.7
30/12/2022,ZNCO,"1,443,750,041.28",3.19,3.19
30/12/2022,ZCCM,"160,800,286.00",37.98,37.98
30/12/2022,ZFCO,"400,000,000.00",2.51,2.51
30/12/2022,BATZ,"212,456,304.00",1.91,1.91
30/12/2022,NATB,"63,000,000.00",4.10,4.1
30/12/2022,PUMA,"500,000,000.00",1.60,1.6
30/12/2022,SHOP,"2,700,000.00",64.00,64
30/12/2022,CCAF,"1,625,000,597.00",0.67,0.67
30/12/2022,PMDZ,"100,000,000.00",0.71,0.71
30/12/2022,ATEL,"104,000,000.00",17.25,17.25
30/12/2022,CECZ,"1,625,000,597.00",3.78,3.78
30/12/2022,ZABR,"546,000,000.00",7.00,7
30/12/2022,MAFS,"50,000,000.00",2.47,2.47
30/12/2022,ZMBF,"300,579,610.00",2.60,2.6
30/12/2022,SCBL,"1,666,980,000.00",1.32,1.32
30/12/2022,ZSUG,"316,571,385.40",18.00,18
30/12/2022,ZMRE,"45,000,000.00",2.80,2.8
30/12/2022,AECI,"20,406,600.00",42.00,42
30/12/2022,BATA,"76,107,600.00",2.56,2.55
30/12/2022,CHIL,"200,039,904.00",13.38,13.38
03/01/2023,REIZ,"56,460,198.00",1.63,1.63
03/01/2023,ZMFA,"27,090,100.00",4.70,4.7
03/01/2023,ZNCO,"1,443,750,041.28",3.19,3.19
03/01/2023,ZCCM,"160,800,286.00",37.98,37.98
03/01/2023,ZFCO,"400,000,000.00",2.51,2.51
03/01/2023,BATZ,"212,456,304.00",1.91,1.91
03/01/2023,NATB,"63,000,000.00",4.10,4.1
03/01/2023,PUMA,"500,000,000.00",1.60,1.6
03/01/2023,SHOP,"2,700,000.00",64.00,64
03/01/2023,CCAF,"1,625,000,597.00",0.67,0.67
03/01/2023,PMDZ,"100,000,000.00",0.71,0.71
03/01/2023,ATEL,"104,000,000.00",17.25,17.25
03/01/2023,CECZ,"1,625,000,597.00",3.78,3.78
03/01/2023,ZABR,"546,000,000.00",7.00,7
03/01/2023,MAFS,"50,000,000.00",2.47,2.47
03/01/2023,ZMBF,"300,579,610.00",2.60,2.6
03/01/2023,SCBL,"1,666,980,000.00",1.32,1.32
03/01/2023,ZSUG,"316,571,385.40",18.00,18
03/01/2023,ZMRE,"45,000,000.00",2.80,2.8
03/01/2023,AECI,"20,406,600.00",42.00,42
03/01/2023,BATA,"76,107,600.00",2.55,2.55
03/01/2023,CHIL,"200,039,904.00",13.38,13.38
04/01/2023,REIZ,"56,460,198.00",1.63,1.63
04/01/2023,ZMFA,"27,090,100.00",4.70,4.7
04/01/2023,ZNCO,"1,443,750,041.28",3.19,3.19
04/01/2023,ZCCM,"160,800,286.00",37.98,37.98
04/01/2023,ZFCO,"400,000,000.00",2.51,2.51
04/01/2023,BATZ,"212,456,304.00",1.91,1.91
04/01/2023,NATB,"63,000,000.00",4.10,4.1
04/01/2023,PUMA,"500,000,000.00",1.60,1.6
04/01/2023,SHOP,"2,700,000.00",64.00,64
04/01/2023,CCAF,"1,625,000,597.00",0.67,0.67
04/01/2023,PMDZ,"100,000,000.00",0.71,0.71
04/01/2023,ATEL,"104,000,000.00",17.25,17.25
04/01/2023,CECZ,"1,625,000,597.00",3.78,3.78
04/01/2023,ZABR,"546,000,000.00",7.00,7
04/01/2023,MAFS,"50,000,000.00",2.47,2.47
04/01/2023,ZMBF,"300,579,610.00",2.60,2.6
04/01/2023,SCBL,"1,666,980,000.00",1.32,1.32
04/01/2023,ZSUG,"316,571,385.40",18.00,18
04/01/2023,ZMRE,"45,000,000.00",2.80,2.8
04/01/2023,AECI,"20,406,600.00",42.00,42
04/01/2023,BATA,"76,107,600.00",2.55,2.55
04/01/2023,CHIL,"200,039,904.00",13.38,13.38
05/01/2023,REIZ,"56,460,198.00",1.63,1.63
05/01/2023,ZMFA,"27,090,100.00",4.70,4.7
05/01/2023,ZNCO,"1,443,750,041.28",3.19,3.19
05/01/2023,ZCCM,"160,800,286.00",37.98,37.98
05/01/2023,ZFCO,"400,000,000.00",2.51,2.51
05/01/2023,BATZ,"212,456,304.00",1.91,1.91
05/01/2023,NATB,"63,000,000.00",4.10,4.1
05/01/2023,PUMA,"500,000,000.00",1.60,1.6
05/01/2023,SHOP,"2,700,000.00",64.00,64
05/01/2023,CCAF,"1,625,000,597.00",0.67,0.67
05/01/2023,PMDZ,"100,000,000.00",0.71,0.71
05/01/2023,ATEL,"104,000,000.00",17.25,18
05/01/2023,CECZ,"1,625,000,597.00",3.78,3.78
05/01/2023,ZABR,"546,000,000.00",7.00,7
05/01/2023,MAFS,"50,000,000.00",2.47,2.47
05/01/2023,ZMBF,"300,579,610.00",2.60,2.6
05/01/2023,SCBL,"1,666,980,000.00",1.32,1.32
05/01/2023,ZSUG,"316,571,385.40",18.00,18
05/01/2023,ZMRE,"45,000,000.00",2.80,2.8
05/01/2023,AECI,"20,406,600.00",42.00,42
05/01/2023,BATA,"76,107,600.00",2.55,2.55
05/01/2023,CHIL,"200,039,904.00",13.38,13.38
06/01/2023,REIZ,"56,460,198.00",1.63,1.63
06/01/2023,ZMFA,"27,090,100.00",4.70,4.7
06/01/2023,ZNCO,"1,443,750,041.28",3.19,3.19
06/01/2023,ZCCM,"160,800,286.00",37.98,37.98
06/01/2023,ZFCO,"400,000,000.00",2.51,2.51
06/01/2023,BATZ,"212,456,304.00",1.91,1.91
06/01/2023,NATB,"63,000,000.00",4.10,4.1
06/01/2023,PUMA,"500,000,000.00",1.60,1.6
06/01/2023,SHOP,"2,700,000.00",64.00,64
06/01/2023,CCAF,"1,625,000,597.00",0.67,0.67
06/01/2023,PMDZ,"100,000,000.00",0.71,0.71
06/01/2023,ATEL,"104,000,000.00",18.00,18
06/01/2023,CECZ,"1,625,000,597.00",3.78,3.78
06/01/2023,ZABR,"546,000,000.00",7.00,7
06/01/2023,MAFS,"50,000,000.00",2.47,2.47
06/01/2023,ZMBF,"300,579,610.00",2.60,2.6
06/01/2023,SCBL,"1,666,980,000.00",1.32,1.32
06/01/2023,ZSUG,"316,571,385.40",18.00,18
06/01/2023,ZMRE,"45,000,000.00",2.80,2.8
06/01/2023,AECI,"20,406,600.00",42.00,42
06/01/2023,BATA,"76,107,600.00",2.55,2.55
06/01/2023,CHIL,"200,039,904.00",13.38,13.38
09/01/2023,REIZ,"56,460,198.00",1.63,1.63
09/01/2023,ZMFA,"27,090,100.00",4.70,4.7
09/01/2023,ZNCO,"1,443,750,041.28",3.19,3.19
09/01/2023,ZCCM,"160,800,286.00",37.98,37.98
09/01/2023,ZFCO,"400,000,000.00",2.51,2.51
09/01/2023,BATZ,"212,456,304.00",1.91,1.91
09/01/2023,NATB,"63,000,000.00",4.10,4.1
09/01/2023,PUMA,"500,000,000.00",1.60,1.6
09/01/2023,SHOP,"2,700,000.00",64.00,64
09/01/2023,CCAF,"1,625,000,597.00",0.67,0.67
09/01/2023,PMDZ,"100,000,000.00",0.71,0.71
09/01/2023,ATEL,"104,000,000.00",18.00,18
09/01/2023,CECZ,"1,625,000,597.00",3.78,3.78
09/01/2023,ZABR,"546,000,000.00",7.00,7
09/01/2023,MAFS,"50,000,000.00",2.47,2.47
09/01/2023,ZMBF,"300,579,610.00",2.60,2.6
09/01/2023,SCBL,"1,666,980,000.00",1.32,1.32
09/01/2023,ZSUG,"316,571,385.40",18.00,18
09/01/2023,ZMRE,"45,000,000.00",2.80,2.8
09/01/2023,AECI,"20,406,600.00",42.00,42
09/01/2023,BATA,"76,107,600.00",2.55,2.55
09/01/2023,CHIL,"200,039,904.00",13.38,13.38
10/01/2023,REIZ,"56,460,198.00",1.63,1.63
10/01/2023,ZMFA,"27,090,100.00",4.70,4.7
10/01/2023,ZNCO,"1,443,750,041.28",3.19,3.19
10/01/2023,ZCCM,"160,800,286.00",37.98,37.98
10/01/2023,ZFCO,"400,000,000.00",2.51,2.51
10/01/2023,BATZ,"212,456,304.00",1.91,1.91
10/01/2023,NATB,"63,000,000.00",4.10,4.1
10/01/2023,PUMA,"500,000,000.00",1.60,1.6
10/01/2023,SHOP,"2,700,000.00",64.00,64
10/01/2023,CCAF,"1,625,000,597.00",0.67,0.67
10/01/2023,PMDZ,"100,000,000.00",0.71,0.71
10/01/2023,ATEL,"104,000,000.00",18.00,18
10/01/2023,CECZ,"1,625,000,597.00",3.78,3.78
10/01/2023,ZABR,"546,000,000.00",7.01,7.01
10/01/2023,MAFS,"50,000,000.00",2.47,2.47
10/01/2023,ZMBF,"300,579,610.00",2.60,2.6
10/01/2023,SCBL,"1,666,980,000.00",1.32,1.32
10/01/2023,ZSUG,"316,571,385.40",18.00,18
10/01/2023,ZMRE,"45,000,000.00",2.80,2.8
10/01/2023,AECI,"20,406,600.00",42.00,42
10/01/2023,BATA,"76,107,600.00",2.55,2.55
10/01/2023,CHIL,"200,039,904.00",13.38,13.38
11/01/2023,REIZ,"56,460,198.00",1.63,1.63
11/01/2023,ZMFA,"27,090,100.00",4.70,4.7
11/01/2023,ZNCO,"1,443,750,041.28",3.19,3.19
11/01/2023,ZCCM,"160,800,286.00",37.98,37.98
11/01/2023,ZFCO,"400,000,000.00",2.51,2.51
11/01/2023,BATZ,"212,456,304.00",1.91,1.91
11/01/2023,NATB,"63,000,000.00",4.10,4.1
11/01/2023,PUMA,"500,000,000.00",1.60,1.6
11/01/2023,SHOP,"2,700,000.00",64.00,64
11/01/2023,CCAF,"1,625,000,597.00",0.67,0.67
11/01/2023,PMDZ,"100,000,000.00",0.71,0.71
11/01/2023,ATEL,"104,000,000.00",18.00,18
11/01/2023,CECZ,"1,625,000,597.00",3.78,3.78
11/01/2023,ZABR,"546,000,000.00",7.01,7.01
11/01/2023,MAFS,"50,000,000.00",2.47,2.47
11/01/2023,ZMBF,"300,579,610.00",2.60,2.6
11/01/2023,SCBL,"1,666,980,000.00",1.32,1.1
11/01/2023,ZSUG,"316,571,385.40",18.00,18
11/01/2023,ZMRE,"45,000,000.00",2.80,2.8
11/01/2023,AECI,"20,406,600.00",42.00,42
11/01/2023,BATA,"76,107,600.00",2.55,2.55
11/01/2023,CHIL,"200,039,904.00",13.38,13.38
12/01/2023,REIZ,"56,460,198.00",1.63,1.63
12/01/2023,ZMFA,"27,090,100.00",4.70,4.7
12/01/2023,ZNCO,"1,443,750,041.28",3.19,3.19
12/01/2023,ZCCM,"160,800,286.00",37.98,37.98
12/01/2023,ZFCO,"400,000,000.00",2.51,2.51
12/01/2023,BATZ,"212,456,304.00",1.91,1.91
12/01/2023,NATB,"63,000,000.00",4.10,4.1
12/01/2023,PUMA,"500,000,000.00",1.60,1.6
12/01/2023,SHOP,"2,700,000.00",64.00,64
12/01/2023,CCAF,"1,625,000,597.00",0.67,0.67
12/01/2023,PMDZ,"100,000,000.00",0.71,0.71
12/01/2023,ATEL,"104,000,000.00",18.00,18
12/01/2023,CECZ,"1,625,000,597.00",3.78,3.78
12/01/2023,ZABR,"546,000,000.00",7.01,7
12/01/2023,MAFS,"50,000,000.00",2.47,2.47
12/01/2023,ZMBF,"300,579,610.00",2.60,2.6
12/01/2023,SCBL,"1,666,980,000.00",1.10,1.1
12/01/2023,ZSUG,"316,571,385.40",18.00,18
12/01/2023,ZMRE,"45,000,000.00",2.80,2.8
12/01/2023,AECI,"20,406,600.00",42.00,42
12/01/2023,BATA,"76,107,600.00",2.55,2.55
12/01/2023,CHIL,"200,039,904.00",13.38,13.38
13/01/2023,REIZ,"56,460,198.00",1.63,1.63
13/01/2023,ZMFA,"27,090,100.00",4.70,4.7
13/01/2023,ZNCO,"1,443,750,041.28",3.19,3.19
13/01/2023,ZCCM,"160,800,286.00",37.98,37.98
13/01/2023,ZFCO,"400,000,000.00",2.51,2.51
13/01/2023,BATZ,"212,456,304.00",1.91,1.91
13/01/2023,NATB,"63,000,000.00",4.10,4.1
13/01/2023,PUMA,"500,000,000.00",1.60,1.6
13/01/2023,SHOP,"2,700,000.00",64.00,64
13/01/2023,CCAF,"1,625,000,597.00",0.67,0.64
13/01/2023,PMDZ,"100,000,000.00",0.71,0.71
13/01/2023,ATEL,"104,000,000.00",18.00,18
13/01/2023,CECZ,"1,625,000,597.00",3.78,3.78
13/01/2023,ZABR,"546,000,000.00",7.00,7
13/01/2023,MAFS,"50,000,000.00",2.47,2.47
13/01/2023,ZMBF,"300,579,610.00",2.60,2.6
13/01/2023,SCBL,"1,666,980,000.00",1.10,1
13/01/2023,ZSUG,"316,571,385.40",18.00,18
13/01/2023,ZMRE,"45,000,000.00",2.80,2.8
13/01/2023,AECI,"20,406,600.00",42.00,42
13/01/2023,BATA,"76,107,600.00",2.55,2.55
13/01/2023,CHIL,"200,039,904.00",13.38,13.38
16/01/2023,REIZ,"56,460,198.00",1.63,1.63
16/01/2023,ZMFA,"27,090,100.00",4.70,4.7
16/01/2023,ZNCO,"1,443,750,041.28",3.19,3.19
16/01/2023,ZCCM,"160,800,286.00",37.98,37.98
16/01/2023,ZFCO,"400,000,000.00",2.51,2.51
16/01/2023,BATZ,"212,456,304.00",1.91,1.91
16/01/2023,NATB,"63,000,000.00",4.10,4.1
16/01/2023,PUMA,"500,000,000.00",1.60,1.6
16/01/2023,SHOP,"2,700,000.00",64.00,64
16/01/2023,CCAF,"1,625,000,597.00",0.64,0.64
16/01/2023,PMDZ,"100,000,000.00",0.71,0.71
16/01/2023,ATEL,"104,000,000.00",18.00,18
16/01/2023,CECZ,"1,625,000,597.00",3.78,3.78
16/01/2023,ZABR,"546,000,000.00",7.00,7
16/01/2023,MAFS,"50,000,000.00",2.47,2.47
16/01/2023,ZMBF,"300,579,610.00",2.60,2.6
16/01/2023,SCBL,"1,666,980,000.00",1.00,1
16/01/2023,ZSUG,"316,571,385.40",18.00,18
16/01/2023,ZMRE,"45,000,000.00",2.80,2.8
16/01/2023,AECI,"20,406,600.00",42.00,42
16/01/2023,BATA,"76,107,600.00",2.55,2.55
16/01/2023,CHIL,"200,039,904.00",13.38,13.38
17/01/2023,REIZ,"56,460,198.00",1.63,1.63
17/01/2023,ZMFA,"27,090,100.00",4.70,4.7
17/01/2023,ZNCO,"1,443,750,041.28",3.19,3.19
17/01/2023,ZCCM,"160,800,286.00",37.98,37.98
17/01/2023,ZFCO,"400,000,000.00",2.51,2.51
17/01/2023,BATZ,"212,456,304.00",1.91,1.91
17/01/2023,NATB,"63,000,000.00",4.10,4.1
17/01/2023,PUMA,"500,000,000.00",1.60,1.6
17/01/2023,SHOP,"2,700,000.00",64.00,64
17/01/2023,CCAF,"1,625,000,597.00",0.64,0.64
17/01/2023,PMDZ,"100,000,000.00",0.71,0.71
17/01/2023,ATEL,"104,000,000.00",18.00,18
17/01/2023,CECZ,"1,625,000,597.00",3.76,3.78
17/01/2023,ZABR,"546,000,000.00",7.00,7
17/01/2023,MAFS,"50,000,000.00",2.47,2.47
17/01/2023,ZMBF,"300,579,610.00",2.60,2.6
17/01/2023,SCBL,"1,666,980,000.00",1.00,1
17/01/2023,ZSUG,"316,571,385.40",18.00,18
17/01/2023,ZMRE,"45,000,000.00",2.80,2.8
17/01/2023,AECI,"20,406,600.00",42.00,42
17/01/2023,BATA,"76,107,600.00",2.55,2.55
17/01/2023,CHIL,"200,039,904.00",13.38,13.38
18/01/2023,REIZ,"56,460,198.00",1.63,1.63
18/01/2023,ZMFA,"27,090,100.00",4.70,4.7
18/01/2023,ZNCO,"1,443,750,041.28",3.19,3.19
18/01/2023,ZCCM,"160,800,286.00",37.98,37.98
18/01/2023,ZFCO,"400,000,000.00",2.51,2.51
18/01/2023,BATZ,"212,456,304.00",1.91,1.91
18/01/2023,NATB,"63,000,000.00",4.10,4.1
18/01/2023,PUMA,"500,000,000.00",1.60,1.6
18/01/2023,SHOP,"2,700,000.00",64.00,64
18/01/2023,CCAF,"1,625,000,597.00",0.64,0.63
18/01/2023,PMDZ,"100,000,000.00",0.71,0.71
18/01/2023,ATEL,"104,000,000.00",18.00,18
18/01/2023,CECZ,"1,625,000,597.00",3.78,3.78
18/01/2023,ZABR,"546,000,000.00",7.00,7
18/01/2023,MAFS,"50,000,000.00",2.47,2.47
18/01/2023,ZMBF,"300,579,610.00",2.60,2.6
18/01/2023,SCBL,"1,666,980,000.00",1.00,1
18/01/2023,ZSUG,"316,571,385.40",18.00,18
18/01/2023,ZMRE,"45,000,000.00",2.80,2.8
18/01/2023,AECI,"20,406,600.00",42.00,42
18/01/2023,BATA,"76,107,600.00",2.55,2.55
18/01/2023,CHIL,"200,039,904.00",13.38,13.38
19/01/2023,REIZ,"56,460,198.00",1.63,1.63
19/01/2023,ZMFA,"27,090,100.00",4.70,4.7
19/01/2023,ZNCO,"1,443,750,041.28",3.19,3.19
19/01/2023,ZCCM,"160,800,286.00",37.98,37.98
19/01/2023,ZFCO,"400,000,000.00",2.51,2.51
19/01/2023,BATZ,"212,456,304.00",1.91,1.91
19/01/2023,NATB,"63,000,000.00",4.10,4.1
19/01/2023,PUMA,"500,000,000.00",1.60,1.6
19/01/2023,SHOP,"2,700,000.00",64.00,64
19/01/2023,CCAF,"1,625,000,597.00",0.63,0.63
19/01/2023,PMDZ,"100,000,000.00",0.71,0.71
19/01/2023,ATEL,"104,000,000.00",18.00,18
19/01/2023,CECZ,"1,625,000,597.00",3.76,3.78
19/01/2023,ZABR,"546,000,000.00",7.00,7
19/01/2023,MAFS,"50,000,000.00",2.47,2.47
19/01/2023,ZMBF,"300,579,610.00",2.60,2.6
19/01/2023,SCBL,"1,666,980,000.00",1.00,1
19/01/2023,ZSUG,"316,571,385.40",18.00,18
19/01/2023,ZMRE,"45,000,000.00",2.80,2.8
19/01/2023,AECI,"20,406,600.00",42.00,42
19/01/2023,BATA,"76,107,600.00",2.55,2.55
19/01/2023,CHIL,"200,039,904.00",13.38,13.38
20/01/2023,REIZ,"56,460,198.00",1.63,1.63
20/01/2023,ZMFA,"27,090,100.00",4.70,4.7
20/01/2023,ZNCO,"1,443,750,041.28",3.19,3.19
20/01/2023,ZCCM,"160,800,286.00",37.98,37.98
20/01/2023,ZFCO,"400,000,000.00",2.51,2.51
20/01/2023,BATZ,"212,456,304.00",1.91,1.91
20/01/2023,NATB,"63,000,000.00",4.10,4.1
20/01/2023,PUMA,"500,000,000.00",1.60,1.6
20/01/2023,SHOP,"2,700,000.00",64.00,64
20/01/2023,CCAF,"1,625,000,597.00",0.63,0.63
20/01/2023,PMDZ,"100,000,000.00",0.71,0.71
20/01/2023,ATEL,"104,000,000.00",18.00,18
20/01/2023,CECZ,"1,625,000,597.00",3.78,3.78
20/01/2023,ZABR,"546,000,000.00",7.00,7
20/01/2023,MAFS,"50,000,000.00",2.47,2.47
20/01/2023,ZMBF,"300,579,610.00",2.60,2.6
20/01/2023,SCBL,"1,666,980,000.00",1.00,1
20/01/2023,ZSUG,"316,571,385.40",18.00,18
20/01/2023,ZMRE,"45,000,000.00",2.80,2.8
20/01/2023,AECI,"20,406,600.00",42.00,42
20/01/2023,BATA,"76,107,600.00",2.55,2.55
20/01/2023,CHIL,"200,039,904.00",13.38,13.38
23/01/2023,REIZ,"56,460,198.00",1.63,1.63
23/01/2023,ZMFA,"27,090,100.00",4.70,4.7
23/01/2023,ZNCO,"1,443,750,041.28",3.19,3.19
23/01/2023,ZCCM,"160,800,286.00",37.98,37.98
23/01/2023,ZFCO,"400,000,000.00",2.51,2.51
23/01/2023,BATZ,"212,456,304.00",1.91,1.91
23/01/2023,NATB,"63,000,000.00",4.10,4.1
23/01/2023,PUMA,"500,000,000.00",1.60,1.6
23/01/2023,SHOP,"2,700,000.00",64.00,64
23/01/2023,CCAF,"1,625,000,597.00",0.63,0.63
23/01/2023,PMDZ,"100,000,000.00",0.71,0.71
23/01/2023,ATEL,"104,000,000.00",18.00,18
23/01/2023,CECZ,"1,625,000,597.00",3.78,3.78
23/01/2023,ZABR,"546,000,000.00",7.00,7
23/01/2023,MAFS,"50,000,000.00",2.47,2.47
23/01/2023,ZMBF,"300,579,610.00",2.60,2.6
23/01/2023,SCBL,"1,666,980,000.00",1.00,1
23/01/2023,ZSUG,"316,571,385.40",18.00,18
23/01/2023,ZMRE,"45,000,000.00",2.80,2.8
23/01/2023,AECI,"20,406,600.00",42.00,42
23/01/2023,BATA,"76,107,600.00",2.55,2.55
23/01/2023,CHIL,"200,039,904.00",13.38,13.38
24/01/2023,REIZ,"56,460,198.00",1.63,1.63
24/01/2023,ZMFA,"27,090,100.00",4.70,4.7
24/01/2023,ZNCO,"1,443,750,041.28",3.19,3.19
24/01/2023,ZCCM,"160,800,286.00",37.98,37.98
24/01/2023,ZFCO,"400,000,000.00",2.51,2.51
24/01/2023,BATZ,"212,456,304.00",1.91,1.91
24/01/2023,NATB,"63,000,000.00",4.10,4.1
24/01/2023,PUMA,"500,000,000.00",1.60,1.6
24/01/2023,SHOP,"2,700,000.00",64.00,64
24/01/2023,CCAF,"1,625,000,597.00",0.63,0.63
24/01/2023,PMDZ,"100,000,000.00",0.71,0.71
24/01/2023,ATEL,"104,000,000.00",18.00,18
24/01/2023,CECZ,"1,625,000,597.00",3.78,3.78
24/01/2023,ZABR,"546,000,000.00",7.00,7
24/01/2023,MAFS,"50,000,000.00",2.47,2.47
24/01/2023,ZMBF,"300,579,610.00",2.60,2.6
24/01/2023,SCBL,"1,666,980,000.00",1.00,1
24/01/2023,ZSUG,"316,571,385.40",18.00,18
24/01/2023,ZMRE,"45,000,000.00",2.80,2.8
24/01/2023,AECI,"20,406,600.00",42.00,42
24/01/2023,BATA,"76,107,600.00",2.55,2.55
24/01/2023,CHIL,"200,039,904.00",13.38,13.38
25/01/2023,REIZ,"56,460,198.00",1.63,1.63
25/01/2023,ZMFA,"27,090,100.00",4.70,4.7
25/01/2023,ZNCO,"1,443,750,041.28",3.19,3.19
25/01/2023,ZCCM,"160,800,286.00",37.98,37.98
25/01/2023,ZFCO,"400,000,000.00",2.51,2.51
25/01/2023,BATZ,"212,456,304.00",1.91,1.91
25/01/2023,NATB,"63,000,000.00",4.10,4.1
25/01/2023,PUMA,"500,000,000.00",1.60,1.6
25/01/2023,SHOP,"2,700,000.00",64.00,64
25/01/2023,CCAF,"1,625,000,597.00",0.63,0.63
25/01/2023,PMDZ,"100,000,000.00",0.71,0.71
25/01/2023,ATEL,"104,000,000.00",18.00,18
25/01/2023,CECZ,"1,625,000,597.00",3.78,3.78
25/01/2023,ZABR,"546,000,000.00",7.00,7
25/01/2023,MAFS,"50,000,000.00",2.47,2.47
25/01/2023,ZMBF,"300,579,610.00",2.60,2.5
25/01/2023,SCBL,"1,666,980,000.00",1.00,1
25/01/2023,ZSUG,"316,571,385.40",18.00,18
25/01/2023,ZMRE,"45,000,000.00",2.80,2.8
25/01/2023,AECI,"20,406,600.00",42.00,42
25/01/2023,BATA,"76,107,600.00",2.55,2.55
25/01/2023,CHIL,"200,039,904.00",13.38,13.38
26/01/2023,REIZ,"56,460,198.00",1.63,1.63
26/01/2023,ZMFA,"27,090,100.00",4.70,4.7
26/01/2023,ZNCO,"1,443,750,041.28",3.19,3.18
26/01/2023,ZCCM,"160,800,286.00",37.98,37.98
26/01/2023,ZFCO,"400,000,000.00",2.51,2.51
26/01/2023,BATZ,"212,456,304.00",1.91,1.91
26/01/2023,NATB,"63,000,000.00",4.10,4.1
26/01/2023,PUMA,"500,000,000.00",1.60,1.6
26/01/2023,SHOP,"2,700,000.00",64.00,64
26/01/2023,CCAF,"1,625,000,597.00",0.63,0.63
26/01/2023,PMDZ,"100,000,000.00",0.71,0.71
26/01/2023,ATEL,"104,000,000.00",18.00,18
26/01/2023,CECZ,"1,625,000,597.00",3.78,3.79
26/01/2023,ZABR,"546,000,000.00",7.00,7
26/01/2023,MAFS,"50,000,000.00",2.47,2.47
26/01/2023,ZMBF,"300,579,610.00",2.60,2.5
26/01/2023,SCBL,"1,666,980,000.00",1.00,1
26/01/2023,ZSUG,"316,571,385.40",18.00,18
26/01/2023,ZMRE,"45,000,000.00",2.80,2.8
26/01/2023,AECI,"20,406,600.00",42.00,42
26/01/2023,BATA,"76,107,600.00",2.55,2.55
26/01/2023,CHIL,"200,039,904.00",13.38,13.38
27/01/2023,REIZ,"56,460,198.00",1.63,1.63
27/01/2023,ZMFA,"27,090,100.00",4.70,4.7
27/01/2023,ZNCO,"1,443,750,041.28",3.18,3.18
27/01/2023,ZCCM,"160,800,286.00",37.98,37.98
27/01/2023,ZFCO,"400,000,000.00",2.51,2.51
27/01/2023,BATZ,"212,456,304.00",1.91,1.91
27/01/2023,NATB,"63,000,000.00",4.10,4.1
27/01/2023,PUMA,"500,000,000.00",1.60,1.6
27/01/2023,SHOP,"2,700,000.00",64.00,64
27/01/2023,CCAF,"1,625,000,597.00",0.63,0.63
27/01/2023,PMDZ,"100,000,000.00",0.71,0.71
27/01/2023,ATEL,"104,000,000.00",18.00,18
27/01/2023,CECZ,"1,625,000,597.00",3.79,3.78
27/01/2023,ZABR,"546,000,000.00",7.00,7
27/01/2023,MAFS,"50,000,000.00",2.47,2.47
27/01/2023,ZMBF,"300,579,610.00",2.50,2.5
27/01/2023,SCBL,"1,666,980,000.00",1.00,1
27/01/2023,ZSUG,"316,571,385.40",18.00,18
27/01/2023,ZMRE,"45,000,000.00",2.80,2.8
27/01/2023,AECI,"20,406,600.00",42.00,42
27/01/2023,BATA,"76,107,600.00",2.55,2.55
27/01/2023,CHIL,"200,039,904.00",13.38,13.38
30/01/2023,REIZ,"56,460,198.00",1.63,1.63
30/01/2023,ZMFA,"27,090,100.00",4.70,4.7
30/01/2023,ZNCO,"1,443,750,041.28",3.18,3.18
30/01/2023,ZCCM,"160,800,286.00",37.98,37.98
30/01/2023,ZFCO,"400,000,000.00",2.51,2.51
30/01/2023,BATZ,"212,456,304.00",1.91,1.91
30/01/2023,NATB,"63,000,000.00",4.10,4.1
30/01/2023,PUMA,"500,000,000.00",1.60,1.6
30/01/2023,SHOP,"2,700,000.00",64.00,64
30/01/2023,CCAF,"1,625,000,597.00",0.63,0.63
30/01/2023,PMDZ,"100,000,000.00",0.71,0.71
30/01/2023,ATEL,"104,000,000.00",18.00,18
30/01/2023,CECZ,"1,625,000,597.00",3.78,3.78
30/01/2023,ZABR,"546,000,000.00",7.00,7
30/01/2023,MAFS,"50,000,000.00",2.47,2.47
30/01/2023,ZMBF,"300,579,610.00",2.50,2.5
30/01/2023,SCBL,"1,666,980,000.00",1.00,1
30/01/2023,ZSUG,"316,571,385.40",18.00,18
30/01/2023,ZMRE,"45,000,000.00",2.80,2.8
30/01/2023,AECI,"20,406,600.00",42.00,42
30/01/2023,BATA,"76,107,600.00",2.55,2.55
30/01/2023,CHIL,"200,039,904.00",13.38,13.38
31/01/2023,REIZ,"56,460,198.00",1.63,1.23
31/01/2023,ZMFA,"27,090,100.00",4.70,4.7
31/01/2023,ZNCO,"1,443,750,041.28",3.18,3.18
31/01/2023,ZCCM,"160,800,286.00",37.98,37.98
31/01/2023,ZFCO,"400,000,000.00",2.51,2.51
31/01/2023,BATZ,"212,456,304.00",1.91,1.91
31/01/2023,NATB,"63,000,000.00",4.10,4.1
31/01/2023,PUMA,"500,000,000.00",1.60,1.6
31/01/2023,SHOP,"2,700,000.00",64.00,64
31/01/2023,CCAF,"1,625,000,597.00",0.63,0.64
31/01/2023,PMDZ,"100,000,000.00",0.71,0.71
31/01/2023,ATEL,"104,000,000.00",18.00,18
31/01/2023,CECZ,"1,625,000,597.00",3.78,3.78
31/01/2023,ZABR,"546,000,000.00",7.00,7
31/01/2023,MAFS,"50,000,000.00",2.47,2.47
31/01/2023,ZMBF,"300,579,610.00",2.50,2.5
31/01/2023,SCBL,"1,666,980,000.00",1.00,1
31/01/2023,ZSUG,"316,571,385.40",18.00,18
31/01/2023,ZMRE,"45,000,000.00",2.80,2.8
31/01/2023,AECI,"20,406,600.00",42.00,42
31/01/2023,BATA,"76,107,600.00",2.55,2.55
31/01/2023,CHIL,"200,039,904.00",13.38,13.38
01/02/2023,REIZ,"56,460,198.00",1.23,1.23
01/02/2023,ZMFA,"27,090,100.00",4.70,4.7
01/02/2023,ZNCO,"1,443,750,041.28",3.18,3.18
01/02/2023,ZCCM,"160,800,286.00",37.98,37.98
01/02/2023,ZFCO,"400,000,000.00",2.51,2.51
01/02/2023,BATZ,"212,456,304.00",1.91,1.91
01/02/2023,NATB,"63,000,000.00",4.10,4.1
01/02/2023,PUMA,"500,000,000.00",1.60,1.6
01/02/2023,SHOP,"2,700,000.00",64.00,64
01/02/2023,CCAF,"1,625,000,597.00",0.64,0.64
01/02/2023,PMDZ,"100,000,000.00",0.71,0.71
01/02/2023,ATEL,"104,000,000.00",18.00,18.01
01/02/2023,CECZ,"1,625,000,597.00",3.78,3.78
01/02/2023,ZABR,"546,000,000.00",7.00,7
01/02/2023,MAFS,"50,000,000.00",2.47,2.47
01/02/2023,ZMBF,"300,579,610.00",2.50,2.5
01/02/2023,SCBL,"1,666,980,000.00",1.00,1.1
01/02/2023,ZSUG,"316,571,385.40",18.00,18
01/02/2023,ZMRE,"45,000,000.00",2.80,2.8
01/02/2023,AECI,"20,406,600.00",42.00,42
01/02/2023,BATA,"76,107,600.00",2.55,2.55
01/02/2023,CHIL,"200,039,904.00",13.38,13.38
02/02/2023,REIZ,"56,460,198.00",1.23,1.23
02/02/2023,ZMFA,"27,090,100.00",4.70,4.7
02/02/2023,ZNCO,"1,443,750,041.28",3.18,3.18
02/02/2023,ZCCM,"160,800,286.00",37.98,37.98
02/02/2023,ZFCO,"400,000,000.00",2.51,2.53
02/02/2023,BATZ,"212,456,304.00",1.91,1.91
02/02/2023,NATB,"63,000,000.00",4.10,4.1
02/02/2023,PUMA,"500,000,000.00",1.60,1.6
02/02/2023,SHOP,"2,700,000.00",64.00,64
02/02/2023,CCAF,"1,625,000,597.00",0.64,0.64
02/02/2023,PMDZ,"100,000,000.00",0.71,0.71
02/02/2023,ATEL,"104,000,000.00",18.01,18.01
02/02/2023,CECZ,"1,625,000,597.00",3.78,3.78
02/02/2023,ZABR,"546,000,000.00",7.00,7
02/02/2023,MAFS,"50,000,000.00",2.47,2.47
02/02/2023,ZMBF,"300,579,610.00",2.50,2.6
02/02/2023,SCBL,"1,666,980,000.00",1.10,1.1
02/02/2023,ZSUG,"316,571,385.40",18.00,18
02/02/2023,ZMRE,"45,000,000.00",2.80,2.8
02/02/2023,AECI,"20,406,600.00",42.00,42
02/02/2023,BATA,"76,107,600.00",2.55,2.55
02/02/2023,CHIL,"200,039,904.00",13.38,13.38
03/02/2023,REIZ,"56,460,198.00",1.23,1.23
03/02/2023,ZMFA,"27,090,100.00",4.70,4.7
03/02/2023,ZNCO,"1,443,750,041.28",3.19,3.18
03/02/2023,ZCCM,"160,800,286.00",37.98,37.98
03/02/2023,ZFCO,"400,000,000.00",2.53,2.53
03/02/2023,BATZ,"212,456,304.00",1.91,1.91
03/02/2023,NATB,"63,000,000.00",4.10,4.1
03/02/2023,PUMA,"500,000,000.00",1.60,1.6
03/02/2023,SHOP,"2,700,000.00",64.00,64
03/02/2023,CCAF,"1,625,000,597.00",0.64,0.64
03/02/2023,PMDZ,"100,000,000.00",0.71,0.71
03/02/2023,ATEL,"104,000,000.00",18.01,18.01
03/02/2023,CECZ,"1,625,000,597.00",3.78,3.78
03/02/2023,ZABR,"546,000,000.00",7.00,7
03/02/2023,MAFS,"50,000,000.00",2.47,2.47
03/02/2023,ZMBF,"300,579,610.00",2.52,2.6
03/02/2023,SCBL,"1,666,980,000.00",1.10,1.1
03/02/2023,ZSUG,"316,571,385.40",18.00,18
03/02/2023,ZMRE,"45,000,000.00",2.80,2.8
03/02/2023,AECI,"20,406,600.00",42.00,42
03/02/2023,BATA,"76,107,600.00",2.55,2.55
03/02/2023,CHIL,"200,039,904.00",13.38,13.38
06/02/2023,REIZ,"56,460,198.00",1.23,1.23
06/02/2023,ZMFA,"27,090,100.00",4.70,4.7
06/02/2023,ZNCO,"1,443,750,041.28",3.18,3.18
06/02/2023,ZCCM,"160,800,286.00",37.98,37.98
06/02/2023,ZFCO,"400,000,000.00",2.53,2.53
06/02/2023,BATZ,"212,456,304.00",1.91,1.91
06/02/2023,NATB,"63,000,000.00",4.10,4.1
06/02/2023,PUMA,"500,000,000.00",1.60,1.6
06/02/2023,SHOP,"2,700,000.00",64.00,64
06/02/2023,CCAF,"1,625,000,597.00",0.64,0.64
06/02/2023,PMDZ,"100,000,000.00",0.71,0.71
06/02/2023,ATEL,"104,000,000.00",18.01,18.01
06/02/2023,CECZ,"1,625,000,597.00",3.78,3.78
06/02/2023,ZABR,"546,000,000.00",7.00,7
06/02/2023,MAFS,"50,000,000.00",2.47,2.47
06/02/2023,ZMBF,"300,579,610.00",2.60,2.6
06/02/2023,SCBL,"1,666,980,000.00",1.00,1
06/02/2023,ZSUG,"316,571,385.40",18.00,18
06/02/2023,ZMRE,"45,000,000.00",2.80,2.8
06/02/2023,AECI,"20,406,600.00",42.00,42
06/02/2023,BATA,"76,107,600.00",2.55,2.55
06/02/2023,CHIL,"200,039,904.00",13.38,13.38
07/02/2023,REIZ,"56,460,198.00",1.23,1.23
07/02/2023,ZMFA,"27,090,100.00",4.70,4.7
07/02/2023,ZNCO,"1,443,750,041.28",3.18,3.18
07/02/2023,ZCCM,"160,800,286.00",37.98,37.98
07/02/2023,ZFCO,"400,000,000.00",2.53,2.53
07/02/2023,BATZ,"212,456,304.00",1.91,1.91
07/02/2023,NATB,"63,000,000.00",4.10,4.1
07/02/2023,PUMA,"500,000,000.00",1.60,1.62
07/02/2023,SHOP,"2,700,000.00",64.00,64
07/02/2023,CCAF,"1,625,000,597.00",0.64,0.66
07/02/2023,PMDZ,"100,000,000.00",0.71,0.71
07/02/2023,ATEL,"104,000,000.00",18.01,18.05
07/02/2023,CECZ,"1,625,000,597.00",3.78,3.78
07/02/2023,ZABR,"546,000,000.00",7.00,7
07/02/2023,MAFS,"50,000,000.00",2.47,2.47
07/02/2023,ZMBF,"300,579,610.00",2.60,2.6
07/02/2023,SCBL,"1,666,980,000.00",1.00,1
07/02/2023,ZSUG,"316,571,385.40",18.00,18.01
07/02/2023,ZMRE,"45,000,000.00",2.80,2.8
07/02/2023,AECI,"20,406,600.00",42.00,42
07/02/2023,BATA,"76,107,600.00",2.55,2.55
07/02/2023,CHIL,"200,039,904.00",13.38,13.38
08/02/2023,REIZ,"56,460,198.00",1.23,1.23
08/02/2023,ZMFA,"27,090,100.00",4.70,4.7
08/02/2023,ZNCO,"1,443,750,041.28",3.18,3.18
08/02/2023,ZCCM,"160,800,286.00",37.98,37.98
08/02/2023,ZFCO,"400,000,000.00",2.53,2.53
08/02/2023,BATZ,"212,456,304.00",1.91,1.91
08/02/2023,NATB,"63,000,000.00",4.10,4.1
08/02/2023,PUMA,"500,000,000.00",1.62,1.62
08/02/2023,SHOP,"2,700,000.00",64.00,64
08/02/2023,CCAF,"1,625,000,597.00",0.66,0.66
08/02/2023,PMDZ,"100,000,000.00",0.71,0.71
08/02/2023,ATEL,"104,000,000.00",18.05,18.05
08/02/2023,CECZ,"1,625,000,597.00",3.78,3.76
08/02/2023,ZABR,"546,000,000.00",7.00,7
08/02/2023,MAFS,"50,000,000.00",2.47,2.47
08/02/2023,ZMBF,"300,579,610.00",2.60,2.6
08/02/2023,SCBL,"1,666,980,000.00",1.00,1
08/02/2023,ZSUG,"316,571,385.40",18.00,18
08/02/2023,ZMRE,"45,000,000.00",2.80,2.8
08/02/2023,AECI,"20,406,600.00",42.00,42
08/02/2023,BATA,"76,107,600.00",2.55,2.55
08/02/2023,CHIL,"200,039,904.00",13.38,13.38
09/02/2023,REIZ,"56,460,198.00",1.23,1.23
09/02/2023,ZMFA,"27,090,100.00",4.70,4.7
09/02/2023,ZNCO,"1,443,750,041.28",3.18,3
09/02/2023,ZCCM,"160,800,286.00",37.98,37.98
09/02/2023,ZFCO,"400,000,000.00",2.53,2.53
09/02/2023,BATZ,"212,456,304.00",1.91,1.91
09/02/2023,NATB,"63,000,000.00",4.10,4.1
09/02/2023,PUMA,"500,000,000.00",1.62,1.62
09/02/2023,SHOP,"2,700,000.00",64.00,64
09/02/2023,CCAF,"1,625,000,597.00",0.66,0.66
09/02/2023,PMDZ,"100,000,000.00",0.71,0.71
09/02/2023,ATEL,"104,000,000.00",18.05,18.05
09/02/2023,CECZ,"1,625,000,597.00",3.78,3.76
09/02/2023,ZABR,"546,000,000.00",7.00,7
09/02/2023,MAFS,"50,000,000.00",2.47,2.47
09/02/2023,ZMBF,"300,579,610.00",2.60,2.6
09/02/2023,SCBL,"1,666,980,000.00",1.01,1.01
09/02/2023,ZSUG,"316,571,385.40",18.00,18
09/02/2023,ZMRE,"45,000,000.00",2.80,2.8
09/02/2023,AECI,"20,406,600.00",42.00,42
09/02/2023,BATA,"76,107,600.00",2.55,2.55
09/02/2023,CHIL,"200,039,904.00",13.38,13.38
10/02/2023,REIZ,"56,460,198.00",1.23,1.23
10/02/2023,ZMFA,"27,090,100.00",4.70,4.7
10/02/2023,ZNCO,"1,443,750,041.28",3.00,3
10/02/2023,ZCCM,"160,800,286.00",37.98,37.98
10/02/2023,ZFCO,"400,000,000.00",2.53,2.53
10/02/2023,BATZ,"212,456,304.00",1.91,1.91
10/02/2023,NATB,"63,000,000.00",4.10,4.1
10/02/2023,PUMA,"500,000,000.00",1.62,1.62
10/02/2023,SHOP,"2,700,000.00",64.00,64
10/02/2023,CCAF,"1,625,000,597.00",0.66,0.66
10/02/2023,PMDZ,"100,000,000.00",0.71,0.71
10/02/2023,ATEL,"104,000,000.00",18.05,18.05
10/02/2023,CECZ,"1,625,000,597.00",3.76,3.76
10/02/2023,ZABR,"546,000,000.00",7.00,7
10/02/2023,MAFS,"50,000,000.00",2.47,2.47
10/02/2023,ZMBF,"300,579,610.00",2.60,2.6
10/02/2023,SCBL,"1,666,980,000.00",1.01,1.1
10/02/2023,ZSUG,"316,571,385.40",18.00,18
10/02/2023,ZMRE,"45,000,000.00",2.80,2.8
10/02/2023,AECI,"20,406,600.00",42.00,42
10/02/2023,BATA,"76,107,600.00",2.55,2.55
10/02/2023,CHIL,"200,039,904.00",13.38,13.38
13/02/2023,REIZ,"56,460,198.00",1.23,1.23
13/02/2023,ZMFA,"27,090,100.00",4.70,4.7
13/02/2023,ZNCO,"1,443,750,041.28",3.00,3
13/02/2023,ZCCM,"160,800,286.00",37.98,37.98
13/02/2023,ZFCO,"400,000,000.00",2.53,2.53
13/02/2023,BATZ,"212,456,304.00",1.91,1.91
13/02/2023,NATB,"63,000,000.00",4.10,4.1
13/02/2023,PUMA,"500,000,000.00",1.62,1.62
13/02/2023,SHOP,"2,700,000.00",64.00,64
13/02/2023,CCAF,"1,625,000,597.00",0.66,0.66
13/02/2023,PMDZ,"100,000,000.00",0.71,0.71
13/02/2023,ATEL,"104,000,000.00",18.05,18.05
13/02/2023,CECZ,"1,625,000,597.00",3.76,3.76
13/02/2023,ZABR,"546,000,000.00",7.00,7
13/02/2023,MAFS,"50,000,000.00",2.47,2.47
13/02/2023,ZMBF,"300,579,610.00",2.59,2.6
13/02/2023,SCBL,"1,666,980,000.00",1.10,1.1
13/02/2023,ZSUG,"316,571,385.40",18.00,18
13/02/2023,ZMRE,"45,000,000.00",2.80,2.8
13/02/2023,AECI,"20,406,600.00",42.00,42
13/02/2023,BATA,"76,107,600.00",2.55,2.55
13/02/2023,CHIL,"200,039,904.00",13.38,13.38
14/02/2023,REIZ,"56,460,198.00",1.23,1.23
14/02/2023,ZMFA,"27,090,100.00",4.70,4.7
14/02/2023,ZNCO,"1,443,750,041.28",3.00,3
14/02/2023,ZCCM,"160,800,286.00",37.98,37.98
14/02/2023,ZFCO,"400,000,000.00",2.53,2.53
14/02/2023,BATZ,"212,456,304.00",1.91,1.91
14/02/2023,NATB,"63,000,000.00",4.10,4.1
14/02/2023,PUMA,"500,000,000.00",1.62,1.62
14/02/2023,SHOP,"2,700,000.00",64.00,64
14/02/2023,CCAF,"1,625,000,597.00",0.66,0.66
14/02/2023,PMDZ,"100,000,000.00",0.71,0.71
14/02/2023,ATEL,"104,000,000.00",18.05,18.05
14/02/2023,CECZ,"1,625,000,597.00",3.76,3.76
14/02/2023,ZABR,"546,000,000.00",7.00,7
14/02/2023,MAFS,"50,000,000.00",2.47,2.47
14/02/2023,ZMBF,"300,579,610.00",2.60,2.6
14/02/2023,SCBL,"1,666,980,000.00",1.10,1.1
14/02/2023,ZSUG,"316,571,385.40",18.00,18
14/02/2023,ZMRE,"45,000,000.00",2.80,2.8
14/02/2023,AECI,"20,406,600.00",42.00,42
14/02/2023,BATA,"76,107,600.00",2.55,2.55
14/02/2023,CHIL,"200,039,904.00",13.38,13.38
15/02/2023,REIZ,"56,460,198.00",1.23,1.23
15/02/2023,ZMFA,"27,090,100.00",4.70,4.7
15/02/2023,ZNCO,"1,443,750,041.28",3.00,3.18
15/02/2023,ZCCM,"160,800,286.00",37.98,37.98
15/02/2023,ZFCO,"400,000,000.00",2.53,2.53
15/02/2023,BATZ,"212,456,304.00",1.91,1.91
15/02/2023,NATB,"63,000,000.00",4.10,4.1
15/02/2023,PUMA,"500,000,000.00",1.62,1.62
15/02/2023,SHOP,"2,700,000.00",64.00,64
15/02/2023,CCAF,"1,625,000,597.00",0.66,0.66
15/02/2023,PMDZ,"100,000,000.00",0.71,0.71
15/02/2023,ATEL,"104,000,000.00",18.05,18.05
15/02/2023,CECZ,"1,625,000,597.00",3.76,3.76
15/02/2023,ZABR,"546,000,000.00",7.00,7
15/02/2023,MAFS,"50,000,000.00",2.47,2.47
15/02/2023,ZMBF,"300,579,610.00",2.60,2.6
15/02/2023,SCBL,"1,666,980,000.00",1.10,1.1
15/02/2023,ZSUG,"316,571,385.40",18.00,18
15/02/2023,ZMRE,"45,000,000.00",2.80,2.8
15/02/2023,AECI,"20,406,600.00",42.00,42
15/02/2023,BATA,"76,107,600.00",2.55,2.55
15/02/2023,CHIL,"200,039,904.00",13.38,13.38
16/02/2023,REIZ,"56,460,198.00",1.23,1.23
16/02/2023,ZMFA,"27,090,100.00",4.70,4.7
16/02/2023,ZNCO,"1,443,750,041.28",3.12,3.18
16/02/2023,ZCCM,"160,800,286.00",37.98,37.98
16/02/2023,ZFCO,"400,000,000.00",2.53,2.53
16/02/2023,BATZ,"212,456,304.00",1.91,1.91
16/02/2023,NATB,"63,000,000.00",4.10,4.1
16/02/2023,PUMA,"500,000,000.00",1.62,1.62
16/02/2023,SHOP,"2,700,000.00",64.00,64
16/02/2023,CCAF,"1,625,000,597.00",0.66,0.66
16/02/2023,PMDZ,"100,000,000.00",0.71,0.71
16/02/2023,ATEL,"104,000,000.00",18.05,18.05
16/02/2023,CECZ,"1,625,000,597.00",3.76,3.76
16/02/2023,ZABR,"546,000,000.00",7.00,7
16/02/2023,MAFS,"50,000,000.00",2.47,2.47
16/02/2023,ZMBF,"300,579,610.00",2.60,2.6
16/02/2023,SCBL,"1,666,980,000.00",1.10,1.1
16/02/2023,ZSUG,"316,571,385.40",18.00,18
16/02/2023,ZMRE,"45,000,000.00",2.80,2.8
16/02/2023,AECI,"20,406,600.00",42.00,42
16/02/2023,BATA,"76,107,600.00",2.55,2.55
16/02/2023,CHIL,"200,039,904.00",13.38,13.38
17/02/2023,REIZ,"56,460,198.00",1.23,1.23
17/02/2023,ZMFA,"27,090,100.00",4.70,4.7
17/02/2023,ZNCO,"1,443,750,041.28",3.18,3
17/02/2023,ZCCM,"160,800,286.00",37.98,37.98
17/02/2023,ZFCO,"400,000,000.00",2.53,2.53
17/02/2023,BATZ,"212,456,304.00",1.91,1.91
17/02/2023,NATB,"63,000,000.00",4.10,4.1
17/02/2023,PUMA,"500,000,000.00",1.62,1.62
17/02/2023,SHOP,"2,700,000.00",64.00,64
17/02/2023,CCAF,"1,625,000,597.00",0.66,0.66
17/02/2023,PMDZ,"100,000,000.00",0.71,0.71
17/02/2023,ATEL,"104,000,000.00",18.05,18.05
17/02/2023,CECZ,"1,625,000,597.00",3.76,3.76
17/02/2023,ZABR,"546,000,000.00",7.00,7
17/02/2023,MAFS,"50,000,000.00",2.47,2.47
17/02/2023,ZMBF,"300,579,610.00",2.60,2.6
17/02/2023,SCBL,"1,666,980,000.00",1.10,1.1
17/02/2023,ZSUG,"316,571,385.40",18.00,18
17/02/2023,ZMRE,"45,000,000.00",2.80,2.8
17/02/2023,AECI,"20,406,600.00",42.00,42
17/02/2023,BATA,"76,107,600.00",2.55,2.55
17/02/2023,CHIL,"200,039,904.00",13.38,13.38
20/02/2023,REIZ,"56,460,198.00",1.23,1.23
20/02/2023,ZMFA,"27,090,100.00",4.70,4.7
20/02/2023,ZNCO,"1,443,750,041.28",3.03,3.03
20/02/2023,ZCCM,"160,800,286.00",37.98,37.98
20/02/2023,ZFCO,"400,000,000.00",2.53,2.53
20/02/2023,BATZ,"212,456,304.00",1.91,1.91
20/02/2023,NATB,"63,000,000.00",4.10,4.1
20/02/2023,PUMA,"500,000,000.00",1.62,1.62
20/02/2023,SHOP,"2,700,000.00",64.00,64
20/02/2023,CCAF,"1,625,000,597.00",0.66,0.66
20/02/2023,PMDZ,"100,000,000.00",0.71,0.71
20/02/2023,ATEL,"104,000,000.00",18.05,18.05
20/02/2023,CECZ,"1,625,000,597.00",3.76,3.75
20/02/2023,ZABR,"546,000,000.00",7.00,7
20/02/2023,MAFS,"50,000,000.00",2.47,2.47
20/02/2023,ZMBF,"300,579,610.00",2.60,2.6
20/02/2023,SCBL,"1,666,980,000.00",1.10,1.1
20/02/2023,ZSUG,"316,571,385.40",18.00,18
20/02/2023,ZMRE,"45,000,000.00",2.80,2.8
20/02/2023,AECI,"20,406,600.00",42.00,42
20/02/2023,BATA,"76,107,600.00",2.55,2.55
20/02/2023,CHIL,"200,039,904.00",13.38,13.38
21/02/2023,REIZ,"56,460,198.00",1.23,1.23
21/02/2023,ZMFA,"27,090,100.00",4.70,4.7
21/02/2023,ZNCO,"1,443,750,041.28",3.03,3.18
21/02/2023,ZCCM,"160,800,286.00",37.98,37.98
21/02/2023,ZFCO,"400,000,000.00",2.53,2.53
21/02/2023,BATZ,"212,456,304.00",1.91,1.91
21/02/2023,NATB,"63,000,000.00",4.10,4.1
21/02/2023,PUMA,"500,000,000.00",1.62,1.62
21/02/2023,SHOP,"2,700,000.00",64.00,64
21/02/2023,CCAF,"1,625,000,597.00",0.66,0.66
21/02/2023,PMDZ,"100,000,000.00",0.71,0.71
21/02/2023,ATEL,"104,000,000.00",18.05,18.05
21/02/2023,CECZ,"1,625,000,597.00",3.75,3.75
21/02/2023,ZABR,"546,000,000.00",7.00,7
21/02/2023,MAFS,"50,000,000.00",2.47,2.47
21/02/2023,ZMBF,"300,579,610.00",2.60,2.6
21/02/2023,SCBL,"1,666,980,000.00",1.10,1.1
21/02/2023,ZSUG,"316,571,385.40",18.00,18
21/02/2023,ZMRE,"45,000,000.00",2.80,2.8
21/02/2023,AECI,"20,406,600.00",42.00,42
21/02/2023,BATA,"76,107,600.00",2.55,2.55
21/02/2023,CHIL,"200,039,904.00",13.38,13.38
22/02/2023,REIZ,"56,460,198.00",1.23,1.23
22/02/2023,ZMFA,"27,090,100.00",4.70,4.7
22/02/2023,ZNCO,"1,443,750,041.28",3.18,3.18
22/02/2023,ZCCM,"160,800,286.00",37.98,37.98
22/02/2023,ZFCO,"400,000,000.00",2.53,2.53
22/02/2023,BATZ,"212,456,304.00",1.91,1.91
22/02/2023,NATB,"63,000,000.00",4.10,4.1
22/02/2023,PUMA,"500,000,000.00",1.62,1.62
22/02/2023,SHOP,"2,700,000.00",64.00,64
22/02/2023,CCAF,"1,625,000,597.00",0.66,0.66
22/02/2023,PMDZ,"100,000,000.00",0.71,0.71
22/02/2023,ATEL,"104,000,000.00",18.05,18.05
22/02/2023,CECZ,"1,625,000,597.00",3.75,3.76
22/02/2023,ZABR,"546,000,000.00",7.00,7
22/02/2023,MAFS,"50,000,000.00",2.47,2.47
22/02/2023,ZMBF,"300,579,610.00",2.60,2.6
22/02/2023,SCBL,"1,666,980,000.00",1.10,1.1
22/02/2023,ZSUG,"316,571,385.40",18.00,18
22/02/2023,ZMRE,"45,000,000.00",2.80,2.8
22/02/2023,AECI,"20,406,600.00",42.00,42
22/02/2023,BATA,"76,107,600.00",2.55,2.55
22/02/2023,CHIL,"200,039,904.00",13.38,13.38
23/02/2023,REIZ,"56,460,198.00",1.23,1.23
23/02/2023,ZMFA,"27,090,100.00",4.70,4.7
23/02/2023,ZNCO,"1,443,750,041.28",3.18,3
23/02/2023,ZCCM,"160,800,286.00",37.98,37.98
23/02/2023,ZFCO,"400,000,000.00",2.53,2.53
23/02/2023,BATZ,"212,456,304.00",1.91,1.91
23/02/2023,NATB,"63,000,000.00",4.10,4.1
23/02/2023,PUMA,"500,000,000.00",1.62,1.62
23/02/2023,SHOP,"2,700,000.00",64.00,64
23/02/2023,CCAF,"1,625,000,597.00",0.66,0.64
23/02/2023,PMDZ,"100,000,000.00",0.71,0.71
23/02/2023,ATEL,"104,000,000.00",18.05,18.15
23/02/2023,CECZ,"1,625,000,597.00",3.76,3.75
23/02/2023,ZABR,"546,000,000.00",7.00,7
23/02/2023,MAFS,"50,000,000.00",2.47,2.47
23/02/2023,ZMBF,"300,579,610.00",2.60,2.6
23/02/2023,SCBL,"1,666,980,000.00",1.10,1.1
23/02/2023,ZSUG,"316,571,385.40",18.00,18
23/02/2023,ZMRE,"45,000,000.00",2.80,2.8
23/02/2023,AECI,"20,406,600.00",42.00,42
23/02/2023,BATA,"76,107,600.00",2.55,2.55
23/02/2023,CHIL,"200,039,904.00",13.38,13.38
24/02/2023,REIZ,"56,460,198.00",1.23,1.23
24/02/2023,ZMFA,"27,090,100.00",4.70,4.7
24/02/2023,ZNCO,"1,443,750,041.28",3.03,3.18
24/02/2023,ZCCM,"160,800,286.00",37.98,37.98
24/02/2023,ZFCO,"400,000,000.00",2.53,2.53
24/02/2023,BATZ,"212,456,304.00",1.91,1.91
24/02/2023,NATB,"63,000,000.00",4.10,4.1
24/02/2023,PUMA,"500,000,000.00",1.62,1.85
24/02/2023,SHOP,"2,700,000.00",64.00,64
24/02/2023,CCAF,"1,625,000,597.00",0.64,0.64
24/02/2023,PMDZ,"100,000,000.00",0.71,0.71
24/02/2023,ATEL,"104,000,000.00",18.15,18.15
24/02/2023,CECZ,"1,625,000,597.00",3.76,3.76
24/02/2023,ZABR,"546,000,000.00",7.00,7
24/02/2023,MAFS,"50,000,000.00",2.47,2.47
24/02/2023,ZMBF,"300,579,610.00",2.60,2.59
24/02/2023,SCBL,"1,666,980,000.00",1.10,1.1
24/02/2023,ZSUG,"316,571,385.40",18.00,18
24/02/2023,ZMRE,"45,000,000.00",2.80,2.8
24/02/2023,AECI,"20,406,600.00",42.00,42
24/02/2023,BATA,"76,107,600.00",2.55,2.55
24/02/2023,CHIL,"200,039,904.00",13.38,13.38
27/02/2023,REIZ,"56,460,198.00",1.23,1.23
27/02/2023,ZMFA,"27,090,100.00",4.70,4.7
27/02/2023,ZNCO,"1,443,750,041.28",3.06,3.06
27/02/2023,ZCCM,"160,800,286.00",37.98,37.98
27/02/2023,ZFCO,"400,000,000.00",2.53,2.53
27/02/2023,BATZ,"212,456,304.00",1.91,1.91
27/02/2023,NATB,"63,000,000.00",4.10,4.1
27/02/2023,PUMA,"500,000,000.00",1.85,1.85
27/02/2023,SHOP,"2,700,000.00",64.00,64
27/02/2023,CCAF,"1,625,000,597.00",0.64,0.64
27/02/2023,PMDZ,"100,000,000.00",0.71,0.71
27/02/2023,ATEL,"104,000,000.00",18.15,18.15
27/02/2023,CECZ,"1,625,000,597.00",3.76,3.76
27/02/2023,ZABR,"546,000,000.00",7.00,7
27/02/2023,MAFS,"50,000,000.00",2.47,2.47
27/02/2023,ZMBF,"300,579,610.00",2.59,2.59
27/02/2023,SCBL,"1,666,980,000.00",1.10,1.1
27/02/2023,ZSUG,"316,571,385.40",18.00,18
27/02/2023,ZMRE,"45,000,000.00",2.80,2.8
27/02/2023,AECI,"20,406,600.00",42.00,42
27/02/2023,BATA,"76,107,600.00",2.55,2.55
27/02/2023,CHIL,"200,039,904.00",13.38,13.38
28/02/2023,REIZ,"56,460,198.00",1.23,1.23
28/02/2023,ZMFA,"27,090,100.00",4.70,4.7
28/02/2023,ZNCO,"1,443,750,041.28",3.06,3.06
28/02/2023,ZCCM,"160,800,286.00",37.98,37.98
28/02/2023,ZFCO,"400,000,000.00",2.53,2.53
28/02/2023,BATZ,"212,456,304.00",1.91,1.91
28/02/2023,NATB,"63,000,000.00",4.10,4.1
28/02/2023,PUMA,"500,000,000.00",1.85,1.85
28/02/2023,SHOP,"2,700,000.00",64.00,64
28/02/2023,CCAF,"1,625,000,597.00",0.64,0.63
28/02/2023,PMDZ,"100,000,000.00",0.71,0.71
28/02/2023,ATEL,"104,000,000.00",18.15,18.15
28/02/2023,CECZ,"1,625,000,597.00",3.76,3.76
28/02/2023,ZABR,"546,000,000.00",7.00,7
28/02/2023,MAFS,"50,000,000.00",2.47,2.47
28/02/2023,ZMBF,"300,579,610.00",2.59,2.59
28/02/2023,SCBL,"1,666,980,000.00",1.10,1.1
28/02/2023,ZSUG,"316,571,385.40",18.00,18
28/02/2023,ZMRE,"45,000,000.00",2.80,2.8
28/02/2023,AECI,"20,406,600.00",42.00,42
28/02/2023,BATA,"76,107,600.00",2.55,2.55
28/02/2023,CHIL,"200,039,904.00",13.38,13.38
01/03/2023,REIZ,"56,460,198.00",1.23,1.23
01/03/2023,ZMFA,"27,090,100.00",4.70,4.7
01/03/2023,ZNCO,"1,443,750,041.28",3.06,3.1
01/03/2023,ZCCM,"160,800,286.00",37.98,37.98
01/03/2023,ZFCO,"400,000,000.00",2.53,2.53
01/03/2023,BATZ,"212,456,304.00",1.91,1.91
01/03/2023,NATB,"63,000,000.00",4.10,4.1
01/03/2023,PUMA,"500,000,000.00",1.85,1.85
01/03/2023,SHOP,"2,700,000.00",64.00,64
01/03/2023,CCAF,"1,625,000,597.00",0.63,0.63
01/03/2023,PMDZ,"100,000,000.00",0.71,0.71
01/03/2023,ATEL,"104,000,000.00",18.15,18.15
01/03/2023,CECZ,"1,625,000,597.00",3.76,3.76
01/03/2023,ZABR,"546,000,000.00",7.00,7
01/03/2023,MAFS,"50,000,000.00",2.47,2.47
01/03/2023,ZMBF,"300,579,610.00",2.59,2.59
01/03/2023,SCBL,"1,666,980,000.00",1.10,1.1
01/03/2023,ZSUG,"316,571,385.40",18.00,18
01/03/2023,ZMRE,"45,000,000.00",2.80,2.8
01/03/2023,AECI,"20,406,600.00",42.00,42
01/03/2023,BATA,"76,107,600.00",2.55,2.55
01/03/2023,CHIL,"200,039,904.00",13.38,13.38
02/03/2023,REIZ,"56,460,198.00",1.23,1.23
02/03/2023,ZMFA,"27,090,100.00",4.70,4.71
02/03/2023,ZNCO,"1,443,750,041.28",3.10,3.1
02/03/2023,ZCCM,"160,800,286.00",37.98,37.98
02/03/2023,ZFCO,"400,000,000.00",2.53,2.53
02/03/2023,BATZ,"212,456,304.00",1.91,1.91
02/03/2023,NATB,"63,000,000.00",4.10,4.1
02/03/2023,PUMA,"500,000,000.00",1.85,1.85
02/03/2023,SHOP,"2,700,000.00",64.00,64
02/03/2023,CCAF,"1,625,000,597.00",0.63,0.63
02/03/2023,PMDZ,"100,000,000.00",0.71,0.71
02/03/2023,ATEL,"104,000,000.00",18.15,18.15
02/03/2023,CECZ,"1,625,000,597.00",3.76,3.76
02/03/2023,ZABR,"546,000,000.00",7.00,7
02/03/2023,MAFS,"50,000,000.00",2.47,2.47
02/03/2023,ZMBF,"300,579,610.00",2.59,2.59
02/03/2023,SCBL,"1,666,980,000.00",1.10,1.32
02/03/2023,ZSUG,"316,571,385.40",18.00,18.01
02/03/2023,ZMRE,"45,000,000.00",2.80,2.8
02/03/2023,AECI,"20,406,600.00",42.00,42
02/03/2023,BATA,"76,107,600.00",2.55,2.55
02/03/2023,CHIL,"200,039,904.00",13.38,13.38
03/03/2023,REIZ,"56,460,198.00",1.23,1.23
03/03/2023,ZMFA,"27,090,100.00",4.71,4.71
03/03/2023,ZNCO,"1,443,750,041.28",3.10,3.1
03/03/2023,ZCCM,"160,800,286.00",37.98,37.98
03/03/2023,ZFCO,"400,000,000.00",2.53,2.53
03/03/2023,BATZ,"212,456,304.00",1.91,1.91
03/03/2023,NATB,"63,000,000.00",4.10,4.1
03/03/2023,PUMA,"500,000,000.00",1.85,1.85
03/03/2023,SHOP,"2,700,000.00",64.00,64
03/03/2023,CCAF,"1,625,000,597.00",0.63,0.63
03/03/2023,PMDZ,"100,000,000.00",0.71,0.71
03/03/2023,ATEL,"104,000,000.00",18.15,18.5
03/03/2023,CECZ,"1,625,000,597.00",3.76,3.76
03/03/2023,ZABR,"546,000,000.00",7.00,7
03/03/2023,MAFS,"50,000,000.00",2.47,2.47
03/03/2023,ZMBF,"300,579,610.00",2.59,2.59
03/03/2023,SCBL,"1,666,980,000.00",1.32,1.3
03/03/2023,ZSUG,"316,571,385.40",18.01,18.01
03/03/2023,ZMRE,"45,000,000.00",2.80,2.8
03/03/2023,AECI,"20,406,600.00",42.00,42
03/03/2023,BATA,"76,107,600.00",2.55,2.57
03/03/2023,CHIL,"200,039,904.00",13.38,13.38
06/03/2023,REIZ,"56,460,198.00",1.23,1.23
06/03/2023,ZMFA,"27,090,100.00",4.71,4.71
06/03/2023,ZNCO,"1,443,750,041.28",3.10,3.1
06/03/2023,ZCCM,"160,800,286.00",37.98,37.98
06/03/2023,ZFCO,"400,000,000.00",2.53,2.53
06/03/2023,BATZ,"212,456,304.00",1.91,1.91
06/03/2023,NATB,"63,000,000.00",4.10,4.1
06/03/2023,PUMA,"500,000,000.00",1.85,1.8
06/03/2023,SHOP,"2,700,000.00",64.00,64
06/03/2023,CCAF,"1,625,000,597.00",0.63,0.63
06/03/2023,PMDZ,"100,000,000.00",0.71,0.71
06/03/2023,ATEL,"104,000,000.00",18.50,18.5
06/03/2023,CECZ,"1,625,000,597.00",3.76,3.76
06/03/2023,ZABR,"546,000,000.00",7.00,7
06/03/2023,MAFS,"50,000,000.00",2.47,2.47
06/03/2023,ZMBF,"300,579,610.00",2.59,2.59
06/03/2023,SCBL,"1,666,980,000.00",1.30,1.3
06/03/2023,ZSUG,"316,571,385.40",18.01,18.01
06/03/2023,ZMRE,"45,000,000.00",2.80,2.8
06/03/2023,AECI,"20,406,600.00",42.00,42
06/03/2023,BATA,"76,107,600.00",2.57,2.57
06/03/2023,CHIL,"200,039,904.00",13.38,13.38
07/03/2023,REIZ,"56,460,198.00",1.23,1.23
07/03/2023,ZMFA,"27,090,100.00",4.71,4.71
07/03/2023,ZNCO,"1,443,750,041.28",3.10,3.1
07/03/2023,ZCCM,"160,800,286.00",37.98,37.98
07/03/2023,ZFCO,"400,000,000.00",2.53,2.53
07/03/2023,BATZ,"212,456,304.00",1.91,1.91
07/03/2023,NATB,"63,000,000.00",4.10,4.1
07/03/2023,PUMA,"500,000,000.00",1.80,1.8
07/03/2023,SHOP,"2,700,000.00",64.00,64
07/03/2023,CCAF,"1,625,000,597.00",0.63,0.63
07/03/2023,PMDZ,"100,000,000.00",0.71,0.71
07/03/2023,ATEL,"104,000,000.00",18.50,18.5
07/03/2023,CECZ,"1,625,000,597.00",3.76,3.76
07/03/2023,ZABR,"546,000,000.00",7.00,7
07/03/2023,MAFS,"50,000,000.00",2.47,2.47
07/03/2023,ZMBF,"300,579,610.00",2.59,2.59
07/03/2023,SCBL,"1,666,980,000.00",1.30,1.3
07/03/2023,ZSUG,"316,571,385.40",18.01,18
07/03/2023,ZMRE,"45,000,000.00",2.80,2.8
07/03/2023,AECI,"20,406,600.00",42.00,42
07/03/2023,BATA,"76,107,600.00",2.57,2.57
07/03/2023,CHIL,"200,039,904.00",13.38,13.37
09/03/2023,REIZ,"56,460,198.00",1.23,1.23
09/03/2023,ZMFA,"27,090,100.00",4.71,4.71
09/03/2023,ZNCO,"1,443,750,041.28",3.10,3.1
09/03/2023,ZCCM,"160,800,286.00",37.98,37.98
09/03/2023,ZFCO,"400,000,000.00",2.53,2.53
09/03/2023,BATZ,"212,456,304.00",1.91,1.91
09/03/2023,NATB,"63,000,000.00",4.10,4.1
09/03/2023,PUMA,"500,000,000.00",1.80,1.8
09/03/2023,SHOP,"2,700,000.00",64.00,64
09/03/2023,CCAF,"1,625,000,597.00",0.63,0.63
09/03/2023,PMDZ,"100,000,000.00",0.71,0.71
09/03/2023,ATEL,"104,000,000.00",18.50,18.5
09/03/2023,CECZ,"1,625,000,597.00",3.76,3.76
09/03/2023,ZABR,"546,000,000.00",7.00,7
09/03/2023,MAFS,"50,000,000.00",2.47,2.47
09/03/2023,ZMBF,"300,579,610.00",2.59,2.59
09/03/2023,SCBL,"1,666,980,000.00",1.00,1
09/03/2023,ZSUG,"316,571,385.40",18.00,18
09/03/2023,ZMRE,"45,000,000.00",2.80,2.8
09/03/2023,AECI,"20,406,600.00",42.00,42
09/03/2023,BATA,"76,107,600.00",2.57,2.57
09/03/2023,CHIL,"200,039,904.00",13.37,13.37
10/03/2023,REIZ,"56,460,198.00",1.23,1.23
10/03/2023,ZMFA,"27,090,100.00",4.71,4.71
10/03/2023,ZNCO,"1,443,750,041.28",3.10,3.1
10/03/2023,ZCCM,"160,800,286.00",37.98,37.98
10/03/2023,ZFCO,"400,000,000.00",2.53,2.53
10/03/2023,BATZ,"212,456,304.00",1.91,1.91
10/03/2023,NATB,"63,000,000.00",4.10,4.1
10/03/2023,PUMA,"500,000,000.00",1.80,1.8
10/03/2023,SHOP,"2,700,000.00",64.00,64
10/03/2023,CCAF,"1,625,000,597.00",0.63,0.63
10/03/2023,PMDZ,"100,000,000.00",0.71,0.71
10/03/2023,ATEL,"104,000,000.00",18.50,18.5
10/03/2023,CECZ,"1,625,000,597.00",3.76,3.76
10/03/2023,ZABR,"546,000,000.00",7.00,7
10/03/2023,MAFS,"50,000,000.00",2.47,2.47
10/03/2023,ZMBF,"300,579,610.00",2.59,2.59
10/03/2023,SCBL,"1,666,980,000.00",1.00,1
10/03/2023,ZSUG,"316,571,385.40",18.00,18
10/03/2023,ZMRE,"45,000,000.00",2.80,2.8
10/03/2023,AECI,"20,406,600.00",42.00,42
10/03/2023,BATA,"76,107,600.00",2.57,2.57
10/03/2023,CHIL,"200,039,904.00",13.37,13.37
14/03/2023,REIZ,"56,460,198.00",1.23,1.23
14/03/2023,ZMFA,"27,090,100.00",4.71,4.71
14/03/2023,ZNCO,"1,443,750,041.28",3.10,3.1
14/03/2023,ZCCM,"160,800,286.00",37.98,37.98
14/03/2023,ZFCO,"400,000,000.00",2.53,2.53
14/03/2023,BATZ,"212,456,304.00",1.91,1.91
14/03/2023,NATB,"63,000,000.00",4.10,4.1
14/03/2023,PUMA,"500,000,000.00",1.80,1.8
14/03/2023,SHOP,"2,700,000.00",64.00,64
14/03/2023,CCAF,"1,625,000,597.00",0.63,0.63
14/03/2023,PMDZ,"100,000,000.00",0.71,0.71
14/03/2023,ATEL,"104,000,000.00",18.50,18.5
14/03/2023,CECZ,"1,625,000,597.00",3.76,3.76
14/03/2023,ZABR,"546,000,000.00",7.00,7
14/03/2023,MAFS,"50,000,000.00",2.47,2.47
14/03/2023,ZMBF,"300,579,610.00",2.59,2.6
14/03/2023,SCBL,"1,666,980,000.00",1.00,1.1
14/03/2023,ZSUG,"316,571,385.40",18.00,18
14/03/2023,ZMRE,"45,000,000.00",2.80,2.8
14/03/2023,AECI,"20,406,600.00",42.00,42
14/03/2023,BATA,"76,107,600.00",2.57,2.57
14/03/2023,CHIL,"200,039,904.00",13.37,13.37
15/03/2023,REIZ,"56,460,198.00",1.23,1.23
15/03/2023,ZMFA,"27,090,100.00",4.71,4.71
15/03/2023,ZNCO,"1,443,750,041.28",3.10,3.1
15/03/2023,ZCCM,"160,800,286.00",37.98,37.98
15/03/2023,ZFCO,"400,000,000.00",2.53,2.53
15/03/2023,BATZ,"212,456,304.00",1.91,1.91
15/03/2023,NATB,"63,000,000.00",4.10,4.1
15/03/2023,PUMA,"500,000,000.00",1.80,1.8
15/03/2023,SHOP,"2,700,000.00",64.00,64
15/03/2023,CCAF,"1,625,000,597.00",0.63,0.63
15/03/2023,PMDZ,"100,000,000.00",0.71,0.71
15/03/2023,ATEL,"104,000,000.00",18.50,18.5
15/03/2023,CECZ,"1,625,000,597.00",3.76,3.76
15/03/2023,ZABR,"546,000,000.00",7.00,7
15/03/2023,MAFS,"50,000,000.00",2.47,2.47
15/03/2023,ZMBF,"300,579,610.00",2.59,2.59
15/03/2023,SCBL,"1,666,980,000.00",1.10,1.1
15/03/2023,ZSUG,"316,571,385.40",18.00,18
15/03/2023,ZMRE,"45,000,000.00",2.80,2.8
15/03/2023,AECI,"20,406,600.00",42.00,42
15/03/2023,BATA,"76,107,600.00",2.57,2.57
15/03/2023,CHIL,"200,039,904.00",13.37,13.37
16/03/2023,REIZ,"56,460,198.00",1.23,1.23
16/03/2023,ZMFA,"27,090,100.00",4.71,4.79
16/03/2023,ZNCO,"1,443,750,041.28",3.10,3.1
16/03/2023,ZCCM,"160,800,286.00",37.98,37.98
16/03/2023,ZFCO,"400,000,000.00",2.53,2.53
16/03/2023,BATZ,"212,456,304.00",1.91,1.91
16/03/2023,NATB,"63,000,000.00",4.10,4.1
16/03/2023,PUMA,"500,000,000.00",1.80,1.79
16/03/2023,SHOP,"2,700,000.00",64.00,64
16/03/2023,CCAF,"1,625,000,597.00",0.63,0.63
16/03/2023,PMDZ,"100,000,000.00",0.71,0.71
16/03/2023,ATEL,"104,000,000.00",18.50,18.5
16/03/2023,CECZ,"1,625,000,597.00",3.76,3.76
16/03/2023,ZABR,"546,000,000.00",7.00,7
16/03/2023,MAFS,"50,000,000.00",2.47,2.47
16/03/2023,ZMBF,"300,579,610.00",2.59,2.59
16/03/2023,SCBL,"1,666,980,000.00",1.26,1.26
16/03/2023,ZSUG,"316,571,385.40",18.00,18
16/03/2023,ZMRE,"45,000,000.00",2.80,2.8
16/03/2023,AECI,"20,406,600.00",42.00,42
16/03/2023,BATA,"76,107,600.00",2.57,2.57
16/03/2023,CHIL,"200,039,904.00",13.37,13.37
17/03/2023,REIZ,"56,460,198.00",1.23,1.23
17/03/2023,ZMFA,"27,090,100.00",4.79,4.79
17/03/2023,ZNCO,"1,443,750,041.28",3.10,3.1
17/03/2023,ZCCM,"160,800,286.00",37.98,37.98
17/03/2023,ZFCO,"400,000,000.00",2.53,2.53
17/03/2023,BATZ,"212,456,304.00",1.91,1.91
17/03/2023,NATB,"63,000,000.00",4.10,4.1
17/03/2023,PUMA,"500,000,000.00",1.79,1.79
17/03/2023,SHOP,"2,700,000.00",64.00,64
17/03/2023,CCAF,"1,625,000,597.00",0.63,0.63
17/03/2023,PMDZ,"100,000,000.00",0.71,0.71
17/03/2023,ATEL,"104,000,000.00",18.50,18.5
17/03/2023,CECZ,"1,625,000,597.00",3.76,3.76
17/03/2023,ZABR,"546,000,000.00",7.00,7
17/03/2023,MAFS,"50,000,000.00",2.47,2.47
17/03/2023,ZMBF,"300,579,610.00",2.59,2.59
17/03/2023,SCBL,"1,666,980,000.00",1.26,1.3
17/03/2023,ZSUG,"316,571,385.40",18.00,18
17/03/2023,ZMRE,"45,000,000.00",2.80,2.8
17/03/2023,AECI,"20,406,600.00",42.00,42
17/03/2023,BATA,"76,107,600.00",2.57,2.57
17/03/2023,CHIL,"200,039,904.00",13.37,13.37
20/03/2023,REIZ,"56,460,198.00",1.23,1.23
20/03/2023,ZMFA,"27,090,100.00",4.79,4.79
20/03/2023,ZNCO,"1,443,750,041.28",3.10,3.1
20/03/2023,ZCCM,"160,800,286.00",37.98,37.98
20/03/2023,ZFCO,"400,000,000.00",2.53,2.53
20/03/2023,BATZ,"212,456,304.00",1.91,1.91
20/03/2023,NATB,"63,000,000.00",4.10,4.1
20/03/2023,PUMA,"500,000,000.00",1.79,1.79
20/03/2023,SHOP,"2,700,000.00",64.00,64
20/03/2023,CCAF,"1,625,000,597.00",0.63,0.63
20/03/2023,PMDZ,"100,000,000.00",0.71,0.71
20/03/2023,ATEL,"104,000,000.00",18.50,18.5
20/03/2023,CECZ,"1,625,000,597.00",3.76,3.76
20/03/2023,ZABR,"546,000,000.00",7.00,7
20/03/2023,MAFS,"50,000,000.00",2.47,2.47
20/03/2023,ZMBF,"300,579,610.00",2.59,2.59
20/03/2023,SCBL,"1,666,980,000.00",1.30,1.3
20/03/2023,ZSUG,"316,571,385.40",18.00,18
20/03/2023,ZMRE,"45,000,000.00",2.80,2.8
20/03/2023,AECI,"20,406,600.00",42.00,42
20/03/2023,BATA,"76,107,600.00",2.57,2.57
20/03/2023,CHIL,"200,039,904.00",13.37,13.38
21/03/2023,REIZ,"56,460,198.00",1.23,1.23
21/03/2023,ZMFA,"27,090,100.00",4.79,4.79
21/03/2023,ZNCO,"1,443,750,041.28",3.10,3.1
21/03/2023,ZCCM,"160,800,286.00",37.98,37.98
21/03/2023,ZFCO,"400,000,000.00",2.53,2.53
21/03/2023,BATZ,"212,456,304.00",1.91,1.91
21/03/2023,NATB,"63,000,000.00",4.10,4.1
21/03/2023,PUMA,"500,000,000.00",1.79,1.79
21/03/2023,SHOP,"2,700,000.00",64.00,64
21/03/2023,CCAF,"1,625,000,597.00",0.63,0.63
21/03/2023,PMDZ,"100,000,000.00",0.71,0.71
21/03/2023,ATEL,"104,000,000.00",18.50,18.5
21/03/2023,CECZ,"1,625,000,597.00",3.76,3.76
21/03/2023,ZABR,"546,000,000.00",7.00,7
21/03/2023,MAFS,"50,000,000.00",2.47,2.47
21/03/2023,ZMBF,"300,579,610.00",2.59,2.59
21/03/2023,SCBL,"1,666,980,000.00",1.30,1.1
21/03/2023,ZSUG,"316,571,385.40",18.00,18
21/03/2023,ZMRE,"45,000,000.00",2.80,2.8
21/03/2023,AECI,"20,406,600.00",42.00,42
21/03/2023,BATA,"76,107,600.00",2.57,2.57
21/03/2023,CHIL,"200,039,904.00",13.38,13.38
22/03/2023,REIZ,"56,460,198.00",1.23,1.23
22/03/2023,ZMFA,"27,090,100.00",4.79,4.79
22/03/2023,ZNCO,"1,443,750,041.28",3.10,3.1
22/03/2023,ZCCM,"160,800,286.00",37.98,37.98
22/03/2023,ZFCO,"400,000,000.00",2.53,2.53
22/03/2023,BATZ,"212,456,304.00",1.91,1.91
22/03/2023,NATB,"63,000,000.00",4.10,4.1
22/03/2023,PUMA,"500,000,000.00",1.79,1.79
22/03/2023,SHOP,"2,700,000.00",64.00,64
22/03/2023,CCAF,"1,625,000,597.00",0.63,0.63
22/03/2023,PMDZ,"100,000,000.00",0.71,0.71
22/03/2023,ATEL,"104,000,000.00",18.50,18.5
22/03/2023,CECZ,"1,625,000,597.00",3.76,3.76
22/03/2023,ZABR,"546,000,000.00",7.00,7
22/03/2023,MAFS,"50,000,000.00",2.47,2.47
22/03/2023,ZMBF,"300,579,610.00",2.59,2.59
22/03/2023,SCBL,"1,666,980,000.00",1.20,1.1
22/03/2023,ZSUG,"316,571,385.40",18.00,18
22/03/2023,ZMRE,"45,000,000.00",2.80,2.8
22/03/2023,AECI,"20,406,600.00",42.00,42
22/03/2023,BATA,"76,107,600.00",2.57,2.57
22/03/2023,CHIL,"200,039,904.00",13.38,13.38
23/03/2023,REIZ,"56,460,198.00",1.23,1.23
23/03/2023,ZMFA,"27,090,100.00",4.79,4.79
23/03/2023,ZNCO,"1,443,750,041.28",3.10,3.1
23/03/2023,ZCCM,"160,800,286.00",37.98,37.98
23/03/2023,ZFCO,"400,000,000.00",2.53,2.53
23/03/2023,BATZ,"212,456,304.00",1.91,1.91
23/03/2023,NATB,"63,000,000.00",4.10,4.1
23/03/2023,PUMA,"500,000,000.00",1.79,1.8
23/03/2023,SHOP,"2,700,000.00",64.00,64
23/03/2023,CCAF,"1,625,000,597.00",0.63,0.63
23/03/2023,PMDZ,"100,000,000.00",0.71,0.71
23/03/2023,ATEL,"104,000,000.00",18.50,18.5
23/03/2023,CECZ,"1,625,000,597.00",3.76,3.79
23/03/2023,ZABR,"546,000,000.00",7.00,7
23/03/2023,MAFS,"50,000,000.00",2.47,2.47
23/03/2023,ZMBF,"300,579,610.00",2.59,2.59
23/03/2023,SCBL,"1,666,980,000.00",1.10,1
23/03/2023,ZSUG,"316,571,385.40",18.00,18
23/03/2023,ZMRE,"45,000,000.00",2.80,2.8
23/03/2023,AECI,"20,406,600.00",42.00,42
23/03/2023,BATA,"76,107,600.00",2.57,2.57
23/03/2023,CHIL,"200,039,904.00",13.38,13.38
24/03/2023,REIZ,"56,460,198.00",1.23,1.23
24/03/2023,ZMFA,"27,090,100.00",4.79,4.79
24/03/2023,ZNCO,"1,443,750,041.28",3.10,3.1
24/03/2023,ZCCM,"160,800,286.00",37.98,37.98
24/03/2023,ZFCO,"400,000,000.00",2.53,2.53
24/03/2023,BATZ,"212,456,304.00",1.91,1.91
24/03/2023,NATB,"63,000,000.00",4.10,4.1
24/03/2023,PUMA,"500,000,000.00",1.80,1.8
24/03/2023,SHOP,"2,700,000.00",64.00,64
24/03/2023,CCAF,"1,625,000,597.00",0.63,0.63
24/03/2023,PMDZ,"100,000,000.00",0.71,0.71
24/03/2023,ATEL,"104,000,000.00",18.50,18.5
24/03/2023,CECZ,"1,625,000,597.00",3.79,3.81
24/03/2023,ZABR,"546,000,000.00",7.00,7
24/03/2023,MAFS,"50,000,000.00",2.47,2.47
24/03/2023,ZMBF,"300,579,610.00",2.59,2.59
24/03/2023,SCBL,"1,666,980,000.00",1.00,1.1
24/03/2023,ZSUG,"316,571,385.40",18.00,18
24/03/2023,ZMRE,"45,000,000.00",2.80,2.8
24/03/2023,AECI,"20,406,600.00",42.00,42
24/03/2023,BATA,"76,107,600.00",2.57,2.57
24/03/2023,CHIL,"200,039,904.00",13.38,13.38
27/03/2023,REIZ,"56,460,198.00",1.23,1.1
27/03/2023,ZMFA,"27,090,100.00",4.79,4.79
27/03/2023,ZNCO,"1,443,750,041.28",3.10,3.1
27/03/2023,ZCCM,"160,800,286.00",37.98,37.98
27/03/2023,ZFCO,"400,000,000.00",2.53,2.53
27/03/2023,BATZ,"212,456,304.00",1.91,1.9
27/03/2023,NATB,"63,000,000.00",4.10,4.1
27/03/2023,PUMA,"500,000,000.00",1.80,1.79
27/03/2023,SHOP,"2,700,000.00",64.00,64
27/03/2023,CCAF,"1,625,000,597.00",0.63,0.63
27/03/2023,PMDZ,"100,000,000.00",0.71,0.71
27/03/2023,ATEL,"104,000,000.00",18.50,20
27/03/2023,CECZ,"1,625,000,597.00",3.81,4.1
27/03/2023,ZABR,"546,000,000.00",7.00,7
27/03/2023,MAFS,"50,000,000.00",2.47,2.47
27/03/2023,ZMBF,"300,579,610.00",2.59,2.59
27/03/2023,SCBL,"1,666,980,000.00",1.10,1
27/03/2023,ZSUG,"316,571,385.40",18.00,18
27/03/2023,ZMRE,"45,000,000.00",2.80,2.8
27/03/2023,AECI,"20,406,600.00",42.00,42
27/03/2023,BATA,"76,107,600.00",2.57,2.55
27/03/2023,CHIL,"200,039,904.00",13.38,13.38
28/03/2023,REIZ,"56,460,198.00",1.10,1.1
28/03/2023,ZMFA,"27,090,100.00",4.79,4.79
28/03/2023,ZNCO,"1,443,750,041.28",3.10,3.1
28/03/2023,ZCCM,"160,800,286.00",37.98,37.98
28/03/2023,ZFCO,"400,000,000.00",2.53,2.53
28/03/2023,BATZ,"212,456,304.00",1.90,1.9
28/03/2023,NATB,"63,000,000.00",4.10,4.1
28/03/2023,PUMA,"500,000,000.00",1.80,1.79
28/03/2023,SHOP,"2,700,000.00",64.00,64
28/03/2023,CCAF,"1,625,000,597.00",0.63,0.48
28/03/2023,PMDZ,"100,000,000.00",0.71,0.71
28/03/2023,ATEL,"104,000,000.00",20.00,20
28/03/2023,CECZ,"1,625,000,597.00",4.03,5
28/03/2023,ZABR,"546,000,000.00",7.00,7
28/03/2023,MAFS,"50,000,000.00",2.47,2.47
28/03/2023,ZMBF,"300,579,610.00",2.59,2.59
28/03/2023,SCBL,"1,666,980,000.00",1.00,1.1
28/03/2023,ZSUG,"316,571,385.40",18.00,18
28/03/2023,ZMRE,"45,000,000.00",2.80,2.8
28/03/2023,AECI,"20,406,600.00",42.00,42
28/03/2023,BATA,"76,107,600.00",2.55,2.55
28/03/2023,CHIL,"200,039,904.00",13.38,13.38
29/03/2023,REIZ,"56,460,198.00",1.10,1.1
29/03/2023,ZMFA,"27,090,100.00",4.79,4.79
29/03/2023,ZNCO,"1,443,750,041.28",3.10,3.1
29/03/2023,ZCCM,"160,800,286.00",37.98,37.98
29/03/2023,ZFCO,"400,000,000.00",2.53,2.53
29/03/2023,BATZ,"212,456,304.00",1.90,1.9
29/03/2023,NATB,"63,000,000.00",4.10,4.1
29/03/2023,PUMA,"500,000,000.00",1.79,1.79
29/03/2023,SHOP,"2,700,000.00",64.00,64
29/03/2023,CCAF,"1,625,000,597.00",0.48,0.45
29/03/2023,PMDZ,"100,000,000.00",0.71,0.71
29/03/2023,ATEL,"104,000,000.00",20.00,20
29/03/2023,CECZ,"1,625,000,597.00",5.00,5
29/03/2023,ZABR,"546,000,000.00",7.00,7
29/03/2023,MAFS,"50,000,000.00",2.47,2.47
29/03/2023,ZMBF,"300,579,610.00",2.59,2.59
29/03/2023,SCBL,"1,666,980,000.00",1.10,1.1
29/03/2023,ZSUG,"316,571,385.40",18.00,18
29/03/2023,ZMRE,"45,000,000.00",2.80,2.8
29/03/2023,AECI,"20,406,600.00",42.00,42
29/03/2023,BATA,"76,107,600.00",2.55,2.55
29/03/2023,CHIL,"200,039,904.00",13.38,13.38
30/03/2023,REIZ,"56,460,198.00",1.10,1.1
30/03/2023,ZMFA,"27,090,100.00",4.79,4.79
30/03/2023,ZNCO,"1,443,750,041.28",3.10,3.1
30/03/2023,ZCCM,"160,800,286.00",37.98,37.98
30/03/2023,ZFCO,"400,000,000.00",2.53,2.53
30/03/2023,BATZ,"212,456,304.00",1.90,1.9
30/03/2023,NATB,"63,000,000.00",4.10,4.1
30/03/2023,PUMA,"500,000,000.00",1.79,1.79
30/03/2023,SHOP,"2,700,000.00",64.00,64
30/03/2023,CCAF,"1,625,000,597.00",0.48,0.45
30/03/2023,PMDZ,"100,000,000.00",0.71,0.71
30/03/2023,ATEL,"104,000,000.00",20.00,20
30/03/2023,CECZ,"1,625,000,597.00",5.00,5
30/03/2023,ZABR,"546,000,000.00",7.00,7
30/03/2023,MAFS,"50,000,000.00",2.47,2.47
30/03/2023,ZMBF,"300,579,610.00",2.59,2.59
30/03/2023,SCBL,"1,666,980,000.00",1.10,1.3
30/03/2023,ZSUG,"316,571,385.40",18.00,18
30/03/2023,ZMRE,"45,000,000.00",2.80,2.8
30/03/2023,AECI,"20,406,600.00",42.00,42
30/03/2023,BATA,"76,107,600.00",2.55,2.55
30/03/2023,CHIL,"200,039,904.00",13.38,13.38
31/03/2023,REIZ,"56,460,198.00",1.10,1.1
31/03/2023,ZMFA,"27,090,100.00",4.79,4.79
31/03/2023,ZNCO,"1,443,750,041.28",3.10,3.1
31/03/2023,ZCCM,"160,800,286.00",37.98,37.98
31/03/2023,ZFCO,"400,000,000.00",2.53,2.53
31/03/2023,BATZ,"212,456,304.00",1.90,1.9
31/03/2023,NATB,"63,000,000.00",4.10,4.1
31/03/2023,PUMA,"500,000,000.00",1.79,1.79
31/03/2023,SHOP,"2,700,000.00",64.00,64
31/03/2023,CCAF,"1,625,000,597.00",0.45,0.45
31/03/2023,PMDZ,"100,000,000.00",0.71,0.71
31/03/2023,ATEL,"104,000,000.00",20.00,20
31/03/2023,CECZ,"1,625,000,597.00",5.00,5
31/03/2023,ZABR,"546,000,000.00",7.00,7
31/03/2023,MAFS,"50,000,000.00",2.47,2.47
31/03/2023,ZMBF,"300,579,610.00",2.59,2.59
31/03/2023,SCBL,"1,666,980,000.00",1.30,1.3
31/03/2023,ZSUG,"316,571,385.40",18.00,18
31/03/2023,ZMRE,"45,000,000.00",2.80,2.8
31/03/2023,AECI,"20,406,600.00",42.00,42
31/03/2023,BATA,"76,107,600.00",2.55,2.55
31/03/2023,CHIL,"200,039,904.00",13.38,13.38
03/04/2023,REIZ,"56,460,198.00",1.10,1.1
03/04/2023,ZMFA,"27,090,100.00",4.79,4.79
03/04/2023,ZNCO,"1,443,750,041.28",3.10,3.35
03/04/2023,ZCCM,"160,800,286.00",37.98,37.98
03/04/2023,ZFCO,"400,000,000.00",2.53,2.53
03/04/2023,BATZ,"212,456,304.00",1.90,1.9
03/04/2023,NATB,"63,000,000.00",4.10,4.1
03/04/2023,PUMA,"500,000,000.00",1.79,1.8
03/04/2023,SHOP,"2,700,000.00",64.00,64
03/04/2023,CCAF,"1,625,000,597.00",0.45,0.45
03/04/2023,PMDZ,"100,000,000.00",0.71,0.71
03/04/2023,ATEL,"104,000,000.00",20.00,20
03/04/2023,CECZ,"1,625,000,597.00",5.00,5
03/04/2023,ZABR,"546,000,000.00",7.00,7
03/04/2023,MAFS,"50,000,000.00",2.47,2.47
03/04/2023,ZMBF,"300,579,610.00",2.59,2.59
03/04/2023,SCBL,"1,666,980,000.00",1.30,1.3
03/04/2023,ZSUG,"316,571,385.40",18.00,18
03/04/2023,ZMRE,"45,000,000.00",2.80,2.8
03/04/2023,AECI,"20,406,600.00",42.00,42
03/04/2023,BATA,"76,107,600.00",2.55,2.55
03/04/2023,CHIL,"200,039,904.00",13.38,13.38
04/04/2023,REIZ,"56,460,198.00",1.10,1.1
04/04/2023,ZMFA,"27,090,100.00",4.79,4.79
04/04/2023,ZNCO,"1,443,750,041.28",3.35,3.35
04/04/2023,ZCCM,"160,800,286.00",37.98,37.98
04/04/2023,ZFCO,"400,000,000.00",2.53,2.53
04/04/2023,BATZ,"212,456,304.00",1.90,1.9
04/04/2023,NATB,"63,000,000.00",4.10,4.1
04/04/2023,PUMA,"500,000,000.00",1.79,1.8
04/04/2023,SHOP,"2,700,000.00",64.00,64
04/04/2023,CCAF,"1,625,000,597.00",0.45,0.45
04/04/2023,PMDZ,"100,000,000.00",0.71,0.71
04/04/2023,ATEL,"104,000,000.00",20.00,20
04/04/2023,CECZ,"1,625,000,597.00",5.00,5
04/04/2023,ZABR,"546,000,000.00",7.00,7
04/04/2023,MAFS,"50,000,000.00",2.47,2.47
04/04/2023,ZMBF,"300,579,610.00",2.59,2.59
04/04/2023,SCBL,"1,666,980,000.00",1.30,1.3
04/04/2023,ZSUG,"316,571,385.40",18.00,18
04/04/2023,ZMRE,"45,000,000.00",2.80,2.8
04/04/2023,AECI,"20,406,600.00",42.00,42
04/04/2023,BATA,"76,107,600.00",2.55,2.55
04/04/2023,CHIL,"200,039,904.00",13.38,13.38
05/04/2023,REIZ,"56,460,198.00",1.10,1.1
05/04/2023,ZMFA,"27,090,100.00",4.79,4.79
05/04/2023,ZNCO,"1,443,750,041.28",3.35,3.35
05/04/2023,ZCCM,"160,800,286.00",37.98,37.98
05/04/2023,ZFCO,"400,000,000.00",2.53,2.53
05/04/2023,BATZ,"212,456,304.00",1.90,1.9
05/04/2023,NATB,"63,000,000.00",4.10,4.1
05/04/2023,PUMA,"500,000,000.00",1.80,1.8
05/04/2023,SHOP,"2,700,000.00",64.00,64
05/04/2023,CCAF,"1,625,000,597.00",0.45,0.45
05/04/2023,PMDZ,"100,000,000.00",0.71,0.71
05/04/2023,ATEL,"104,000,000.00",20.00,20
05/04/2023,CECZ,"1,625,000,597.00",5.00,5
05/04/2023,ZABR,"546,000,000.00",7.00,7
05/04/2023,MAFS,"50,000,000.00",2.47,2.47
05/04/2023,ZMBF,"300,579,610.00",2.59,2.59
05/04/2023,SCBL,"1,666,980,000.00",1.30,1.3
05/04/2023,ZSUG,"316,571,385.40",18.00,18
05/04/2023,ZMRE,"45,000,000.00",2.80,2.8
05/04/2023,AECI,"20,406,600.00",42.00,42
05/04/2023,BATA,"76,107,600.00",2.55,2.55
05/04/2023,CHIL,"200,039,904.00",13.38,13.38
06/04/2023,REIZ,"56,460,198.00",1.10,1.1
06/04/2023,ZMFA,"27,090,100.00",4.79,4.79
06/04/2023,ZNCO,"1,443,750,041.28",3.35,3.35
06/04/2023,ZCCM,"160,800,286.00",37.98,37.98
06/04/2023,ZFCO,"400,000,000.00",2.53,2.53
06/04/2023,BATZ,"212,456,304.00",1.90,1.9
06/04/2023,NATB,"63,000,000.00",4.10,4.1
06/04/2023,PUMA,"500,000,000.00",1.80,1.8
06/04/2023,SHOP,"2,700,000.00",64.00,64
06/04/2023,CCAF,"1,625,000,597.00",0.45,0.45
06/04/2023,PMDZ,"100,000,000.00",0.71,0.71
06/04/2023,ATEL,"104,000,000.00",20.00,20
06/04/2023,CECZ,"1,625,000,597.00",5.00,5
06/04/2023,ZABR,"546,000,000.00",7.00,7
06/04/2023,MAFS,"50,000,000.00",2.47,2.47
06/04/2023,ZMBF,"300,579,610.00",2.59,2.59
06/04/2023,SCBL,"1,666,980,000.00",1.30,1.3
06/04/2023,ZSUG,"316,571,385.40",18.00,18
06/04/2023,ZMRE,"45,000,000.00",2.80,2.8
06/04/2023,AECI,"20,406,600.00",42.00,42
06/04/2023,BATA,"76,107,600.00",2.55,2.55
06/04/2023,CHIL,"200,039,904.00",13.38,13.38
11/04/2023,REIZ,"56,460,198.00",1.10,1.1
11/04/2023,ZMFA,"27,090,100.00",4.79,4.79
11/04/2023,ZNCO,"1,443,750,041.28",3.35,3.35
11/04/2023,ZCCM,"160,800,286.00",37.98,37.98
11/04/2023,ZFCO,"400,000,000.00",2.53,2.53
11/04/2023,BATZ,"212,456,304.00",1.90,1.9
11/04/2023,NATB,"63,000,000.00",4.10,4.1
11/04/2023,PUMA,"500,000,000.00",1.80,1.8
11/04/2023,SHOP,"2,700,000.00",64.00,64
11/04/2023,CCAF,"1,625,000,597.00",0.45,0.45
11/04/2023,PMDZ,"100,000,000.00",0.71,0.71
11/04/2023,ATEL,"104,000,000.00",20.00,20
11/04/2023,CECZ,"1,625,000,597.00",5.00,5
11/04/2023,ZABR,"546,000,000.00",7.00,7
11/04/2023,MAFS,"50,000,000.00",2.47,2.47
11/04/2023,ZMBF,"300,579,610.00",2.59,2.59
11/04/2023,SCBL,"1,666,980,000.00",1.30,1.3
11/04/2023,ZSUG,"316,571,385.40",18.00,18
11/04/2023,ZMRE,"45,000,000.00",2.80,2.8
11/04/2023,AECI,"20,406,600.00",42.00,42
11/04/2023,BATA,"76,107,600.00",2.55,2.55
11/04/2023,CHIL,"200,039,904.00",13.38,13.38
12/04/2023,REIZ,"56,460,198.00",1.10,1.1
12/04/2023,ZMFA,"27,090,100.00",4.79,4.79
12/04/2023,ZNCO,"1,443,750,041.28",3.35,3.35
12/04/2023,ZCCM,"160,800,286.00",37.98,37.98
12/04/2023,ZFCO,"400,000,000.00",2.53,2.53
12/04/2023,BATZ,"212,456,304.00",1.90,1.9
12/04/2023,NATB,"63,000,000.00",4.10,4.1
12/04/2023,PUMA,"500,000,000.00",1.80,1.8
12/04/2023,SHOP,"2,700,000.00",64.00,64
12/04/2023,CCAF,"1,625,000,597.00",0.45,0.45
12/04/2023,PMDZ,"100,000,000.00",0.71,0.71
12/04/2023,ATEL,"104,000,000.00",20.00,20
12/04/2023,CECZ,"1,625,000,597.00",5.00,5
12/04/2023,ZABR,"546,000,000.00",7.00,7
12/04/2023,MAFS,"50,000,000.00",2.47,2.47
12/04/2023,ZMBF,"300,579,610.00",2.59,2.59
12/04/2023,SCBL,"1,666,980,000.00",1.30,1.3
12/04/2023,ZSUG,"316,571,385.40",18.00,18
12/04/2023,ZMRE,"45,000,000.00",2.80,2.8
12/04/2023,AECI,"20,406,600.00",42.00,42
12/04/2023,BATA,"76,107,600.00",2.55,2.55
12/04/2023,CHIL,"200,039,904.00",13.38,13.38
13/04/2023,REIZ,"56,460,198.00",1.10,1.1
13/04/2023,ZMFA,"27,090,100.00",4.79,4.79
13/04/2023,ZNCO,"1,443,750,041.28",3.35,3.35
13/04/2023,ZCCM,"160,800,286.00",37.98,37.98
13/04/2023,ZFCO,"400,000,000.00",2.53,2.53
13/04/2023,BATZ,"212,456,304.00",1.90,1.9
13/04/2023,NATB,"63,000,000.00",4.10,4.1
13/04/2023,PUMA,"500,000,000.00",1.80,1.95
13/04/2023,SHOP,"2,700,000.00",64.00,64
13/04/2023,CCAF,"1,625,000,597.00",0.45,0.45
13/04/2023,PMDZ,"100,000,000.00",0.71,0.71
13/04/2023,ATEL,"104,000,000.00",20.00,20
13/04/2023,CECZ,"1,625,000,597.00",5.00,5
13/04/2023,ZABR,"546,000,000.00",7.00,7
13/04/2023,MAFS,"50,000,000.00",2.47,2.47
13/04/2023,ZMBF,"300,579,610.00",2.59,2.59
13/04/2023,SCBL,"1,666,980,000.00",1.30,1.3
13/04/2023,ZSUG,"316,571,385.40",18.00,18
13/04/2023,ZMRE,"45,000,000.00",2.80,2.8
13/04/2023,AECI,"20,406,600.00",42.00,42
13/04/2023,BATA,"76,107,600.00",2.55,2.55
13/04/2023,CHIL,"200,039,904.00",13.38,13.38
14/04/2023,REIZ,"56,460,198.00",1.10,1.1
14/04/2023,ZMFA,"27,090,100.00",4.79,4.79
14/04/2023,ZNCO,"1,443,750,041.28",3.35,3.35
14/04/2023,ZCCM,"160,800,286.00",37.98,37.98
14/04/2023,ZFCO,"400,000,000.00",2.53,2.53
14/04/2023,BATZ,"212,456,304.00",1.90,1.9
14/04/2023,NATB,"63,000,000.00",4.10,4.1
14/04/2023,PUMA,"500,000,000.00",1.95,1.95
14/04/2023,SHOP,"2,700,000.00",64.00,64
14/04/2023,CCAF,"1,625,000,597.00",0.45,0.45
14/04/2023,PMDZ,"100,000,000.00",0.71,0.71
14/04/2023,ATEL,"104,000,000.00",20.00,20
14/04/2023,CECZ,"1,625,000,597.00",5.00,5
14/04/2023,ZABR,"546,000,000.00",7.00,7
14/04/2023,MAFS,"50,000,000.00",2.47,2.47
14/04/2023,ZMBF,"300,579,610.00",2.59,2.59
14/04/2023,SCBL,"1,666,980,000.00",1.30,1.3
14/04/2023,ZSUG,"316,571,385.40",18.00,18
14/04/2023,ZMRE,"45,000,000.00",2.80,2.8
14/04/2023,AECI,"20,406,600.00",42.00,42
14/04/2023,BATA,"76,107,600.00",2.55,2.55
14/04/2023,CHIL,"200,039,904.00",13.38,14.38
17/04/2023,REIZ,"56,460,198.00",1.10,1.1
17/04/2023,ZMFA,"27,090,100.00",4.79,4.79
17/04/2023,ZNCO,"1,443,750,041.28",3.35,3.35
17/04/2023,ZCCM,"160,800,286.00",37.98,37.98
17/04/2023,ZFCO,"400,000,000.00",2.53,2.53
17/04/2023,BATZ,"212,456,304.00",1.90,1.9
17/04/2023,NATB,"63,000,000.00",4.10,4.1
17/04/2023,PUMA,"500,000,000.00",1.95,1.95
17/04/2023,SHOP,"2,700,000.00",64.00,64
17/04/2023,CCAF,"1,625,000,597.00",0.45,0.45
17/04/2023,PMDZ,"100,000,000.00",0.71,0.71
17/04/2023,ATEL,"104,000,000.00",20.00,20
17/04/2023,CECZ,"1,625,000,597.00",5.00,5
17/04/2023,ZABR,"546,000,000.00",7.00,7
17/04/2023,MAFS,"50,000,000.00",2.47,2.47
17/04/2023,ZMBF,"300,579,610.00",2.59,2.59
17/04/2023,SCBL,"1,666,980,000.00",1.30,1.3
17/04/2023,ZSUG,"316,571,385.40",18.00,18
17/04/2023,ZMRE,"45,000,000.00",2.80,2.8
17/04/2023,AECI,"20,406,600.00",42.00,42
17/04/2023,BATA,"76,107,600.00",2.55,2.55
17/04/2023,CHIL,"200,039,904.00",14.38,14.38
18/04/2023,REIZ,"56,460,198.00",1.10,1.1
18/04/2023,ZMFA,"27,090,100.00",4.79,4.79
18/04/2023,ZNCO,"1,443,750,041.28",3.35,3.35
18/04/2023,ZCCM,"160,800,286.00",37.98,37.98
18/04/2023,ZFCO,"400,000,000.00",2.53,2.53
18/04/2023,BATZ,"212,456,304.00",1.90,1.9
18/04/2023,NATB,"63,000,000.00",4.10,4.1
18/04/2023,PUMA,"500,000,000.00",1.95,1.95
18/04/2023,SHOP,"2,700,000.00",64.00,64
18/04/2023,CCAF,"1,625,000,597.00",0.45,0.45
18/04/2023,PMDZ,"100,000,000.00",0.71,0.71
18/04/2023,ATEL,"104,000,000.00",20.00,20
18/04/2023,CECZ,"1,625,000,597.00",5.00,5
18/04/2023,ZABR,"546,000,000.00",7.00,7
18/04/2023,MAFS,"50,000,000.00",2.47,2.47
18/04/2023,ZMBF,"300,579,610.00",2.59,2.59
18/04/2023,SCBL,"1,666,980,000.00",1.30,1.3
18/04/2023,ZSUG,"316,571,385.40",18.00,18
18/04/2023,ZMRE,"45,000,000.00",2.80,2.8
18/04/2023,AECI,"20,406,600.00",42.00,42
18/04/2023,BATA,"76,107,600.00",2.55,2.57
18/04/2023,CHIL,"200,039,904.00",14.38,14.38
19/04/2023,REIZ,"56,460,198.00",1.10,1.1
19/04/2023,ZMFA,"27,090,100.00",4.79,4.79
19/04/2023,ZNCO,"1,443,750,041.28",3.35,3.35
19/04/2023,ZCCM,"160,800,286.00",37.98,37.98
19/04/2023,ZFCO,"400,000,000.00",2.53,2.53
19/04/2023,BATZ,"212,456,304.00",1.90,1.9
19/04/2023,NATB,"63,000,000.00",4.10,4.1
19/04/2023,PUMA,"500,000,000.00",1.95,1.95
19/04/2023,SHOP,"2,700,000.00",64.00,64
19/04/2023,CCAF,"1,625,000,597.00",0.45,0.45
19/04/2023,PMDZ,"100,000,000.00",0.71,0.71
19/04/2023,ATEL,"104,000,000.00",20.00,20
19/04/2023,CECZ,"1,625,000,597.00",5.00,5
19/04/2023,ZABR,"546,000,000.00",7.00,7
19/04/2023,MAFS,"50,000,000.00",2.47,2.47
19/04/2023,ZMBF,"300,579,610.00",2.59,2.59
19/04/2023,SCBL,"1,666,980,000.00",1.30,1.3
19/04/2023,ZSUG,"316,571,385.40",18.03,18.03
19/04/2023,ZMRE,"45,000,000.00",2.80,2.8
19/04/2023,AECI,"20,406,600.00",42.00,42
19/04/2023,BATA,"76,107,600.00",2.57,2.57
19/04/2023,CHIL,"200,039,904.00",14.38,14.38
20/04/2023,REIZ,"56,460,198.00",1.10,1.1
20/04/2023,ZMFA,"27,090,100.00",4.79,4.82
20/04/2023,ZNCO,"1,443,750,041.28",3.35,3.45
20/04/2023,ZCCM,"160,800,286.00",37.98,37.98
20/04/2023,ZFCO,"400,000,000.00",2.53,2.53
20/04/2023,BATZ,"212,456,304.00",1.90,1.9
20/04/2023,NATB,"63,000,000.00",4.10,4.1
20/04/2023,PUMA,"500,000,000.00",1.95,1.95
20/04/2023,SHOP,"2,700,000.00",64.00,64
20/04/2023,CCAF,"1,625,000,597.00",0.45,0.45
20/04/2023,PMDZ,"100,000,000.00",0.71,0.71
20/04/2023,ATEL,"104,000,000.00",20.00,20
20/04/2023,CECZ,"1,625,000,597.00",5.00,5
20/04/2023,ZABR,"546,000,000.00",7.00,7
20/04/2023,MAFS,"50,000,000.00",2.47,2.47
20/04/2023,ZMBF,"300,579,610.00",2.59,2.59
20/04/2023,SCBL,"1,666,980,000.00",1.30,1.3
20/04/2023,ZSUG,"316,571,385.40",18.03,18.03
20/04/2023,ZMRE,"45,000,000.00",2.80,2.8
20/04/2023,AECI,"20,406,600.00",42.00,42
20/04/2023,BATA,"76,107,600.00",2.57,2.57
20/04/2023,CHIL,"200,039,904.00",14.38,14.38
21/04/2023,REIZ,"56,460,198.00",1.10,1.1
21/04/2023,ZMFA,"27,090,100.00",4.82,4.82
21/04/2023,ZNCO,"1,443,750,041.28",3.45,3.45
21/04/2023,ZCCM,"160,800,286.00",37.98,37.98
21/04/2023,ZFCO,"400,000,000.00",2.53,2.53
21/04/2023,BATZ,"212,456,304.00",1.90,1.9
21/04/2023,NATB,"63,000,000.00",4.10,4.1
21/04/2023,PUMA,"500,000,000.00",1.95,1.95
21/04/2023,SHOP,"2,700,000.00",64.00,64
21/04/2023,CCAF,"1,625,000,597.00",0.45,0.45
21/04/2023,PMDZ,"100,000,000.00",0.71,0.71
21/04/2023,ATEL,"104,000,000.00",20.00,20
21/04/2023,CECZ,"1,625,000,597.00",5.00,5
21/04/2023,ZABR,"546,000,000.00",7.00,7
21/04/2023,MAFS,"50,000,000.00",2.47,2.47
21/04/2023,ZMBF,"300,579,610.00",2.59,2.59
21/04/2023,SCBL,"1,666,980,000.00",1.30,1.3
21/04/2023,ZSUG,"316,571,385.40",18.03,18.03
21/04/2023,ZMRE,"45,000,000.00",2.80,2.8
21/04/2023,AECI,"20,406,600.00",42.00,42
21/04/2023,BATA,"76,107,600.00",2.57,2.57
21/04/2023,CHIL,"200,039,904.00",14.38,14.38
24/04/2023,REIZ,"56,460,198.00",1.10,1.1
24/04/2023,ZMFA,"27,090,100.00",4.82,4.82
24/04/2023,ZNCO,"1,443,750,041.28",3.45,3.45
24/04/2023,ZCCM,"160,800,286.00",37.98,37.98
24/04/2023,ZFCO,"400,000,000.00",2.53,2.53
24/04/2023,BATZ,"212,456,304.00",1.90,1.9
24/04/2023,NATB,"63,000,000.00",4.10,4.1
24/04/2023,PUMA,"500,000,000.00",1.95,1.95
24/04/2023,SHOP,"2,700,000.00",64.00,64
24/04/2023,CCAF,"1,625,000,597.00",0.45,0.45
24/04/2023,PMDZ,"100,000,000.00",0.71,0.71
24/04/2023,ATEL,"104,000,000.00",20.00,20
24/04/2023,CECZ,"1,625,000,597.00",5.00,5
24/04/2023,ZABR,"546,000,000.00",7.00,7
24/04/2023,MAFS,"50,000,000.00",2.47,2.47
24/04/2023,ZMBF,"300,579,610.00",2.59,2.59
24/04/2023,SCBL,"1,666,980,000.00",1.30,1.3
24/04/2023,ZSUG,"316,571,385.40",18.03,18.03
24/04/2023,ZMRE,"45,000,000.00",2.80,2.8
24/04/2023,AECI,"20,406,600.00",42.00,42
24/04/2023,BATA,"76,107,600.00",2.57,2.57
24/04/2023,CHIL,"200,039,904.00",14.38,14.38
25/04/2023,REIZ,"56,460,198.00",1.10,1.1
25/04/2023,ZMFA,"27,090,100.00",4.82,4.82
25/04/2023,ZNCO,"1,443,750,041.28",3.45,3.45
25/04/2023,ZCCM,"160,800,286.00",37.98,37.98
25/04/2023,ZFCO,"400,000,000.00",2.53,2.53
25/04/2023,BATZ,"212,456,304.00",1.90,1.9
25/04/2023,NATB,"63,000,000.00",4.10,4.1
25/04/2023,PUMA,"500,000,000.00",1.95,1.95
25/04/2023,SHOP,"2,700,000.00",64.00,64
25/04/2023,CCAF,"1,625,000,597.00",0.45,0.45
25/04/2023,PMDZ,"100,000,000.00",0.71,0.71
25/04/2023,ATEL,"104,000,000.00",20.00,20
25/04/2023,CECZ,"1,625,000,597.00",5.00,5
25/04/2023,ZABR,"546,000,000.00",7.00,7
25/04/2023,MAFS,"50,000,000.00",2.47,2.47
25/04/2023,ZMBF,"300,579,610.00",2.57,2.59
25/04/2023,SCBL,"1,666,980,000.00",1.30,1.3
25/04/2023,ZSUG,"316,571,385.40",18.03,18.03
25/04/2023,ZMRE,"45,000,000.00",2.80,2.8
25/04/2023,AECI,"20,406,600.00",42.00,42
25/04/2023,BATA,"76,107,600.00",2.57,2.57
25/04/2023,CHIL,"200,039,904.00",14.38,14.38
26/04/2023,REIZ,"56,460,198.00",1.10,1.1
26/04/2023,ZMFA,"27,090,100.00",4.82,4.82
26/04/2023,ZNCO,"1,443,750,041.28",3.48,3.45
26/04/2023,ZCCM,"160,800,286.00",37.98,37.98
26/04/2023,ZFCO,"400,000,000.00",2.53,2.53
26/04/2023,BATZ,"212,456,304.00",1.90,1.85
26/04/2023,NATB,"63,000,000.00",4.10,4.1
26/04/2023,PUMA,"500,000,000.00",1.95,1.95
26/04/2023,SHOP,"2,700,000.00",64.00,64
26/04/2023,CCAF,"1,625,000,597.00",0.45,0.45
26/04/2023,PMDZ,"100,000,000.00",0.71,0.71
26/04/2023,ATEL,"104,000,000.00",20.00,20
26/04/2023,CECZ,"1,625,000,597.00",5.00,5
26/04/2023,ZABR,"546,000,000.00",7.00,7
26/04/2023,MAFS,"50,000,000.00",2.47,2.47
26/04/2023,ZMBF,"300,579,610.00",2.59,2.59
26/04/2023,SCBL,"1,666,980,000.00",1.30,1.3
26/04/2023,ZSUG,"316,571,385.40",18.03,18.03
26/04/2023,ZMRE,"45,000,000.00",2.80,2.8
26/04/2023,AECI,"20,406,600.00",42.00,42
26/04/2023,BATA,"76,107,600.00",2.57,2.57
26/04/2023,CHIL,"200,039,904.00",14.38,14.38
27/04/2023,REIZ,"56,460,198.00",1.10,1.1
27/04/2023,ZMFA,"27,090,100.00",4.82,4.82
27/04/2023,ZNCO,"1,443,750,041.28",3.45,3.45
27/04/2023,ZCCM,"160,800,286.00",37.98,37.98
27/04/2023,ZFCO,"400,000,000.00",2.53,2.53
27/04/2023,BATZ,"212,456,304.00",1.85,1.85
27/04/2023,NATB,"63,000,000.00",4.10,4.1
27/04/2023,PUMA,"500,000,000.00",1.95,1.95
27/04/2023,SHOP,"2,700,000.00",64.00,64
27/04/2023,CCAF,"1,625,000,597.00",0.45,0.45
27/04/2023,PMDZ,"100,000,000.00",0.71,0.71
27/04/2023,ATEL,"104,000,000.00",20.00,20
27/04/2023,CECZ,"1,625,000,597.00",5.00,5
27/04/2023,ZABR,"546,000,000.00",7.00,7
27/04/2023,MAFS,"50,000,000.00",2.47,2.47
27/04/2023,ZMBF,"300,579,610.00",2.59,2.59
27/04/2023,SCBL,"1,666,980,000.00",1.30,1.3
27/04/2023,ZSUG,"316,571,385.40",18.03,18.03
27/04/2023,ZMRE,"45,000,000.00",2.80,2.8
27/04/2023,AECI,"20,406,600.00",42.00,42
27/04/2023,BATA,"76,107,600.00",2.57,2.57
27/04/2023,CHIL,"200,039,904.00",14.38,14.38
02/05/2023,REIZ,"56,460,198.00",1.10,1.1
02/05/2023,ZMFA,"27,090,100.00",4.82,4.82
02/05/2023,ZNCO,"1,443,750,041.28",3.45,3.45
02/05/2023,ZCCM,"160,800,286.00",37.98,37.98
02/05/2023,ZFCO,"400,000,000.00",2.53,2.53
02/05/2023,BATZ,"212,456,304.00",1.85,1.9
02/05/2023,NATB,"63,000,000.00",4.10,4.1
02/05/2023,PUMA,"500,000,000.00",1.95,1.95
02/05/2023,SHOP,"2,700,000.00",64.00,64
02/05/2023,CCAF,"1,625,000,597.00",0.45,0.45
02/05/2023,PMDZ,"100,000,000.00",0.71,0.71
02/05/2023,ATEL,"104,000,000.00",20.00,20
02/05/2023,CECZ,"1,625,000,597.00",5.00,5
02/05/2023,ZABR,"546,000,000.00",7.00,7
02/05/2023,MAFS,"50,000,000.00",2.47,2.47
02/05/2023,ZMBF,"300,579,610.00",2.59,2.59
02/05/2023,SCBL,"1,666,980,000.00",1.30,1.3
02/05/2023,ZSUG,"316,571,385.40",18.03,18.03
02/05/2023,ZMRE,"45,000,000.00",2.80,2.8
02/05/2023,AECI,"20,406,600.00",42.00,42
02/05/2023,BATA,"76,107,600.00",2.57,2.57
02/05/2023,CHIL,"200,039,904.00",14.38,14.38
03/05/2023,REIZ,"56,460,198.00",1.10,1.1
03/05/2023,ZMFA,"27,090,100.00",4.82,4.82
03/05/2023,ZNCO,"1,443,750,041.28",3.45,3.45
03/05/2023,ZCCM,"160,800,286.00",37.98,37.98
03/05/2023,ZFCO,"400,000,000.00",2.53,2.53
03/05/2023,BATZ,"212,456,304.00",1.85,1.85
03/05/2023,NATB,"63,000,000.00",4.10,4.1
03/05/2023,PUMA,"500,000,000.00",1.95,1.95
03/05/2023,SHOP,"2,700,000.00",64.00,64
03/05/2023,CCAF,"1,625,000,597.00",0.45,0.45
03/05/2023,PMDZ,"100,000,000.00",0.71,0.71
03/05/2023,ATEL,"104,000,000.00",20.00,20
03/05/2023,CECZ,"1,625,000,597.00",5.00,5
03/05/2023,ZABR,"546,000,000.00",7.00,7
03/05/2023,MAFS,"50,000,000.00",2.47,2.47
03/05/2023,ZMBF,"300,579,610.00",2.59,2.59
03/05/2023,SCBL,"1,666,980,000.00",1.30,1.5
03/05/2023,ZSUG,"316,571,385.40",18.03,18.03
03/05/2023,ZMRE,"45,000,000.00",2.80,2.8
03/05/2023,AECI,"20,406,600.00",42.00,42
03/05/2023,BATA,"76,107,600.00",2.57,2.57
03/05/2023,CHIL,"200,039,904.00",14.38,14.38
04/05/2023,REIZ,"56,460,198.00",1.10,1.1
04/05/2023,ZMFA,"27,090,100.00",4.82,4.82
04/05/2023,ZNCO,"1,443,750,041.28",3.45,3.45
04/05/2023,ZCCM,"160,800,286.00",37.98,37.98
04/05/2023,ZFCO,"400,000,000.00",2.53,2.53
04/05/2023,BATZ,"212,456,304.00",1.85,1.85
04/05/2023,NATB,"63,000,000.00",4.10,4.1
04/05/2023,PUMA,"500,000,000.00",1.95,1.95
04/05/2023,SHOP,"2,700,000.00",64.00,64
04/05/2023,CCAF,"1,625,000,597.00",0.49,0.45
04/05/2023,PMDZ,"100,000,000.00",0.71,0.71
04/05/2023,ATEL,"104,000,000.00",20.00,20
04/05/2023,CECZ,"1,625,000,597.00",5.00,5
04/05/2023,ZABR,"546,000,000.00",7.00,7
04/05/2023,MAFS,"50,000,000.00",2.47,2.47
04/05/2023,ZMBF,"300,579,610.00",2.59,2.59
04/05/2023,SCBL,"1,666,980,000.00",1.50,1.5
04/05/2023,ZSUG,"316,571,385.40",18.03,18.03
04/05/2023,ZMRE,"45,000,000.00",2.80,2.8
04/05/2023,AECI,"20,406,600.00",42.00,42
04/05/2023,BATA,"76,107,600.00",2.57,2.57
04/05/2023,CHIL,"200,039,904.00",14.38,14.38
05/05/2023,REIZ,"56,460,198.00",1.10,1.1
05/05/2023,ZMFA,"27,090,100.00",4.82,4.82
05/05/2023,ZNCO,"1,443,750,041.28",3.45,3.45
05/05/2023,ZCCM,"160,800,286.00",37.98,37.98
05/05/2023,ZFCO,"400,000,000.00",2.53,2.53
05/05/2023,BATZ,"212,456,304.00",1.85,1.85
05/05/2023,NATB,"63,000,000.00",4.10,4.1
05/05/2023,PUMA,"500,000,000.00",1.95,1.95
05/05/2023,SHOP,"2,700,000.00",64.00,64
05/05/2023,CCAF,"1,625,000,597.00",0.45,0.45
05/05/2023,PMDZ,"100,000,000.00",0.71,0.71
05/05/2023,ATEL,"104,000,000.00",20.00,20
05/05/2023,CECZ,"1,625,000,597.00",5.00,5
05/05/2023,ZABR,"546,000,000.00",7.00,7
05/05/2023,MAFS,"50,000,000.00",2.47,2.47
05/05/2023,ZMBF,"300,579,610.00",2.59,2.59
05/05/2023,SCBL,"1,666,980,000.00",1.50,1.5
05/05/2023,ZSUG,"316,571,385.40",18.03,18.03
05/05/2023,ZMRE,"45,000,000.00",2.80,2.8
05/05/2023,AECI,"20,406,600.00",42.00,42
05/05/2023,BATA,"76,107,600.00",2.57,2.57
05/05/2023,CHIL,"200,039,904.00",14.38,14.38
08/05/2023,REIZ,"56,460,198.00",1.10,1.1
08/05/2023,ZMFA,"27,090,100.00",4.82,4.82
08/05/2023,ZNCO,"1,443,750,041.28",3.45,3.45
08/05/2023,ZCCM,"160,800,286.00",37.98,37.98
08/05/2023,ZFCO,"400,000,000.00",2.53,2.53
08/05/2023,BATZ,"212,456,304.00",1.85,1.9
08/05/2023,NATB,"63,000,000.00",4.10,4.1
08/05/2023,PUMA,"500,000,000.00",1.95,2.43
08/05/2023,SHOP,"2,700,000.00",64.00,64
08/05/2023,CCAF,"1,625,000,597.00",0.45,0.45
08/05/2023,PMDZ,"100,000,000.00",0.71,0.71
08/05/2023,ATEL,"104,000,000.00",20.00,20
08/05/2023,CECZ,"1,625,000,597.00",5.00,5
08/05/2023,ZABR,"546,000,000.00",7.00,7
08/05/2023,MAFS,"50,000,000.00",2.47,2.47
08/05/2023,ZMBF,"300,579,610.00",2.59,2.59
08/05/2023,SCBL,"1,666,980,000.00",1.50,1.5
08/05/2023,ZSUG,"316,571,385.40",18.03,18
08/05/2023,ZMRE,"45,000,000.00",2.80,2.8
08/05/2023,AECI,"20,406,600.00",42.00,42
08/05/2023,BATA,"76,107,600.00",2.57,2.57
08/05/2023,CHIL,"200,039,904.00",14.38,14.38
09/05/2023,REIZ,"56,460,198.00",1.10,1.1
09/05/2023,ZMFA,"27,090,100.00",4.82,4.82
09/05/2023,ZNCO,"1,443,750,041.28",3.45,3.45
09/05/2023,ZCCM,"160,800,286.00",37.98,37.98
09/05/2023,ZFCO,"400,000,000.00",2.53,2.53
09/05/2023,BATZ,"212,456,304.00",1.90,1.9
09/05/2023,NATB,"63,000,000.00",4.10,4.1
09/05/2023,PUMA,"500,000,000.00",2.43,2.43
09/05/2023,SHOP,"2,700,000.00",64.00,64
09/05/2023,CCAF,"1,625,000,597.00",0.45,0.45
09/05/2023,PMDZ,"100,000,000.00",0.71,0.71
09/05/2023,ATEL,"104,000,000.00",20.00,20
09/05/2023,CECZ,"1,625,000,597.00",5.00,5
09/05/2023,ZABR,"546,000,000.00",7.00,7
09/05/2023,MAFS,"50,000,000.00",2.47,2.47
09/05/2023,ZMBF,"300,579,610.00",2.59,2.59
09/05/2023,SCBL,"1,666,980,000.00",1.50,1.5
09/05/2023,ZSUG,"316,571,385.40",18.00,18
09/05/2023,ZMRE,"45,000,000.00",2.80,2.8
09/05/2023,AECI,"20,406,600.00",42.00,42
09/05/2023,BATA,"76,107,600.00",2.57,2.57
09/05/2023,CHIL,"200,039,904.00",14.38,14.38
10/05/2023,REIZ,"56,460,198.00",1.10,1.1
10/05/2023,ZMFA,"27,090,100.00",4.82,4.82
10/05/2023,ZNCO,"1,443,750,041.28",3.45,3.45
10/05/2023,ZCCM,"160,800,286.00",37.98,37.98
10/05/2023,ZFCO,"400,000,000.00",2.53,2.53
10/05/2023,BATZ,"212,456,304.00",1.90,1.9
10/05/2023,NATB,"63,000,000.00",4.10,4.1
10/05/2023,PUMA,"500,000,000.00",2.43,2.43
10/05/2023,SHOP,"2,700,000.00",64.00,64
10/05/2023,CCAF,"1,625,000,597.00",0.45,0.45
10/05/2023,PMDZ,"100,000,000.00",0.71,0.71
10/05/2023,ATEL,"104,000,000.00",20.00,20
10/05/2023,CECZ,"1,625,000,597.00",5.00,5
10/05/2023,ZABR,"546,000,000.00",7.00,7
10/05/2023,MAFS,"50,000,000.00",2.47,2.47
10/05/2023,ZMBF,"300,579,610.00",2.59,2.59
10/05/2023,SCBL,"1,666,980,000.00",1.50,1.5
10/05/2023,ZSUG,"316,571,385.40",18.00,18
10/05/2023,ZMRE,"45,000,000.00",2.80,2.8
10/05/2023,AECI,"20,406,600.00",42.00,42
10/05/2023,BATA,"76,107,600.00",2.57,2.57
10/05/2023,CHIL,"200,039,904.00",14.38,14.38
11/05/2023,REIZ,"56,460,198.00",1.10,1.1
11/05/2023,ZMFA,"27,090,100.00",4.82,4.82
11/05/2023,ZNCO,"1,443,750,041.28",3.45,3.45
11/05/2023,ZCCM,"160,800,286.00",37.98,37.98
11/05/2023,ZFCO,"400,000,000.00",2.53,2.53
11/05/2023,BATZ,"212,456,304.00",1.90,1.9
11/05/2023,NATB,"63,000,000.00",4.10,4.1
11/05/2023,PUMA,"500,000,000.00",2.43,2.43
11/05/2023,SHOP,"2,700,000.00",64.00,64
11/05/2023,CCAF,"1,625,000,597.00",0.45,0.45
11/05/2023,PMDZ,"100,000,000.00",0.71,0.71
11/05/2023,ATEL,"104,000,000.00",20.00,20
11/05/2023,CECZ,"1,625,000,597.00",5.00,5
11/05/2023,ZABR,"546,000,000.00",7.00,7
11/05/2023,MAFS,"50,000,000.00",2.47,2.47
11/05/2023,ZMBF,"300,579,610.00",2.59,2.59
11/05/2023,SCBL,"1,666,980,000.00",1.50,1.5
11/05/2023,ZSUG,"316,571,385.40",18.00,18
11/05/2023,ZMRE,"45,000,000.00",2.80,2.8
11/05/2023,AECI,"20,406,600.00",42.00,42
11/05/2023,BATA,"76,107,600.00",2.57,2.57
11/05/2023,CHIL,"200,039,904.00",14.38,14.38
12/05/2023,REIZ,"56,460,198.00",1.10,1.1
12/05/2023,ZMFA,"27,090,100.00",4.82,4.82
12/05/2023,ZNCO,"1,443,750,041.28",3.45,3.45
12/05/2023,ZCCM,"160,800,286.00",37.98,37.98
12/05/2023,ZFCO,"400,000,000.00",2.53,2.53
12/05/2023,BATZ,"212,456,304.00",1.90,1.9
12/05/2023,NATB,"63,000,000.00",4.10,4.1
12/05/2023,PUMA,"500,000,000.00",2.43,2.43
12/05/2023,SHOP,"2,700,000.00",64.00,64
12/05/2023,CCAF,"1,625,000,597.00",0.45,0.45
12/05/2023,PMDZ,"100,000,000.00",0.71,0.71
12/05/2023,ATEL,"104,000,000.00",20.00,20
12/05/2023,CECZ,"1,625,000,597.00",5.00,5
12/05/2023,ZABR,"546,000,000.00",7.00,7
12/05/2023,MAFS,"50,000,000.00",2.47,2.47
12/05/2023,ZMBF,"300,579,610.00",2.59,2.59
12/05/2023,SCBL,"1,666,980,000.00",1.50,1.5
12/05/2023,ZSUG,"316,571,385.40",18.00,18
12/05/2023,ZMRE,"45,000,000.00",2.80,2.8
12/05/2023,AECI,"20,406,600.00",42.00,42
12/05/2023,BATA,"76,107,600.00",2.57,2.57
12/05/2023,CHIL,"200,039,904.00",14.38,14.38
15/05/2023,REIZ,"56,460,198.00",1.10,1.1
15/05/2023,ZMFA,"27,090,100.00",4.82,4.82
15/05/2023,ZNCO,"1,443,750,041.28",3.45,3.45
15/05/2023,ZCCM,"160,800,286.00",37.98,37.98
15/05/2023,ZFCO,"400,000,000.00",2.53,2.53
15/05/2023,BATZ,"212,456,304.00",1.90,1.9
15/05/2023,NATB,"63,000,000.00",4.10,4.1
15/05/2023,PUMA,"500,000,000.00",2.43,2.43
15/05/2023,SHOP,"2,700,000.00",64.00,64
15/05/2023,CCAF,"1,625,000,597.00",0.45,0.45
15/05/2023,PMDZ,"100,000,000.00",0.71,0.71
15/05/2023,ATEL,"104,000,000.00",20.00,20
15/05/2023,CECZ,"1,625,000,597.00",5.00,5
15/05/2023,ZABR,"546,000,000.00",7.00,7
15/05/2023,MAFS,"50,000,000.00",2.47,2.47
15/05/2023,ZMBF,"300,579,610.00",2.59,2.59
15/05/2023,SCBL,"1,666,980,000.00",1.50,1.5
15/05/2023,ZSUG,"316,571,385.40",18.00,18
15/05/2023,ZMRE,"45,000,000.00",2.80,2.8
15/05/2023,AECI,"20,406,600.00",42.00,42
15/05/2023,BATA,"76,107,600.00",2.57,2.57
15/05/2023,CHIL,"200,039,904.00",14.38,14.38
16/05/2023,REIZ,"56,460,198.00",1.10,1.1
16/05/2023,ZMFA,"27,090,100.00",4.82,4.82
16/05/2023,ZNCO,"1,443,750,041.28",3.45,3.45
16/05/2023,ZCCM,"160,800,286.00",37.98,37.98
16/05/2023,ZFCO,"400,000,000.00",2.53,2.53
16/05/2023,BATZ,"212,456,304.00",1.90,1.9
16/05/2023,NATB,"63,000,000.00",4.10,4.1
16/05/2023,PUMA,"500,000,000.00",2.43,2.43
16/05/2023,SHOP,"2,700,000.00",64.00,64
16/05/2023,CCAF,"1,625,000,597.00",0.45,0.45
16/05/2023,PMDZ,"100,000,000.00",0.71,0.71
16/05/2023,ATEL,"104,000,000.00",20.00,20
16/05/2023,CECZ,"1,625,000,597.00",5.00,5
16/05/2023,ZABR,"546,000,000.00",7.00,7
16/05/2023,MAFS,"50,000,000.00",2.47,2.47
16/05/2023,ZMBF,"300,579,610.00",2.59,2.59
16/05/2023,SCBL,"1,666,980,000.00",1.50,1.5
16/05/2023,ZSUG,"316,571,385.40",18.00,18
16/05/2023,ZMRE,"45,000,000.00",2.80,2.8
16/05/2023,AECI,"20,406,600.00",42.00,42
16/05/2023,BATA,"76,107,600.00",2.57,2.57
16/05/2023,CHIL,"200,039,904.00",14.38,14.38
17/05/2023,REIZ,"56,460,198.00",1.10,1.1
17/05/2023,ZMFA,"27,090,100.00",4.82,4.82
17/05/2023,ZNCO,"1,443,750,041.28",3.45,3.45
17/05/2023,ZCCM,"160,800,286.00",37.98,37.98
17/05/2023,ZFCO,"400,000,000.00",2.53,2.53
17/05/2023,BATZ,"212,456,304.00",1.90,1.9
17/05/2023,NATB,"63,000,000.00",4.10,4.1
17/05/2023,PUMA,"500,000,000.00",2.43,2.43
17/05/2023,SHOP,"2,700,000.00",64.00,64
17/05/2023,CCAF,"1,625,000,597.00",0.45,0.45
17/05/2023,PMDZ,"100,000,000.00",0.71,0.71
17/05/2023,ATEL,"104,000,000.00",20.00,20
17/05/2023,CECZ,"1,625,000,597.00",5.00,5
17/05/2023,ZABR,"546,000,000.00",7.00,7
17/05/2023,MAFS,"50,000,000.00",2.47,2.47
17/05/2023,ZMBF,"300,579,610.00",2.59,2.59
17/05/2023,SCBL,"1,666,980,000.00",1.50,1.5
17/05/2023,ZSUG,"316,571,385.40",18.00,18
17/05/2023,ZMRE,"45,000,000.00",2.80,2.8
17/05/2023,AECI,"20,406,600.00",42.00,42
17/05/2023,BATA,"76,107,600.00",2.57,2.57
17/05/2023,CHIL,"200,039,904.00",14.38,14.38
18/05/2023,REIZ,"56,460,198.00",1.10,1.1
18/05/2023,ZMFA,"27,090,100.00",4.82,4.82
18/05/2023,ZNCO,"1,443,750,041.28",3.45,3.45
18/05/2023,ZCCM,"160,800,286.00",37.98,37.98
18/05/2023,ZFCO,"400,000,000.00",2.53,2.53
18/05/2023,BATZ,"212,456,304.00",1.90,1.9
18/05/2023,NATB,"63,000,000.00",4.10,4.1
18/05/2023,PUMA,"500,000,000.00",2.43,2.43
18/05/2023,SHOP,"2,700,000.00",64.00,64
18/05/2023,CCAF,"1,625,000,597.00",0.45,0.45
18/05/2023,PMDZ,"100,000,000.00",0.71,0.71
18/05/2023,ATEL,"104,000,000.00",20.00,20
18/05/2023,CECZ,"1,625,000,597.00",5.00,5
18/05/2023,ZABR,"546,000,000.00",7.00,7
18/05/2023,MAFS,"50,000,000.00",2.47,2.47
18/05/2023,ZMBF,"300,579,610.00",2.59,2.59
18/05/2023,SCBL,"1,666,980,000.00",1.50,1.5
18/05/2023,ZSUG,"316,571,385.40",18.00,18
18/05/2023,ZMRE,"45,000,000.00",2.80,2.8
18/05/2023,AECI,"20,406,600.00",42.00,42
18/05/2023,BATA,"76,107,600.00",2.57,2.57
18/05/2023,CHIL,"200,039,904.00",14.38,14.38
19/05/2023,REIZ,"56,460,198.00",1.10,1.1
19/05/2023,ZMFA,"27,090,100.00",4.82,4.82
19/05/2023,ZNCO,"1,443,750,041.28",3.45,3.45
19/05/2023,ZCCM,"160,800,286.00",37.98,37.98
19/05/2023,ZFCO,"400,000,000.00",2.53,2.53
19/05/2023,BATZ,"212,456,304.00",1.90,1.9
19/05/2023,NATB,"63,000,000.00",4.10,4.1
19/05/2023,PUMA,"500,000,000.00",2.43,2.43
19/05/2023,SHOP,"2,700,000.00",64.00,64
19/05/2023,CCAF,"1,625,000,597.00",0.45,0.45
19/05/2023,PMDZ,"100,000,000.00",0.71,0.71
19/05/2023,ATEL,"104,000,000.00",20.00,20
19/05/2023,CECZ,"1,625,000,597.00",5.00,5
19/05/2023,ZABR,"546,000,000.00",7.00,7
19/05/2023,MAFS,"50,000,000.00",2.47,2.47
19/05/2023,ZMBF,"300,579,610.00",2.59,2.59
19/05/2023,SCBL,"1,666,980,000.00",1.51,1.51
19/05/2023,ZSUG,"316,571,385.40",18.00,18
19/05/2023,ZMRE,"45,000,000.00",2.80,2.8
19/05/2023,AECI,"20,406,600.00",42.00,42
19/05/2023,BATA,"76,107,600.00",2.57,2.57
19/05/2023,CHIL,"200,039,904.00",14.38,14.38
22/05/2023,REIZ,"56,460,198.00",1.10,1.1
22/05/2023,ZMFA,"27,090,100.00",4.82,4.82
22/05/2023,ZNCO,"1,443,750,041.28",3.50,3.45
22/05/2023,ZCCM,"160,800,286.00",37.98,37.98
22/05/2023,ZFCO,"400,000,000.00",2.53,2.53
22/05/2023,BATZ,"212,456,304.00",1.90,1.9
22/05/2023,NATB,"63,000,000.00",4.10,4.1
22/05/2023,PUMA,"500,000,000.00",2.43,2.43
22/05/2023,SHOP,"2,700,000.00",64.00,64
22/05/2023,CCAF,"1,625,000,597.00",0.45,0.45
22/05/2023,PMDZ,"100,000,000.00",0.71,0.71
22/05/2023,ATEL,"104,000,000.00",20.00,20
22/05/2023,CECZ,"1,625,000,597.00",5.00,5
22/05/2023,ZABR,"546,000,000.00",7.00,7
22/05/2023,MAFS,"50,000,000.00",2.47,2.47
22/05/2023,ZMBF,"300,579,610.00",2.59,2.59
22/05/2023,SCBL,"1,666,980,000.00",1.51,1.5
22/05/2023,ZSUG,"316,571,385.40",18.00,18
22/05/2023,ZMRE,"45,000,000.00",2.80,2.8
22/05/2023,AECI,"20,406,600.00",42.00,42
22/05/2023,BATA,"76,107,600.00",2.57,2.57
22/05/2023,CHIL,"200,039,904.00",14.38,14.38
23/05/2023,REIZ,"56,460,198.00",1.10,1.1
23/05/2023,ZMFA,"27,090,100.00",4.82,4.82
23/05/2023,ZNCO,"1,443,750,041.28",3.45,3.45
23/05/2023,ZCCM,"160,800,286.00",37.98,37.98
23/05/2023,ZFCO,"400,000,000.00",2.53,2.53
23/05/2023,BATZ,"212,456,304.00",1.90,1.9
23/05/2023,NATB,"63,000,000.00",4.10,4.1
23/05/2023,PUMA,"500,000,000.00",2.43,2.43
23/05/2023,SHOP,"2,700,000.00",64.00,64
23/05/2023,CCAF,"1,625,000,597.00",0.45,0.45
23/05/2023,PMDZ,"100,000,000.00",0.71,0.71
23/05/2023,ATEL,"104,000,000.00",20.00,20
23/05/2023,CECZ,"1,625,000,597.00",5.00,5
23/05/2023,ZABR,"546,000,000.00",7.00,7
23/05/2023,MAFS,"50,000,000.00",2.47,2.47
23/05/2023,ZMBF,"300,579,610.00",2.59,2.59
23/05/2023,SCBL,"1,666,980,000.00",1.50,1.5
23/05/2023,ZSUG,"316,571,385.40",18.00,18
23/05/2023,ZMRE,"45,000,000.00",2.80,2.8
23/05/2023,AECI,"20,406,600.00",42.00,42
23/05/2023,BATA,"76,107,600.00",2.57,2.57
23/05/2023,CHIL,"200,039,904.00",14.38,14.38
24/05/2023,REIZ,"56,460,198.00",1.10,1.1
24/05/2023,ZMFA,"27,090,100.00",4.82,4.82
24/05/2023,ZNCO,"1,443,750,041.28",3.45,3.45
24/05/2023,ZCCM,"160,800,286.00",37.98,37.98
24/05/2023,ZFCO,"400,000,000.00",2.53,2.53
24/05/2023,BATZ,"212,456,304.00",1.90,1.9
24/05/2023,NATB,"63,000,000.00",4.10,4.1
24/05/2023,PUMA,"500,000,000.00",2.43,2.43
24/05/2023,SHOP,"2,700,000.00",64.00,64
24/05/2023,CCAF,"1,625,000,597.00",0.45,0.45
24/05/2023,PMDZ,"100,000,000.00",0.71,0.71
24/05/2023,ATEL,"104,000,000.00",20.00,20
24/05/2023,CECZ,"1,625,000,597.00",5.00,5
24/05/2023,ZABR,"546,000,000.00",7.00,7
24/05/2023,MAFS,"50,000,000.00",2.47,2.47
24/05/2023,ZMBF,"300,579,610.00",2.59,2.59
24/05/2023,SCBL,"1,666,980,000.00",1.50,1.5
24/05/2023,ZSUG,"316,571,385.40",18.00,18
24/05/2023,ZMRE,"45,000,000.00",2.80,2.8
24/05/2023,AECI,"20,406,600.00",42.00,42
24/05/2023,BATA,"76,107,600.00",2.57,2.57
24/05/2023,CHIL,"200,039,904.00",14.38,14.38
26/05/2023,REIZ,"56,460,198.00",1.10,1.1
26/05/2023,ZMFA,"27,090,100.00",4.82,4.82
26/05/2023,ZNCO,"1,443,750,041.28",3.45,3.45
26/05/2023,ZCCM,"160,800,286.00",37.98,37.98
26/05/2023,ZFCO,"400,000,000.00",2.53,2.53
26/05/2023,BATZ,"212,456,304.00",1.90,1.9
26/05/2023,NATB,"63,000,000.00",4.10,4.1
26/05/2023,PUMA,"500,000,000.00",2.43,2.43
26/05/2023,SHOP,"2,700,000.00",64.00,64
26/05/2023,CCAF,"1,625,000,597.00",0.45,0.45
26/05/2023,PMDZ,"100,000,000.00",0.71,0.71
26/05/2023,ATEL,"104,000,000.00",20.00,20
26/05/2023,CECZ,"1,625,000,597.00",5.00,4.99
26/05/2023,ZABR,"546,000,000.00",7.00,7
26/05/2023,MAFS,"50,000,000.00",2.47,2.47
26/05/2023,ZMBF,"300,579,610.00",2.59,2.59
26/05/2023,SCBL,"1,666,980,000.00",1.50,1.5
26/05/2023,ZSUG,"316,571,385.40",18.00,18
26/05/2023,ZMRE,"45,000,000.00",2.80,2.8
26/05/2023,AECI,"20,406,600.00",42.00,42
26/05/2023,BATA,"76,107,600.00",2.57,2.57
26/05/2023,CHIL,"200,039,904.00",14.38,14.38
29/05/2023,REIZ,"56,460,198.00",1.10,1.1
29/05/2023,ZMFA,"27,090,100.00",4.82,4.82
29/05/2023,ZNCO,"1,443,750,041.28",3.45,3.45
29/05/2023,ZCCM,"160,800,286.00",37.98,37.98
29/05/2023,ZFCO,"400,000,000.00",2.53,2.53
29/05/2023,BATZ,"212,456,304.00",1.90,1.9
29/05/2023,NATB,"63,000,000.00",4.10,4.1
29/05/2023,PUMA,"500,000,000.00",2.43,2.43
29/05/2023,SHOP,"2,700,000.00",64.00,64
29/05/2023,CCAF,"1,625,000,597.00",0.45,0.45
29/05/2023,PMDZ,"100,000,000.00",0.71,0.71
29/05/2023,ATEL,"104,000,000.00",20.00,20
29/05/2023,CECZ,"1,625,000,597.00",4.99,5
29/05/2023,ZABR,"546,000,000.00",7.00,7
29/05/2023,MAFS,"50,000,000.00",2.47,2.47
29/05/2023,ZMBF,"300,579,610.00",2.59,2.59
29/05/2023,SCBL,"1,666,980,000.00",1.50,1.5
29/05/2023,ZSUG,"316,571,385.40",18.00,18
29/05/2023,ZMRE,"45,000,000.00",2.80,2.8
29/05/2023,AECI,"20,406,600.00",42.00,42
29/05/2023,BATA,"76,107,600.00",2.57,2.57
29/05/2023,CHIL,"200,039,904.00",14.38,14.38
30/05/2023,REIZ,"56,460,198.00",1.10,1.1
30/05/2023,ZMFA,"27,090,100.00",4.82,4.82
30/05/2023,ZNCO,"1,443,750,041.28",3.45,3.45
30/05/2023,ZCCM,"160,800,286.00",37.98,37.98
30/05/2023,ZFCO,"400,000,000.00",2.53,2.53
30/05/2023,BATZ,"212,456,304.00",1.90,1.9
30/05/2023,NATB,"63,000,000.00",4.10,4.1
30/05/2023,PUMA,"500,000,000.00",2.43,2.43
30/05/2023,SHOP,"2,700,000.00",64.00,64
30/05/2023,CCAF,"1,625,000,597.00",0.45,0.45
30/05/2023,PMDZ,"100,000,000.00",0.71,0.71
30/05/2023,ATEL,"104,000,000.00",20.00,20
30/05/2023,CECZ,"1,625,000,597.00",4.99,5
30/05/2023,ZABR,"546,000,000.00",7.00,7
30/05/2023,MAFS,"50,000,000.00",2.47,2.47
30/05/2023,ZMBF,"300,579,610.00",2.59,2.59
30/05/2023,SCBL,"1,666,980,000.00",1.50,1.6
30/05/2023,ZSUG,"316,571,385.40",18.00,18
30/05/2023,ZMRE,"45,000,000.00",2.80,2.8
30/05/2023,AECI,"20,406,600.00",42.00,42
30/05/2023,BATA,"76,107,600.00",2.57,2.57
30/05/2023,CHIL,"200,039,904.00",14.38,14.38
31/05/2023,REIZ,"56,460,198.00",1.10,1.1
31/05/2023,ZMFA,"27,090,100.00",4.82,4.82
31/05/2023,ZNCO,"1,443,750,041.28",3.45,3.45
31/05/2023,ZCCM,"160,800,286.00",37.98,37.98
31/05/2023,ZFCO,"400,000,000.00",2.53,2.53
31/05/2023,BATZ,"212,456,304.00",1.90,1.9
31/05/2023,NATB,"63,000,000.00",4.10,4.1
31/05/2023,PUMA,"500,000,000.00",2.43,2.43
31/05/2023,SHOP,"2,700,000.00",64.00,64
31/05/2023,CCAF,"1,625,000,597.00",0.45,0.45
31/05/2023,PMDZ,"100,000,000.00",0.71,0.71
31/05/2023,ATEL,"104,000,000.00",20.00,23.5
31/05/2023,CECZ,"1,625,000,597.00",5.00,5
31/05/2023,ZABR,"546,000,000.00",7.00,7
31/05/2023,MAFS,"50,000,000.00",2.47,2.47
31/05/2023,ZMBF,"300,579,610.00",2.59,2.59
31/05/2023,SCBL,"1,666,980,000.00",1.60,1.5
31/05/2023,ZSUG,"316,571,385.40",18.00,18
31/05/2023,ZMRE,"45,000,000.00",2.80,2.8
31/05/2023,AECI,"20,406,600.00",42.00,42
31/05/2023,BATA,"76,107,600.00",2.57,2.57
31/05/2023,CHIL,"200,039,904.00",14.38,14.38
01/06/2023,REIZ,"56,460,198.00",1.10,1.1
01/06/2023,ZMFA,"27,090,100.00",4.82,4.82
01/06/2023,ZNCO,"1,443,750,041.28",3.45,3.45
01/06/2023,ZCCM,"160,800,286.00",37.98,37.98
01/06/2023,ZFCO,"400,000,000.00",2.53,2.53
01/06/2023,BATZ,"212,456,304.00",1.90,1.9
01/06/2023,NATB,"63,000,000.00",4.10,4.1
01/06/2023,PUMA,"500,000,000.00",2.43,2.43
01/06/2023,SHOP,"2,700,000.00",64.00,64
01/06/2023,CCAF,"1,625,000,597.00",0.45,0.45
01/06/2023,PMDZ,"100,000,000.00",0.71,0.71
01/06/2023,ATEL,"104,000,000.00",23.50,23.5
01/06/2023,CECZ,"1,625,000,597.00",5.00,5
01/06/2023,ZABR,"546,000,000.00",7.00,7
01/06/2023,MAFS,"50,000,000.00",2.47,2.47
01/06/2023,ZMBF,"300,579,610.00",2.59,2.59
01/06/2023,SCBL,"1,666,980,000.00",1.52,1.5
01/06/2023,ZSUG,"316,571,385.40",18.00,18
01/06/2023,ZMRE,"45,000,000.00",2.80,2.8
01/06/2023,AECI,"20,406,600.00",42.00,42
01/06/2023,BATA,"76,107,600.00",2.57,2.57
01/06/2023,CHIL,"200,039,904.00",14.38,14.38
02/06/2023,REIZ,"56,460,198.00",1.10,1.1
02/06/2023,ZMFA,"27,090,100.00",4.82,4.83
02/06/2023,ZNCO,"1,443,750,041.28",3.45,3.45
02/06/2023,ZCCM,"160,800,286.00",37.98,37.98
02/06/2023,ZFCO,"400,000,000.00",2.53,2.53
02/06/2023,BATZ,"212,456,304.00",1.90,1.9
02/06/2023,NATB,"63,000,000.00",4.10,4.1
02/06/2023,PUMA,"500,000,000.00",2.43,2.43
02/06/2023,SHOP,"2,700,000.00",64.00,64
02/06/2023,CCAF,"1,625,000,597.00",0.45,0.45
02/06/2023,PMDZ,"100,000,000.00",0.71,0.71
02/06/2023,ATEL,"104,000,000.00",23.50,23.5
02/06/2023,CECZ,"1,625,000,597.00",5.00,5
02/06/2023,ZABR,"546,000,000.00",7.00,7
02/06/2023,MAFS,"50,000,000.00",2.47,2.47
02/06/2023,ZMBF,"300,579,610.00",2.59,2.59
02/06/2023,SCBL,"1,666,980,000.00",1.50,1.5
02/06/2023,ZSUG,"316,571,385.40",18.00,18
02/06/2023,ZMRE,"45,000,000.00",2.80,2.8
02/06/2023,AECI,"20,406,600.00",42.00,42
02/06/2023,BATA,"76,107,600.00",2.57,2.57
02/06/2023,CHIL,"200,039,904.00",14.38,14.38
05/06/2023,REIZ,"56,460,198.00",1.10,1.1
05/06/2023,ZMFA,"27,090,100.00",4.83,4.83
05/06/2023,ZNCO,"1,443,750,041.28",3.45,3.45
05/06/2023,ZCCM,"160,800,286.00",37.98,37.98
05/06/2023,ZFCO,"400,000,000.00",2.53,2.53
05/06/2023,BATZ,"212,456,304.00",1.90,1.9
05/06/2023,NATB,"63,000,000.00",4.10,4.1
05/06/2023,PUMA,"500,000,000.00",2.43,2.43
05/06/2023,SHOP,"2,700,000.00",64.00,64
05/06/2023,CCAF,"1,625,000,597.00",0.45,0.45
05/06/2023,PMDZ,"100,000,000.00",0.71,0.71
05/06/2023,ATEL,"104,000,000.00",23.50,23.5
05/06/2023,CECZ,"1,625,000,597.00",5.00,5
05/06/2023,ZABR,"546,000,000.00",7.00,7
05/06/2023,MAFS,"50,000,000.00",2.47,2.47
05/06/2023,ZMBF,"300,579,610.00",2.59,2.59
05/06/2023,SCBL,"1,666,980,000.00",1.50,1.5
05/06/2023,ZSUG,"316,571,385.40",18.00,18
05/06/2023,ZMRE,"45,000,000.00",2.80,2.8
05/06/2023,AECI,"20,406,600.00",42.00,42
05/06/2023,BATA,"76,107,600.00",2.57,2.57
05/06/2023,CHIL,"200,039,904.00",14.38,13.39
06/06/2023,REIZ,"56,460,198.00",1.10,1.1
06/06/2023,ZMFA,"27,090,100.00",4.83,4.83
06/06/2023,ZNCO,"1,443,750,041.28",3.45,3.45
06/06/2023,ZCCM,"160,800,286.00",37.98,37.98
06/06/2023,ZFCO,"400,000,000.00",2.53,2.53
06/06/2023,BATZ,"212,456,304.00",1.90,1.9
06/06/2023,NATB,"63,000,000.00",4.10,4.1
06/06/2023,PUMA,"500,000,000.00",2.43,2.43
06/06/2023,SHOP,"2,700,000.00",64.00,64
06/06/2023,CCAF,"1,625,000,597.00",0.45,0.45
06/06/2023,PMDZ,"100,000,000.00",0.71,0.71
06/06/2023,ATEL,"104,000,000.00",23.50,23.5
06/06/2023,CECZ,"1,625,000,597.00",5.00,5
06/06/2023,ZABR,"546,000,000.00",7.00,7
06/06/2023,MAFS,"50,000,000.00",2.47,2.47
06/06/2023,ZMBF,"300,579,610.00",2.59,2.59
06/06/2023,SCBL,"1,666,980,000.00",1.50,1.5
06/06/2023,ZSUG,"316,571,385.40",18.00,18
06/06/2023,ZMRE,"45,000,000.00",2.80,2.8
06/06/2023,AECI,"20,406,600.00",42.00,42
06/06/2023,BATA,"76,107,600.00",2.57,2.57
06/06/2023,CHIL,"200,039,904.00",13.39,13.39
07/06/2023,REIZ,"56,460,198.00",1.10,1.1
07/06/2023,ZMFA,"27,090,100.00",4.83,4.83
07/06/2023,ZNCO,"1,443,750,041.28",3.45,3.45
07/06/2023,ZCCM,"160,800,286.00",37.98,37.98
07/06/2023,ZFCO,"400,000,000.00",2.53,2.53
07/06/2023,BATZ,"212,456,304.00",1.90,1.9
07/06/2023,NATB,"63,000,000.00",4.10,4.1
07/06/2023,PUMA,"500,000,000.00",2.43,2.43
07/06/2023,SHOP,"2,700,000.00",64.00,64
07/06/2023,CCAF,"1,625,000,597.00",0.45,0.45
07/06/2023,PMDZ,"100,000,000.00",0.71,0.71
07/06/2023,ATEL,"104,000,000.00",23.50,23.5
07/06/2023,CECZ,"1,625,000,597.00",5.00,5
07/06/2023,ZABR,"546,000,000.00",7.00,7
07/06/2023,MAFS,"50,000,000.00",2.47,2.47
07/06/2023,ZMBF,"300,579,610.00",2.59,2.59
07/06/2023,SCBL,"1,666,980,000.00",1.50,1.5
07/06/2023,ZSUG,"316,571,385.40",18.00,18
07/06/2023,ZMRE,"45,000,000.00",2.80,2.8
07/06/2023,AECI,"20,406,600.00",42.00,42
07/06/2023,BATA,"76,107,600.00",2.57,2.57
07/06/2023,CHIL,"200,039,904.00",13.39,13.39
08/06/2023,REIZ,"56,460,198.00",1.10,1.1
08/06/2023,ZMFA,"27,090,100.00",4.83,4.83
08/06/2023,ZNCO,"1,443,750,041.28",3.45,3.45
08/06/2023,ZCCM,"160,800,286.00",37.98,37.98
08/06/2023,ZFCO,"400,000,000.00",2.53,2.53
08/06/2023,BATZ,"212,456,304.00",1.90,1.9
08/06/2023,NATB,"63,000,000.00",4.10,4.1
08/06/2023,PUMA,"500,000,000.00",2.43,2.43
08/06/2023,SHOP,"2,700,000.00",64.00,64
08/06/2023,CCAF,"1,625,000,597.00",0.45,0.45
08/06/2023,PMDZ,"100,000,000.00",0.71,0.71
08/06/2023,ATEL,"104,000,000.00",23.50,23.5
08/06/2023,CECZ,"1,625,000,597.00",5.00,5
08/06/2023,ZABR,"546,000,000.00",7.00,7
08/06/2023,MAFS,"50,000,000.00",2.47,2.47
08/06/2023,ZMBF,"300,579,610.00",2.59,2.59
08/06/2023,SCBL,"1,666,980,000.00",1.50,1.5
08/06/2023,ZSUG,"316,571,385.40",18.00,18
08/06/2023,ZMRE,"45,000,000.00",2.80,2.8
08/06/2023,AECI,"20,406,600.00",42.00,42
08/06/2023,BATA,"76,107,600.00",2.57,2.57
08/06/2023,CHIL,"200,039,904.00",13.39,13.39
09/06/2023,REIZ,"56,460,198.00",1.10,1.1
09/06/2023,ZMFA,"27,090,100.00",4.83,4.83
09/06/2023,ZNCO,"1,443,750,041.28",3.45,3.45
09/06/2023,ZCCM,"160,800,286.00",37.98,37.98
09/06/2023,ZFCO,"400,000,000.00",2.53,2.53
09/06/2023,BATZ,"212,456,304.00",1.90,1.9
09/06/2023,NATB,"63,000,000.00",4.10,4.1
09/06/2023,PUMA,"500,000,000.00",2.43,2.43
09/06/2023,SHOP,"2,700,000.00",64.00,64
09/06/2023,CCAF,"1,625,000,597.00",0.45,0.45
09/06/2023,PMDZ,"100,000,000.00",0.71,0.71
09/06/2023,ATEL,"104,000,000.00",23.50,23.5
09/06/2023,CECZ,"1,625,000,597.00",5.00,5
09/06/2023,ZABR,"546,000,000.00",7.00,7
09/06/2023,MAFS,"50,000,000.00",2.47,2.47
09/06/2023,ZMBF,"300,579,610.00",2.59,2.59
09/06/2023,SCBL,"1,666,980,000.00",1.50,1.5
09/06/2023,ZSUG,"316,571,385.40",18.00,18
09/06/2023,ZMRE,"45,000,000.00",2.80,2.8
09/06/2023,AECI,"20,406,600.00",42.00,42
09/06/2023,BATA,"76,107,600.00",2.57,2.57
09/06/2023,CHIL,"200,039,904.00",13.39,13.39
12/06/2023,REIZ,"56,460,198.00",1.10,1.1
12/06/2023,ZMFA,"27,090,100.00",4.83,4.83
12/06/2023,ZNCO,"1,443,750,041.28",3.45,3.45
12/06/2023,ZCCM,"160,800,286.00",37.98,37.98
12/06/2023,ZFCO,"400,000,000.00",2.53,2.53
12/06/2023,BATZ,"212,456,304.00",1.90,1.9
12/06/2023,NATB,"63,000,000.00",4.10,4.1
12/06/2023,PUMA,"500,000,000.00",2.43,2.43
12/06/2023,SHOP,"2,700,000.00",64.00,64
12/06/2023,CCAF,"1,625,000,597.00",0.45,0.45
12/06/2023,PMDZ,"100,000,000.00",0.71,0.71
12/06/2023,ATEL,"104,000,000.00",23.50,23.5
12/06/2023,CECZ,"1,625,000,597.00",5.00,5
12/06/2023,ZABR,"546,000,000.00",7.00,7
12/06/2023,MAFS,"50,000,000.00",2.47,2.47
12/06/2023,ZMBF,"300,579,610.00",2.59,2.59
12/06/2023,SCBL,"1,666,980,000.00",1.50,1.5
12/06/2023,ZSUG,"316,571,385.40",18.00,18
12/06/2023,ZMRE,"45,000,000.00",2.80,2.8
12/06/2023,AECI,"20,406,600.00",42.00,42
12/06/2023,BATA,"76,107,600.00",2.57,2.57
12/06/2023,CHIL,"200,039,904.00",13.39,13.39
13/06/2023,REIZ,"56,460,198.00",1.10,1.1
13/06/2023,ZMFA,"27,090,100.00",4.83,4.83
13/06/2023,ZNCO,"1,443,750,041.28",3.45,3.45
13/06/2023,ZCCM,"160,800,286.00",37.98,37.98
13/06/2023,ZFCO,"400,000,000.00",2.53,2.53
13/06/2023,BATZ,"212,456,304.00",1.90,1.9
13/06/2023,NATB,"63,000,000.00",4.10,4.1
13/06/2023,PUMA,"500,000,000.00",2.43,2.43
13/06/2023,SHOP,"2,700,000.00",64.00,64
13/06/2023,CCAF,"1,625,000,597.00",0.45,0.45
13/06/2023,PMDZ,"100,000,000.00",0.71,0.71
13/06/2023,ATEL,"104,000,000.00",23.50,23.5
13/06/2023,CECZ,"1,625,000,597.00",5.00,5
13/06/2023,ZABR,"546,000,000.00",7.00,7
13/06/2023,MAFS,"50,000,000.00",2.47,2.47
13/06/2023,ZMBF,"300,579,610.00",2.59,2.59
13/06/2023,SCBL,"1,666,980,000.00",1.50,1.5
13/06/2023,ZSUG,"316,571,385.40",18.00,18
13/06/2023,ZMRE,"45,000,000.00",2.80,2.8
13/06/2023,AECI,"20,406,600.00",42.00,42
13/06/2023,BATA,"76,107,600.00",2.57,2.57
13/06/2023,CHIL,"200,039,904.00",13.39,13.39
14/06/2023,REIZ,"56,460,198.00",1.10,1.1
14/06/2023,ZMFA,"27,090,100.00",4.83,4.83
14/06/2023,ZNCO,"1,443,750,041.28",3.45,3.45
14/06/2023,ZCCM,"160,800,286.00",37.98,37.98
14/06/2023,ZFCO,"400,000,000.00",2.53,2.53
14/06/2023,BATZ,"212,456,304.00",1.90,1.9
14/06/2023,NATB,"63,000,000.00",4.10,4.1
14/06/2023,PUMA,"500,000,000.00",2.43,2.43
14/06/2023,SHOP,"2,700,000.00",64.00,64
14/06/2023,CCAF,"1,625,000,597.00",0.45,0.45
14/06/2023,PMDZ,"100,000,000.00",0.71,0.71
14/06/2023,ATEL,"104,000,000.00",23.50,23.5
14/06/2023,CECZ,"1,625,000,597.00",5.00,5
14/06/2023,ZABR,"546,000,000.00",7.00,7
14/06/2023,MAFS,"50,000,000.00",2.47,2.47
14/06/2023,ZMBF,"300,579,610.00",2.59,2.59
14/06/2023,SCBL,"1,666,980,000.00",1.50,1.5
14/06/2023,ZSUG,"316,571,385.40",18.00,18
14/06/2023,ZMRE,"45,000,000.00",2.80,2.8
14/06/2023,AECI,"20,406,600.00",42.00,42
14/06/2023,BATA,"76,107,600.00",2.57,2.57
14/06/2023,CHIL,"200,039,904.00",13.39,14.38
15/06/2023,REIZ,"56,460,198.00",1.10,1.1
15/06/2023,ZMFA,"27,090,100.00",4.83,4.83
15/06/2023,ZNCO,"1,443,750,041.28",3.45,3.45
15/06/2023,ZCCM,"160,800,286.00",37.98,37.98
15/06/2023,ZFCO,"400,000,000.00",2.53,2.53
15/06/2023,BATZ,"212,456,304.00",1.90,1.9
15/06/2023,NATB,"63,000,000.00",4.10,4.1
15/06/2023,PUMA,"500,000,000.00",2.43,2.43
15/06/2023,SHOP,"2,700,000.00",64.00,64
15/06/2023,CCAF,"1,625,000,597.00",0.45,0.45
15/06/2023,PMDZ,"100,000,000.00",0.71,0.71
15/06/2023,ATEL,"104,000,000.00",23.50,23.5
15/06/2023,CECZ,"1,625,000,597.00",5.00,5
15/06/2023,ZABR,"546,000,000.00",7.00,7
15/06/2023,MAFS,"50,000,000.00",2.47,2.47
15/06/2023,ZMBF,"300,579,610.00",2.59,2.59
15/06/2023,SCBL,"1,666,980,000.00",1.50,1.5
15/06/2023,ZSUG,"316,571,385.40",18.00,18
15/06/2023,ZMRE,"45,000,000.00",2.80,2.8
15/06/2023,AECI,"20,406,600.00",42.00,42
15/06/2023,BATA,"76,107,600.00",2.57,2.6
15/06/2023,CHIL,"200,039,904.00",14.38,14.38
16/06/2023,REIZ,"56,460,198.00",1.10,1.1
16/06/2023,ZMFA,"27,090,100.00",4.83,4.83
16/06/2023,ZNCO,"1,443,750,041.28",3.45,3.45
16/06/2023,ZCCM,"160,800,286.00",37.98,37.98
16/06/2023,ZFCO,"400,000,000.00",2.53,2.53
16/06/2023,BATZ,"212,456,304.00",1.90,1.9
16/06/2023,NATB,"63,000,000.00",4.10,4.1
16/06/2023,PUMA,"500,000,000.00",2.43,2.43
16/06/2023,SHOP,"2,700,000.00",64.00,64
16/06/2023,CCAF,"1,625,000,597.00",0.45,0.45
16/06/2023,PMDZ,"100,000,000.00",0.71,0.71
16/06/2023,ATEL,"104,000,000.00",23.50,23.5
16/06/2023,CECZ,"1,625,000,597.00",5.00,5
16/06/2023,ZABR,"546,000,000.00",7.00,7
16/06/2023,MAFS,"50,000,000.00",2.47,2.47
16/06/2023,ZMBF,"300,579,610.00",2.59,2.59
16/06/2023,SCBL,"1,666,980,000.00",1.50,1.5
16/06/2023,ZSUG,"316,571,385.40",18.00,18
16/06/2023,ZMRE,"45,000,000.00",2.80,2.8
16/06/2023,AECI,"20,406,600.00",42.00,42
16/06/2023,BATA,"76,107,600.00",2.60,2.6
16/06/2023,CHIL,"200,039,904.00",14.38,14.38
19/06/2023,ZMRE,"5,000,000,000.00",1.00,1
19/06/2023,ZABR,0,1,1
19/06/2023,PUMA,0,1,1
19/06/2023,REIZ,"56,460,198.00",1.10,1.1
19/06/2023,ZMFA,"27,090,100.00",4.83,4.83
19/06/2023,ZNCO,"1,443,750,041.28",3.45,3.45
19/06/2023,ZCCM,"160,800,286.00",37.98,37.98
19/06/2023,ZFCO,"400,000,000.00",2.53,2.53
19/06/2023,BATZ,"212,456,304.00",1.90,1.9
19/06/2023,NATB,"63,000,000.00",4.10,4.1
19/06/2023,PUMA,"500,000,000.00",2.43,2.43
19/06/2023,SHOP,"2,700,000.00",64.00,64
19/06/2023,CCAF,"1,625,000,597.00",0.45,0.45
19/06/2023,PMDZ,"100,000,000.00",0.71,0.71
19/06/2023,ATEL,"104,000,000.00",23.50,23.5
19/06/2023,CECZ,"1,625,000,597.00",5.00,5
19/06/2023,ZABR,"546,000,000.00",7.00,7
19/06/2023,MAFS,"50,000,000.00",2.47,2.47
19/06/2023,ZMBF,"300,579,610.00",2.59,2.59
19/06/2023,SCBL,"1,666,980,000.00",1.50,1.5
19/06/2023,ZSUG,"316,571,385.40",18.00,18
19/06/2023,ZMRE,"45,000,000.00",2.80,2.8
19/06/2023,AECI,"20,406,600.00",42.00,42
19/06/2023,BATA,"76,107,600.00",2.60,2.6
19/06/2023,CHIL,"200,039,904.00",14.38,14.38
20/06/2023,ZMRE,"5,000,000,000.00",1.00,1
20/06/2023,ZABR,0,1,1
20/06/2023,PUMA,0,1,1
20/06/2023,REIZ,"56,460,198.00",1.10,1.1
20/06/2023,ZMFA,"27,090,100.00",4.83,4.83
20/06/2023,ZNCO,"1,443,750,041.28",3.45,3.45
20/06/2023,ZCCM,"160,800,286.00",37.98,37.98
20/06/2023,ZFCO,"400,000,000.00",2.53,2.53
20/06/2023,BATZ,"212,456,304.00",1.90,1.9
20/06/2023,NATB,"63,000,000.00",4.10,4.1
20/06/2023,PUMA,"500,000,000.00",2.43,2.43
20/06/2023,SHOP,"2,700,000.00",64.00,64
20/06/2023,CCAF,"1,625,000,597.00",0.45,0.45
20/06/2023,PMDZ,"100,000,000.00",0.71,0.71
20/06/2023,ATEL,"104,000,000.00",23.50,23.5
20/06/2023,CECZ,"1,625,000,597.00",5.00,5
20/06/2023,ZABR,"546,000,000.00",7.00,7
20/06/2023,MAFS,"50,000,000.00",2.47,2.47
20/06/2023,ZMBF,"300,579,610.00",2.59,2.59
20/06/2023,SCBL,"1,666,980,000.00",1.50,1.5
20/06/2023,ZSUG,"316,571,385.40",18.00,18
20/06/2023,ZMRE,"45,000,000.00",2.80,2.8
20/06/2023,AECI,"20,406,600.00",42.00,42
20/06/2023,BATA,"76,107,600.00",2.60,2.6
20/06/2023,CHIL,"200,039,904.00",14.38,14.38
21/06/2023,REIZ,"56,460,198.00",1.10,1.1
21/06/2023,ZMFA,"27,090,100.00",4.83,4.83
21/06/2023,ZNCO,"1,443,750,041.28",3.45,3.45
21/06/2023,ZCCM,"160,800,286.00",37.98,37.98
21/06/2023,ZFCO,"400,000,000.00",2.53,2.53
21/06/2023,BATZ,"212,456,304.00",1.90,1.9
21/06/2023,NATB,"63,000,000.00",4.10,4.1
21/06/2023,PUMA,"500,000,000.00",2.43,2.43
21/06/2023,SHOP,"2,700,000.00",64.00,64
21/06/2023,CCAF,"1,625,000,597.00",0.45,0.45
21/06/2023,PMDZ,"100,000,000.00",0.71,0.71
21/06/2023,ATEL,"104,000,000.00",23.50,23.5
21/06/2023,CECZ,"1,625,000,597.00",5.00,5
21/06/2023,ZABR,"546,000,000.00",7.00,7
21/06/2023,MAFS,"50,000,000.00",2.47,2.47
21/06/2023,ZMBF,"300,579,610.00",2.59,2.59
21/06/2023,SCBL,"1,666,980,000.00",1.50,1.5
21/06/2023,ZSUG,"316,571,385.40",18.00,18
21/06/2023,ZMRE,"45,000,000.00",2.80,2.8
21/06/2023,AECI,"20,406,600.00",42.00,42
21/06/2023,BATA,"76,107,600.00",2.60,2.6
21/06/2023,CHIL,"200,039,904.00",14.38,14.38
22/06/2023,REIZ,"56,460,198.00",1.10,1.1
22/06/2023,ZMFA,"27,090,100.00",4.83,4.83
22/06/2023,ZNCO,"1,443,750,041.28",3.45,3.45
22/06/2023,ZCCM,"160,800,286.00",37.98,37.98
22/06/2023,ZFCO,"400,000,000.00",2.53,2.53
22/06/2023,BATZ,"212,456,304.00",1.94,1.94
22/06/2023,NATB,"63,000,000.00",4.10,4.1
22/06/2023,PUMA,"500,000,000.00",2.43,2.43
22/06/2023,SHOP,"2,700,000.00",64.00,64
22/06/2023,CCAF,"1,625,000,597.00",0.45,0.45
22/06/2023,PMDZ,"100,000,000.00",0.71,0.71
22/06/2023,ATEL,"104,000,000.00",23.50,23.5
22/06/2023,CECZ,"1,625,000,597.00",5.00,5
22/06/2023,ZABR,"546,000,000.00",7.00,7
22/06/2023,MAFS,"50,000,000.00",2.47,2.47
22/06/2023,ZMBF,"300,579,610.00",2.59,2.59
22/06/2023,SCBL,"1,666,980,000.00",1.50,1.5
22/06/2023,ZSUG,"316,571,385.40",18.00,18
22/06/2023,ZMRE,"45,000,000.00",2.80,2.8
22/06/2023,AECI,"20,406,600.00",42.00,42
22/06/2023,BATA,"76,107,600.00",2.60,2.6
22/06/2023,CHIL,"200,039,904.00",14.38,14.38
23/06/2023,REIZ,"56,460,198.00",1.10,1.1
23/06/2023,ZMFA,"27,090,100.00",4.83,4.83
23/06/2023,ZNCO,"1,443,750,041.28",3.45,3.45
23/06/2023,ZCCM,"160,800,286.00",37.98,37.98
23/06/2023,ZFCO,"400,000,000.00",2.53,2.53
23/06/2023,BATZ,"212,456,304.00",1.94,1.94
23/06/2023,NATB,"63,000,000.00",4.10,4.1
23/06/2023,PUMA,"500,000,000.00",2.43,2.43
23/06/2023,SHOP,"2,700,000.00",64.00,64
23/06/2023,CCAF,"1,625,000,597.00",0.45,0.45
23/06/2023,PMDZ,"100,000,000.00",0.71,0.71
23/06/2023,ATEL,"104,000,000.00",23.50,23.5
23/06/2023,CECZ,"1,625,000,597.00",5.00,5
23/06/2023,ZABR,"546,000,000.00",7.00,7
23/06/2023,MAFS,"50,000,000.00",2.47,2.47
23/06/2023,ZMBF,"300,579,610.00",2.59,2.59
23/06/2023,SCBL,"1,666,980,000.00",1.50,1.5
23/06/2023,ZSUG,"316,571,385.40",18.00,18
23/06/2023,ZMRE,"45,000,000.00",2.80,2.8
23/06/2023,AECI,"20,406,600.00",42.00,42
23/06/2023,BATA,"76,107,600.00",2.60,2.6
23/06/2023,CHIL,"200,039,904.00",14.38,14.38
26/06/2023,REIZ,"56,460,198.00",1.10,1.1
26/06/2023,ZMFA,"27,090,100.00",4.83,4.83
26/06/2023,ZNCO,"1,443,750,041.28",3.45,3.45
26/06/2023,ZCCM,"160,800,286.00",37.98,37.98
26/06/2023,ZFCO,"400,000,000.00",2.53,2.53
26/06/2023,BATZ,"212,456,304.00",1.94,1.94
26/06/2023,NATB,"63,000,000.00",4.10,4.1
26/06/2023,PUMA,"500,000,000.00",2.43,2.43
26/06/2023,SHOP,"2,700,000.00",64.00,64
26/06/2023,CCAF,"1,625,000,597.00",0.45,0.45
26/06/2023,PMDZ,"100,000,000.00",0.71,0.71
26/06/2023,ATEL,"104,000,000.00",23.50,23.5
26/06/2023,CECZ,"1,625,000,597.00",5.00,5
26/06/2023,ZABR,"546,000,000.00",7.00,7
26/06/2023,MAFS,"50,000,000.00",2.47,2.47
26/06/2023,ZMBF,"300,579,610.00",2.59,2.59
26/06/2023,SCBL,"1,666,980,000.00",1.50,1.5
26/06/2023,ZSUG,"316,571,385.40",18.00,18
26/06/2023,ZMRE,"45,000,000.00",2.80,2.8
26/06/2023,AECI,"20,406,600.00",42.00,42
26/06/2023,BATA,"76,107,600.00",2.60,2.6
26/06/2023,CHIL,"200,039,904.00",14.38,14.38
27/06/2023,REIZ,"56,460,198.00",1.10,1.1
27/06/2023,ZMFA,"27,090,100.00",4.83,4.83
27/06/2023,ZNCO,"1,443,750,041.28",3.45,3.45
27/06/2023,ZCCM,"160,800,286.00",37.98,37.98
27/06/2023,ZFCO,"400,000,000.00",2.53,2.53
27/06/2023,BATZ,"212,456,304.00",1.94,1.95
27/06/2023,NATB,"63,000,000.00",4.10,4.1
27/06/2023,PUMA,"500,000,000.00",2.43,2.43
27/06/2023,SHOP,"2,700,000.00",64.00,64
27/06/2023,CCAF,"1,625,000,597.00",0.45,0.45
27/06/2023,PMDZ,"100,000,000.00",0.71,0.71
27/06/2023,ATEL,"104,000,000.00",23.50,23.5
27/06/2023,CECZ,"1,625,000,597.00",5.00,5
27/06/2023,ZABR,"546,000,000.00",7.00,7
27/06/2023,MAFS,"50,000,000.00",2.47,2.47
27/06/2023,ZMBF,"300,579,610.00",2.59,2.59
27/06/2023,SCBL,"1,666,980,000.00",1.51,1.51
27/06/2023,ZSUG,"316,571,385.40",18.00,18
27/06/2023,ZMRE,"45,000,000.00",2.80,2.8
27/06/2023,AECI,"20,406,600.00",42.00,42
27/06/2023,BATA,"76,107,600.00",2.60,2.6
27/06/2023,CHIL,"200,039,904.00",14.38,14.38
28/06/2023,REIZ,"56,460,198.00",1.10,1.1
28/06/2023,ZMFA,"27,090,100.00",4.83,4.83
28/06/2023,ZNCO,"1,443,750,041.28",3.45,3.45
28/06/2023,ZCCM,"160,800,286.00",37.98,37.98
28/06/2023,ZFCO,"400,000,000.00",2.53,2.53
28/06/2023,BATZ,"212,456,304.00",1.95,1.95
28/06/2023,NATB,"63,000,000.00",4.10,4.1
28/06/2023,PUMA,"500,000,000.00",2.43,2.43
28/06/2023,SHOP,"2,700,000.00",64.00,64
28/06/2023,CCAF,"1,625,000,597.00",0.45,0.45
28/06/2023,PMDZ,"100,000,000.00",0.71,0.71
28/06/2023,ATEL,"104,000,000.00",23.50,23.5
28/06/2023,CECZ,"1,625,000,597.00",5.00,5
28/06/2023,ZABR,"546,000,000.00",7.00,7
28/06/2023,MAFS,"50,000,000.00",2.47,2.47
28/06/2023,ZMBF,"300,579,610.00",2.59,2.59
28/06/2023,SCBL,"1,666,980,000.00",1.51,1.5
28/06/2023,ZSUG,"316,571,385.40",18.00,18
28/06/2023,ZMRE,"45,000,000.00",2.80,2.8
28/06/2023,AECI,"20,406,600.00",42.00,42
28/06/2023,BATA,"76,107,600.00",2.60,2.6
28/06/2023,CHIL,"200,039,904.00",14.05,14.05
29/06/2023,REIZ,"56,460,198.00",1.10,1.1
29/06/2023,ZMFA,"27,090,100.00",4.83,4.83
29/06/2023,ZNCO,"1,443,750,041.28",3.45,3.5
29/06/2023,ZCCM,"160,800,286.00",37.98,37.98
29/06/2023,ZFCO,"400,000,000.00",2.53,2.53
29/06/2023,BATZ,"212,456,304.00",1.95,1.95
29/06/2023,NATB,"63,000,000.00",4.10,4.1
29/06/2023,PUMA,"500,000,000.00",2.43,2.43
29/06/2023,SHOP,"2,700,000.00",64.00,64
29/06/2023,CCAF,"1,625,000,597.00",0.45,0.45
29/06/2023,PMDZ,"100,000,000.00",0.71,0.71
29/06/2023,ATEL,"104,000,000.00",23.50,23.5
29/06/2023,CECZ,"1,625,000,597.00",5.00,5
29/06/2023,ZABR,"546,000,000.00",7.00,7
29/06/2023,MAFS,"50,000,000.00",2.47,2.47
29/06/2023,ZMBF,"300,579,610.00",2.59,2.59
29/06/2023,SCBL,"1,666,980,000.00",1.50,1.55
29/06/2023,ZSUG,"316,571,385.40",18.00,18
29/06/2023,ZMRE,"45,000,000.00",2.80,2.8
29/06/2023,AECI,"20,406,600.00",42.00,42
29/06/2023,BATA,"76,107,600.00",2.60,2.6
29/06/2023,CHIL,"200,039,904.00",14.05,14.05
30/06/2023,REIZ,"56,460,198.00",1.10,1.1
30/06/2023,ZMFA,"27,090,100.00",4.83,4.83
30/06/2023,ZNCO,"1,443,750,041.28",3.47,3.5
30/06/2023,ZCCM,"160,800,286.00",37.98,37.98
30/06/2023,ZFCO,"400,000,000.00",2.53,2.53
30/06/2023,BATZ,"212,456,304.00",1.95,1.95
30/06/2023,NATB,"63,000,000.00",4.10,4.1
30/06/2023,PUMA,"500,000,000.00",2.43,2.43
30/06/2023,SHOP,"2,700,000.00",64.00,64
30/06/2023,CCAF,"1,625,000,597.00",0.45,0.45
30/06/2023,PMDZ,"100,000,000.00",0.71,0.71
30/06/2023,ATEL,"104,000,000.00",23.50,23.5
30/06/2023,CECZ,"1,625,000,597.00",5.00,5
30/06/2023,ZABR,"546,000,000.00",7.00,7
30/06/2023,MAFS,"50,000,000.00",2.47,2.47
30/06/2023,ZMBF,"300,579,610.00",2.59,2.59
30/06/2023,SCBL,"1,666,980,000.00",1.55,1.5
30/06/2023,ZSUG,"316,571,385.40",18.00,18
30/06/2023,ZMRE,"45,000,000.00",2.80,2.8
30/06/2023,AECI,"20,406,600.00",42.00,42
30/06/2023,BATA,"76,107,600.00",2.60,2.6
30/06/2023,CHIL,"200,039,904.00",14.05,14.05
05/07/2023,REIZ,"56,460,198.00",1.10,1.1
05/07/2023,ZMFA,"27,090,100.00",4.83,4.83
05/07/2023,ZNCO,"1,443,750,041.28",3.50,3.5
05/07/2023,ZCCM,"160,800,286.00",37.98,37.98
05/07/2023,ZFCO,"400,000,000.00",2.53,2.53
05/07/2023,BATZ,"212,456,304.00",1.95,1.95
05/07/2023,NATB,"63,000,000.00",4.10,4.1
05/07/2023,PUMA,"500,000,000.00",2.43,2.43
05/07/2023,SHOP,"2,700,000.00",64.00,64
05/07/2023,CCAF,"1,625,000,597.00",0.45,0.45
05/07/2023,PMDZ,"100,000,000.00",0.71,0.71
05/07/2023,ATEL,"104,000,000.00",23.50,23.5
05/07/2023,CECZ,"1,625,000,597.00",5.00,5
05/07/2023,ZABR,"546,000,000.00",7.00,7
05/07/2023,MAFS,"50,000,000.00",2.47,2.47
05/07/2023,ZMBF,"300,579,610.00",2.59,2.59
05/07/2023,SCBL,"1,666,980,000.00",1.50,1.5
05/07/2023,ZSUG,"316,571,385.40",18.00,18
05/07/2023,ZMRE,"45,000,000.00",2.80,2.8
05/07/2023,AECI,"20,406,600.00",42.00,42
05/07/2023,BATA,"76,107,600.00",2.60,2.6
05/07/2023,CHIL,"200,039,904.00",14.05,14.05
06/07/2023,REIZ,"56,460,198.00",1.10,1.1
06/07/2023,ZMFA,"27,090,100.00",4.83,4.83
06/07/2023,ZNCO,"1,443,750,041.28",3.50,3.46
06/07/2023,ZCCM,"160,800,286.00",37.98,37.98
06/07/2023,ZFCO,"400,000,000.00",2.53,2.53
06/07/2023,BATZ,"212,456,304.00",1.95,1.95
06/07/2023,NATB,"63,000,000.00",4.10,4.1
06/07/2023,PUMA,"500,000,000.00",2.43,2.43
06/07/2023,SHOP,"2,700,000.00",64.00,64
06/07/2023,CCAF,"1,625,000,597.00",0.45,0.45
06/07/2023,PMDZ,"100,000,000.00",0.71,0.71
06/07/2023,ATEL,"104,000,000.00",23.50,24.01
06/07/2023,CECZ,"1,625,000,597.00",5.00,5
06/07/2023,ZABR,"546,000,000.00",7.00,7
06/07/2023,MAFS,"50,000,000.00",2.47,2.47
06/07/2023,ZMBF,"300,579,610.00",2.59,2.5
06/07/2023,SCBL,"1,666,980,000.00",1.50,1.5
06/07/2023,ZSUG,"316,571,385.40",18.00,18
06/07/2023,ZMRE,"45,000,000.00",2.80,2.8
06/07/2023,AECI,"20,406,600.00",42.00,42
06/07/2023,BATA,"76,107,600.00",2.60,2.6
06/07/2023,CHIL,"200,039,904.00",14.05,14.05
07/07/2023,REIZ,"56,460,198.00",1.10,1.1
07/07/2023,ZMFA,"27,090,100.00",4.83,4.83
07/07/2023,ZNCO,"1,443,750,041.28",3.46,3.45
07/07/2023,ZCCM,"160,800,286.00",37.98,37.98
07/07/2023,ZFCO,"400,000,000.00",2.53,2.53
07/07/2023,BATZ,"212,456,304.00",1.95,1.95
07/07/2023,NATB,"63,000,000.00",4.10,4.1
07/07/2023,PUMA,"500,000,000.00",2.43,2.43
07/07/2023,SHOP,"2,700,000.00",64.00,64
07/07/2023,CCAF,"1,625,000,597.00",0.45,0.45
07/07/2023,PMDZ,"100,000,000.00",0.71,0.71
07/07/2023,ATEL,"104,000,000.00",24.01,24.01
07/07/2023,CECZ,"1,625,000,597.00",5.00,5.01
07/07/2023,ZABR,"546,000,000.00",7.00,7
07/07/2023,MAFS,"50,000,000.00",2.47,2.47
07/07/2023,ZMBF,"300,579,610.00",2.50,2.5
07/07/2023,SCBL,"1,666,980,000.00",1.50,1.5
07/07/2023,ZSUG,"316,571,385.40",18.00,18
07/07/2023,ZMRE,"45,000,000.00",2.80,2.8
07/07/2023,AECI,"20,406,600.00",42.00,42
07/07/2023,BATA,"76,107,600.00",2.60,2.6
07/07/2023,CHIL,"200,039,904.00",14.05,14.05
10/07/2023,ZMRE,"5,000,000,000.00",1.00,1
10/07/2023,ZABR,0,1,1
10/07/2023,PUMA,0,1,1
10/07/2023,REIZ,"56,460,198.00",1.10,1.1
10/07/2023,ZMFA,"27,090,100.00",4.83,4.83
10/07/2023,ZNCO,"1,443,750,041.28",3.45,3.45
10/07/2023,ZCCM,"160,800,286.00",37.98,37.98
10/07/2023,ZFCO,"400,000,000.00",2.53,2.53
10/07/2023,BATZ,"212,456,304.00",1.95,1.95
10/07/2023,NATB,"63,000,000.00",4.10,4.1
10/07/2023,PUMA,"500,000,000.00",2.43,2.43
10/07/2023,SHOP,"2,700,000.00",64.00,64
10/07/2023,CCAF,"1,625,000,597.00",0.45,0.45
10/07/2023,PMDZ,"100,000,000.00",0.71,0.71
10/07/2023,ATEL,"104,000,000.00",24.01,24.01
10/07/2023,CECZ,"1,625,000,597.00",5.01,5
10/07/2023,ZABR,"546,000,000.00",7.00,7
10/07/2023,MAFS,"50,000,000.00",2.47,2.47
10/07/2023,ZMBF,"300,579,610.00",2.50,2.5
10/07/2023,SCBL,"1,666,980,000.00",1.50,1.5
10/07/2023,ZSUG,"316,571,385.40",18.00,18
10/07/2023,ZMRE,"45,000,000.00",2.80,2.8
10/07/2023,AECI,"20,406,600.00",42.00,42
10/07/2023,BATA,"76,107,600.00",2.60,2.6
10/07/2023,CHIL,"200,039,904.00",14.05,14.05
11/07/2023,REIZ,"56,460,198.00",1.10,1.1
11/07/2023,ZMFA,"27,090,100.00",4.83,4.83
11/07/2023,ZNCO,"1,443,750,041.28",3.45,3.45
11/07/2023,ZCCM,"160,800,286.00",37.98,37.98
11/07/2023,ZFCO,"400,000,000.00",2.53,2.53
11/07/2023,BATZ,"212,456,304.00",1.95,1.95
11/07/2023,NATB,"63,000,000.00",4.10,4.1
11/07/2023,PUMA,"500,000,000.00",2.43,2.43
11/07/2023,SHOP,"2,700,000.00",64.00,64
11/07/2023,CCAF,"1,625,000,597.00",0.45,0.45
11/07/2023,PMDZ,"100,000,000.00",0.71,0.71
11/07/2023,ATEL,"104,000,000.00",24.01,24.01
11/07/2023,CECZ,"1,625,000,597.00",5.00,5
11/07/2023,ZABR,"546,000,000.00",7.00,7
11/07/2023,MAFS,"50,000,000.00",2.47,2.47
11/07/2023,ZMBF,"300,579,610.00",2.50,2.5
11/07/2023,SCBL,"1,666,980,000.00",1.50,1.5
11/07/2023,ZSUG,"316,571,385.40",18.00,18
11/07/2023,ZMRE,"45,000,000.00",2.80,2.8
11/07/2023,AECI,"20,406,600.00",42.00,42
11/07/2023,BATA,"76,107,600.00",2.60,2.6
11/07/2023,CHIL,"200,039,904.00",14.05,14.05
12/07/2023,REIZ,"56,460,198.00",1.10,1.1
12/07/2023,ZMFA,"27,090,100.00",4.83,4.83
12/07/2023,ZNCO,"1,443,750,041.28",3.45,3.45
12/07/2023,ZCCM,"160,800,286.00",37.98,37.98
12/07/2023,ZFCO,"400,000,000.00",2.53,2.53
12/07/2023,BATZ,"212,456,304.00",1.95,1.95
12/07/2023,NATB,"63,000,000.00",4.10,4.1
12/07/2023,PUMA,"500,000,000.00",2.43,2.43
12/07/2023,SHOP,"2,700,000.00",64.00,64
12/07/2023,CCAF,"1,625,000,597.00",0.45,0.45
12/07/2023,PMDZ,"100,000,000.00",0.71,0.71
12/07/2023,ATEL,"104,000,000.00",24.01,24.01
12/07/2023,CECZ,"1,625,000,597.00",5.00,5.01
12/07/2023,ZABR,"546,000,000.00",7.00,7
12/07/2023,MAFS,"50,000,000.00",2.47,2.47
12/07/2023,ZMBF,"300,579,610.00",2.50,2.48
12/07/2023,SCBL,"1,666,980,000.00",1.50,1.5
12/07/2023,ZSUG,"316,571,385.40",18.00,18
12/07/2023,ZMRE,"45,000,000.00",2.80,2.8
12/07/2023,AECI,"20,406,600.00",42.00,42
12/07/2023,BATA,"76,107,600.00",2.60,2.6
12/07/2023,CHIL,"200,039,904.00",14.05,14
13/07/2023,REIZ,"56,460,198.00",1.10,1.1
13/07/2023,ZMFA,"27,090,100.00",4.83,4.83
13/07/2023,ZNCO,"1,443,750,041.28",3.45,3.45
13/07/2023,ZCCM,"160,800,286.00",37.98,37.98
13/07/2023,ZFCO,"400,000,000.00",2.53,2.53
13/07/2023,BATZ,"212,456,304.00",1.95,1.95
13/07/2023,NATB,"63,000,000.00",4.10,4.1
13/07/2023,PUMA,"500,000,000.00",2.43,2.43
13/07/2023,SHOP,"2,700,000.00",64.00,64
13/07/2023,CCAF,"1,625,000,597.00",0.45,0.45
13/07/2023,PMDZ,"100,000,000.00",0.71,0.71
13/07/2023,ATEL,"104,000,000.00",24.01,24.01
13/07/2023,CECZ,"1,625,000,597.00",5.01,5.01
13/07/2023,ZABR,"546,000,000.00",7.00,7
13/07/2023,MAFS,"50,000,000.00",2.47,2.47
13/07/2023,ZMBF,"300,579,610.00",2.48,2.48
13/07/2023,SCBL,"1,666,980,000.00",1.50,1.5
13/07/2023,ZSUG,"316,571,385.40",18.00,18
13/07/2023,ZMRE,"45,000,000.00",2.80,2.8
13/07/2023,AECI,"20,406,600.00",42.00,42
13/07/2023,BATA,"76,107,600.00",2.60,2.6
13/07/2023,CHIL,"200,039,904.00",14.00,14
14/07/2023,REIZ,"56,460,198.00",1.10,1.1
14/07/2023,ZMFA,"27,090,100.00",4.83,4.83
14/07/2023,ZNCO,"1,443,750,041.28",3.45,3.45
14/07/2023,ZCCM,"160,800,286.00",37.98,37.98
14/07/2023,ZFCO,"400,000,000.00",2.53,2.53
14/07/2023,BATZ,"212,456,304.00",1.95,1.95
14/07/2023,NATB,"63,000,000.00",4.10,4.1
14/07/2023,PUMA,"500,000,000.00",2.43,2.43
14/07/2023,SHOP,"2,700,000.00",64.00,64
14/07/2023,CCAF,"1,625,000,597.00",0.45,0.45
14/07/2023,PMDZ,"100,000,000.00",0.71,0.71
14/07/2023,ATEL,"104,000,000.00",24.01,24.01
14/07/2023,CECZ,"1,625,000,597.00",5.01,5.01
14/07/2023,ZABR,"546,000,000.00",7.00,7
14/07/2023,MAFS,"50,000,000.00",2.47,2.47
14/07/2023,ZMBF,"300,579,610.00",2.48,2.47
14/07/2023,SCBL,"1,666,980,000.00",1.50,1.5
14/07/2023,ZSUG,"316,571,385.40",18.00,18
14/07/2023,ZMRE,"45,000,000.00",2.80,2.8
14/07/2023,AECI,"20,406,600.00",42.00,42
14/07/2023,BATA,"76,107,600.00",2.60,2.6
14/07/2023,CHIL,"200,039,904.00",14.00,14
17/07/2023,REIZ,"56,460,198.00",1.10,1.1
17/07/2023,ZMFA,"27,090,100.00",4.83,4.83
17/07/2023,ZNCO,"1,443,750,041.28",3.45,3.45
17/07/2023,ZCCM,"160,800,286.00",37.98,37.98
17/07/2023,ZFCO,"400,000,000.00",2.53,2.53
17/07/2023,BATZ,"212,456,304.00",1.95,1.95
17/07/2023,NATB,"63,000,000.00",4.10,4.1
17/07/2023,PUMA,"500,000,000.00",2.43,2.43
17/07/2023,SHOP,"2,700,000.00",64.00,64
17/07/2023,CCAF,"1,625,000,597.00",0.45,0.45
17/07/2023,PMDZ,"100,000,000.00",0.71,0.71
17/07/2023,ATEL,"104,000,000.00",24.01,24.01
17/07/2023,CECZ,"1,625,000,597.00",5.01,5.01
17/07/2023,ZABR,"546,000,000.00",7.00,7
17/07/2023,MAFS,"50,000,000.00",2.47,2.47
17/07/2023,ZMBF,"300,579,610.00",2.47,2.47
17/07/2023,SCBL,"1,666,980,000.00",1.50,1.5
17/07/2023,ZSUG,"316,571,385.40",18.00,18
17/07/2023,ZMRE,"45,000,000.00",2.80,2.8
17/07/2023,AECI,"20,406,600.00",42.00,42
17/07/2023,BATA,"76,107,600.00",2.60,2.6
17/07/2023,CHIL,"200,039,904.00",14.00,14
18/07/2023,REIZ,"56,460,198.00",1.10,1.1
18/07/2023,ZMFA,"27,090,100.00",4.83,4.83
18/07/2023,ZNCO,"1,443,750,041.28",3.45,3.45
18/07/2023,ZCCM,"160,800,286.00",37.98,37.98
18/07/2023,ZFCO,"400,000,000.00",2.53,2.53
18/07/2023,BATZ,"212,456,304.00",1.95,1.95
18/07/2023,NATB,"63,000,000.00",4.10,4.1
18/07/2023,PUMA,"500,000,000.00",2.43,2.43
18/07/2023,SHOP,"2,700,000.00",64.00,64
18/07/2023,CCAF,"1,625,000,597.00",0.45,0.44
18/07/2023,PMDZ,"100,000,000.00",0.71,0.71
18/07/2023,ATEL,"104,000,000.00",24.01,24.01
18/07/2023,CECZ,"1,625,000,597.00",5.01,5.01
18/07/2023,ZABR,"546,000,000.00",7.00,7
18/07/2023,MAFS,"50,000,000.00",2.47,2.47
18/07/2023,ZMBF,"300,579,610.00",2.47,2.46
18/07/2023,SCBL,"1,666,980,000.00",1.50,1.5
18/07/2023,ZSUG,"316,571,385.40",18.00,18
18/07/2023,ZMRE,"45,000,000.00",2.80,2.8
18/07/2023,AECI,"20,406,600.00",42.00,42
18/07/2023,BATA,"76,107,600.00",2.60,2.6
18/07/2023,CHIL,"200,039,904.00",14.00,13.99
19/07/2023,REIZ,"56,460,198.00",1.10,1.1
19/07/2023,ZMFA,"27,090,100.00",4.83,4.83
19/07/2023,ZNCO,"1,443,750,041.28",3.45,3.45
19/07/2023,ZCCM,"160,800,286.00",37.98,37.98
19/07/2023,ZFCO,"400,000,000.00",2.53,2.53
19/07/2023,BATZ,"212,456,304.00",1.95,1.95
19/07/2023,NATB,"63,000,000.00",4.10,4.1
19/07/2023,PUMA,"500,000,000.00",2.43,2.43
19/07/2023,SHOP,"2,700,000.00",64.00,64
19/07/2023,CCAF,"1,625,000,597.00",0.44,0.44
19/07/2023,PMDZ,"100,000,000.00",0.71,0.71
19/07/2023,ATEL,"104,000,000.00",24.01,24.01
19/07/2023,CECZ,"1,625,000,597.00",5.02,5.02
19/07/2023,ZABR,"546,000,000.00",7.00,7
19/07/2023,MAFS,"50,000,000.00",2.47,2.47
19/07/2023,ZMBF,"300,579,610.00",2.47,2.47
19/07/2023,SCBL,"1,666,980,000.00",1.50,1.5
19/07/2023,ZSUG,"316,571,385.40",18.00,18
19/07/2023,ZMRE,"45,000,000.00",2.80,2.8
19/07/2023,AECI,"20,406,600.00",42.00,42
19/07/2023,BATA,"76,107,600.00",2.60,2.6
19/07/2023,CHIL,"200,039,904.00",13.99,13.99
20/07/2023,REIZ,"56,460,198.00",1.10,1.1
20/07/2023,ZMFA,"27,090,100.00",4.83,4.83
20/07/2023,ZNCO,"1,443,750,041.28",3.45,3.45
20/07/2023,ZCCM,"160,800,286.00",37.98,37.98
20/07/2023,ZFCO,"400,000,000.00",2.53,2.53
20/07/2023,BATZ,"212,456,304.00",1.95,1.95
20/07/2023,NATB,"63,000,000.00",4.10,4.1
20/07/2023,PUMA,"500,000,000.00",2.43,2.43
20/07/2023,SHOP,"2,700,000.00",64.00,64
20/07/2023,CCAF,"1,625,000,597.00",0.44,0.44
20/07/2023,PMDZ,"100,000,000.00",0.71,0.71
20/07/2023,ATEL,"104,000,000.00",24.01,24.01
20/07/2023,CECZ,"1,625,000,597.00",5.02,5.02
20/07/2023,ZABR,"546,000,000.00",7.00,7
20/07/2023,MAFS,"50,000,000.00",2.47,2.47
20/07/2023,ZMBF,"300,579,610.00",2.47,2.47
20/07/2023,SCBL,"1,666,980,000.00",1.50,1.5
20/07/2023,ZSUG,"316,571,385.40",18.00,18
20/07/2023,ZMRE,"45,000,000.00",2.80,2.8
20/07/2023,AECI,"20,406,600.00",42.00,42
20/07/2023,BATA,"76,107,600.00",2.60,2.6
20/07/2023,CHIL,"200,039,904.00",13.99,13.99
21/07/2023,REIZ,"56,460,198.00",1.10,1.1
21/07/2023,ZMFA,"27,090,100.00",4.83,4.83
21/07/2023,ZNCO,"1,443,750,041.28",3.45,3.45
21/07/2023,ZCCM,"160,800,286.00",37.98,37.98
21/07/2023,ZFCO,"400,000,000.00",2.53,2.53
21/07/2023,BATZ,"212,456,304.00",1.95,1.95
21/07/2023,NATB,"63,000,000.00",4.10,4.1
21/07/2023,PUMA,"500,000,000.00",2.43,2.43
21/07/2023,SHOP,"2,700,000.00",64.00,64
21/07/2023,CCAF,"1,625,000,597.00",0.44,0.44
21/07/2023,PMDZ,"100,000,000.00",0.71,0.71
21/07/2023,ATEL,"104,000,000.00",24.01,24.01
21/07/2023,CECZ,"1,625,000,597.00",5.02,5.02
21/07/2023,ZABR,"546,000,000.00",7.00,7
21/07/2023,MAFS,"50,000,000.00",2.47,2.47
21/07/2023,ZMBF,"300,579,610.00",2.47,2.45
21/07/2023,SCBL,"1,666,980,000.00",1.50,1.5
21/07/2023,ZSUG,"316,571,385.40",18.00,18
21/07/2023,ZMRE,"45,000,000.00",2.80,2.8
21/07/2023,AECI,"20,406,600.00",42.00,42
21/07/2023,BATA,"76,107,600.00",2.60,2.6
21/07/2023,CHIL,"200,039,904.00",13.99,13.99
24/07/2023,REIZ,"56,460,198.00",1.10,1.1
24/07/2023,ZMFA,"27,090,100.00",4.83,4.83
24/07/2023,ZNCO,"1,443,750,041.28",3.45,3.44
24/07/2023,ZCCM,"160,800,286.00",37.98,37.98
24/07/2023,ZFCO,"400,000,000.00",2.53,2.53
24/07/2023,BATZ,"212,456,304.00",1.95,1.95
24/07/2023,NATB,"63,000,000.00",4.10,4.1
24/07/2023,PUMA,"500,000,000.00",2.43,2.43
24/07/2023,SHOP,"2,700,000.00",64.00,64
24/07/2023,CCAF,"1,625,000,597.00",0.44,0.44
24/07/2023,PMDZ,"100,000,000.00",0.71,0.71
24/07/2023,ATEL,"104,000,000.00",24.01,24.01
24/07/2023,CECZ,"1,625,000,597.00",5.02,5.02
24/07/2023,ZABR,"546,000,000.00",7.00,7
24/07/2023,MAFS,"50,000,000.00",2.47,2.47
24/07/2023,ZMBF,"300,579,610.00",2.45,2.4
24/07/2023,SCBL,"1,666,980,000.00",1.50,1.5
24/07/2023,ZSUG,"316,571,385.40",18.00,18
24/07/2023,ZMRE,"45,000,000.00",2.80,2.8
24/07/2023,AECI,"20,406,600.00",42.00,42
24/07/2023,BATA,"76,107,600.00",2.60,2.6
24/07/2023,CHIL,"200,039,904.00",13.99,13.99
25/07/2023,REIZ,"56,460,198.00",1.10,1.1
25/07/2023,ZMFA,"27,090,100.00",4.83,4.83
25/07/2023,ZNCO,"1,443,750,041.28",3.44,3.45
25/07/2023,ZCCM,"160,800,286.00",37.98,37.98
25/07/2023,ZFCO,"400,000,000.00",2.53,2.53
25/07/2023,BATZ,"212,456,304.00",1.95,1.95
25/07/2023,NATB,"63,000,000.00",4.10,4.1
25/07/2023,PUMA,"500,000,000.00",2.43,2.43
25/07/2023,SHOP,"2,700,000.00",64.00,64
25/07/2023,CCAF,"1,625,000,597.00",0.44,0.44
25/07/2023,PMDZ,"100,000,000.00",0.71,0.71
25/07/2023,ATEL,"104,000,000.00",24.01,24.01
25/07/2023,CECZ,"1,625,000,597.00",5.02,5.02
25/07/2023,ZABR,"546,000,000.00",7.00,7
25/07/2023,MAFS,"50,000,000.00",2.47,2.47
25/07/2023,ZMBF,"300,579,610.00",2.40,2.4
25/07/2023,SCBL,"1,666,980,000.00",1.50,1.5
25/07/2023,ZSUG,"316,571,385.40",18.00,18
25/07/2023,ZMRE,"45,000,000.00",2.80,2.8
25/07/2023,AECI,"20,406,600.00",42.00,42
25/07/2023,BATA,"76,107,600.00",2.60,2.6
25/07/2023,CHIL,"200,039,904.00",13.99,13.98
26/07/2023,REIZ,"56,460,198.00",1.10,1.1
26/07/2023,ZMFA,"27,090,100.00",4.83,4.83
26/07/2023,ZNCO,"1,443,750,041.28",3.45,3.45
26/07/2023,ZCCM,"160,800,286.00",37.98,37.98
26/07/2023,ZFCO,"400,000,000.00",2.53,2.53
26/07/2023,BATZ,"212,456,304.00",1.95,1.95
26/07/2023,NATB,"63,000,000.00",4.10,4.1
26/07/2023,PUMA,"500,000,000.00",2.43,2.43
26/07/2023,SHOP,"2,700,000.00",64.00,64
26/07/2023,CCAF,"1,625,000,597.00",0.44,0.44
26/07/2023,PMDZ,"100,000,000.00",0.71,0.71
26/07/2023,ATEL,"104,000,000.00",24.01,24.01
26/07/2023,CECZ,"1,625,000,597.00",5.02,5.02
26/07/2023,ZABR,"546,000,000.00",7.00,7
26/07/2023,MAFS,"50,000,000.00",2.47,2.47
26/07/2023,ZMBF,"300,579,610.00",2.40,2.38
26/07/2023,SCBL,"1,666,980,000.00",1.50,1.5
26/07/2023,ZSUG,"316,571,385.40",18.00,18
26/07/2023,ZMRE,"45,000,000.00",2.80,2.8
26/07/2023,AECI,"20,406,600.00",42.00,42
26/07/2023,BATA,"76,107,600.00",2.60,2.6
26/07/2023,CHIL,"200,039,904.00",13.98,13.98
27/07/2023,REIZ,"56,460,198.00",1.10,1.1
27/07/2023,ZMFA,"27,090,100.00",4.83,4.83
27/07/2023,ZNCO,"1,443,750,041.28",3.45,3.45
27/07/2023,ZCCM,"160,800,286.00",37.98,37.98
27/07/2023,ZFCO,"400,000,000.00",2.53,2.53
27/07/2023,BATZ,"212,456,304.00",1.95,1.95
27/07/2023,NATB,"63,000,000.00",4.10,4.1
27/07/2023,PUMA,"500,000,000.00",2.43,2.43
27/07/2023,SHOP,"2,700,000.00",64.00,64
27/07/2023,CCAF,"1,625,000,597.00",0.44,0.44
27/07/2023,PMDZ,"100,000,000.00",0.71,0.71
27/07/2023,ATEL,"104,000,000.00",24.01,30
27/07/2023,CECZ,"1,625,000,597.00",5.02,5.02
27/07/2023,ZABR,"546,000,000.00",7.00,7
27/07/2023,MAFS,"50,000,000.00",2.47,2.47
27/07/2023,ZMBF,"300,579,610.00",2.38,2.38
27/07/2023,SCBL,"1,666,980,000.00",1.50,1.5
27/07/2023,ZSUG,"316,571,385.40",18.00,18
27/07/2023,ZMRE,"45,000,000.00",2.80,2.8
27/07/2023,AECI,"20,406,600.00",42.00,42
27/07/2023,BATA,"76,107,600.00",2.60,2.6
27/07/2023,CHIL,"200,039,904.00",13.98,13.98
28/07/2023,REIZ,"56,460,198.00",1.10,1.1
28/07/2023,ZMFA,"27,090,100.00",4.83,4.83
28/07/2023,ZNCO,"1,443,750,041.28",3.45,3.45
28/07/2023,ZCCM,"160,800,286.00",37.98,37.98
28/07/2023,ZFCO,"400,000,000.00",2.53,2.53
28/07/2023,BATZ,"212,456,304.00",1.95,1.95
28/07/2023,NATB,"63,000,000.00",4.10,4.1
28/07/2023,PUMA,"500,000,000.00",2.43,2.43
28/07/2023,SHOP,"2,700,000.00",64.00,64
28/07/2023,CCAF,"1,625,000,597.00",0.44,0.44
28/07/2023,PMDZ,"100,000,000.00",0.71,0.71
28/07/2023,ATEL,"104,000,000.00",30.00,30
28/07/2023,CECZ,"1,625,000,597.00",5.02,5.02
28/07/2023,ZABR,"546,000,000.00",7.00,7
28/07/2023,MAFS,"50,000,000.00",2.47,2.47
28/07/2023,ZMBF,"300,579,610.00",2.38,2.3
28/07/2023,SCBL,"1,666,980,000.00",1.50,1.5
28/07/2023,ZSUG,"316,571,385.40",18.00,18
28/07/2023,ZMRE,"45,000,000.00",2.80,2.8
28/07/2023,AECI,"20,406,600.00",42.00,42
28/07/2023,BATA,"76,107,600.00",2.60,2.6
28/07/2023,CHIL,"200,039,904.00",13.98,13.98
31/07/2023,REIZ,"56,460,198.00",1.10,1.1
31/07/2023,ZMFA,"27,090,100.00",4.83,4.83
31/07/2023,ZNCO,"1,443,750,041.28",3.45,3.45
31/07/2023,ZCCM,"160,800,286.00",37.98,37.98
31/07/2023,ZFCO,"400,000,000.00",2.53,2.53
31/07/2023,BATZ,"212,456,304.00",1.95,1.95
31/07/2023,NATB,"63,000,000.00",4.10,4.1
31/07/2023,PUMA,"500,000,000.00",2.43,2.43
31/07/2023,SHOP,"2,700,000.00",64.00,64
31/07/2023,CCAF,"1,625,000,597.00",0.44,0.44
31/07/2023,PMDZ,"100,000,000.00",0.71,0.71
31/07/2023,ATEL,"104,000,000.00",30.00,30
31/07/2023,CECZ,"1,625,000,597.00",5.02,5.02
31/07/2023,ZABR,"546,000,000.00",7.00,7
31/07/2023,MAFS,"50,000,000.00",2.47,2.47
31/07/2023,ZMBF,"300,579,610.00",2.30,2.3
31/07/2023,SCBL,"1,666,980,000.00",1.50,1.5
31/07/2023,ZSUG,"316,571,385.40",18.00,18
31/07/2023,ZMRE,"45,000,000.00",2.80,2.8
31/07/2023,AECI,"20,406,600.00",42.00,42
31/07/2023,BATA,"76,107,600.00",2.60,2.6
31/07/2023,CHIL,"200,039,904.00",13.98,13.98
01/08/2023,REIZ,"56,460,198.00",1.10,1.12
01/08/2023,ZMFA,"27,090,100.00",4.83,4.83
01/08/2023,ZNCO,"1,443,750,041.28",3.45,3.45
01/08/2023,ZCCM,"160,800,286.00",37.98,37.98
01/08/2023,ZFCO,"400,000,000.00",2.53,2.53
01/08/2023,BATZ,"212,456,304.00",1.95,1.95
01/08/2023,NATB,"63,000,000.00",4.10,4.1
01/08/2023,PUMA,"500,000,000.00",2.43,2.43
01/08/2023,SHOP,"2,700,000.00",64.00,64
01/08/2023,CCAF,"1,625,000,597.00",0.44,0.44
01/08/2023,PMDZ,"100,000,000.00",0.71,0.71
01/08/2023,ATEL,"104,000,000.00",30.00,30
01/08/2023,CECZ,"1,625,000,597.00",5.02,5.02
01/08/2023,ZABR,"546,000,000.00",7.00,7
01/08/2023,MAFS,"50,000,000.00",2.47,2.47
01/08/2023,ZMBF,"300,579,610.00",2.30,2.3
01/08/2023,SCBL,"1,666,980,000.00",1.50,1.5
01/08/2023,ZSUG,"316,571,385.40",18.00,18
01/08/2023,ZMRE,"45,000,000.00",2.80,2.8
01/08/2023,AECI,"20,406,600.00",42.00,42
01/08/2023,BATA,"76,107,600.00",2.60,2.6
01/08/2023,CHIL,"200,039,904.00",13.98,13.98
02/08/2023,REIZ,"56,460,198.00",1.12,1.12
02/08/2023,ZMFA,"27,090,100.00",4.83,4.83
02/08/2023,ZNCO,"1,443,750,041.28",3.45,3.45
02/08/2023,ZCCM,"160,800,286.00",37.98,37.98
02/08/2023,ZFCO,"400,000,000.00",2.53,2.53
02/08/2023,BATZ,"212,456,304.00",1.95,1.95
02/08/2023,NATB,"63,000,000.00",4.10,4.1
02/08/2023,PUMA,"500,000,000.00",2.43,2.43
02/08/2023,SHOP,"2,700,000.00",64.00,64
02/08/2023,CCAF,"1,625,000,597.00",0.44,0.44
02/08/2023,PMDZ,"100,000,000.00",0.71,0.71
02/08/2023,ATEL,"104,000,000.00",30.00,30
02/08/2023,CECZ,"1,625,000,597.00",5.03,5.03
02/08/2023,ZABR,"546,000,000.00",7.00,7
02/08/2023,MAFS,"50,000,000.00",2.47,2.47
02/08/2023,ZMBF,"300,579,610.00",2.30,2.3
02/08/2023,SCBL,"1,666,980,000.00",1.50,1.5
02/08/2023,ZSUG,"316,571,385.40",18.00,18
02/08/2023,ZMRE,"45,000,000.00",2.80,2.8
02/08/2023,AECI,"20,406,600.00",42.00,42
02/08/2023,BATA,"76,107,600.00",2.60,2.6
02/08/2023,CHIL,"200,039,904.00",13.98,13.98
03/08/2023,REIZ,"56,460,198.00",1.12,1.12
03/08/2023,ZMFA,"27,090,100.00",4.83,4.83
03/08/2023,ZNCO,"1,443,750,041.28",3.45,3.45
03/08/2023,ZCCM,"160,800,286.00",37.98,37.98
03/08/2023,ZFCO,"400,000,000.00",2.53,2.53
03/08/2023,BATZ,"212,456,304.00",1.95,1.95
03/08/2023,NATB,"63,000,000.00",4.10,4.1
03/08/2023,PUMA,"500,000,000.00",2.43,2.43
03/08/2023,SHOP,"2,700,000.00",64.00,64
03/08/2023,CCAF,"1,625,000,597.00",0.44,0.44
03/08/2023,PMDZ,"100,000,000.00",0.71,0.71
03/08/2023,ATEL,"104,000,000.00",30.00,30
03/08/2023,CECZ,"1,625,000,597.00",5.02,5.03
03/08/2023,ZABR,"546,000,000.00",7.00,7
03/08/2023,MAFS,"50,000,000.00",2.47,2.47
03/08/2023,ZMBF,"300,579,610.00",2.30,2.3
03/08/2023,SCBL,"1,666,980,000.00",1.50,1.5
03/08/2023,ZSUG,"316,571,385.40",18.00,18
03/08/2023,ZMRE,"45,000,000.00",2.80,2.8
03/08/2023,AECI,"20,406,600.00",42.00,42
03/08/2023,BATA,"76,107,600.00",2.60,2.6
03/08/2023,CHIL,"200,039,904.00",13.98,13.98
04/08/2023,REIZ,"56,460,198.00",1.12,1.12
04/08/2023,ZMFA,"27,090,100.00",4.83,4.83
04/08/2023,ZNCO,"1,443,750,041.28",3.45,3.45
04/08/2023,ZCCM,"160,800,286.00",37.98,37.98
04/08/2023,ZFCO,"400,000,000.00",2.53,2.53
04/08/2023,BATZ,"212,456,304.00",1.95,1.95
04/08/2023,NATB,"63,000,000.00",4.10,4.1
04/08/2023,PUMA,"500,000,000.00",2.43,2.43
04/08/2023,SHOP,"2,700,000.00",64.00,64
04/08/2023,CCAF,"1,625,000,597.00",0.44,0.44
04/08/2023,PMDZ,"100,000,000.00",0.71,0.71
04/08/2023,ATEL,"104,000,000.00",30.00,30
04/08/2023,CECZ,"1,625,000,597.00",5.03,5.03
04/08/2023,ZABR,"546,000,000.00",7.00,7
04/08/2023,MAFS,"50,000,000.00",2.47,2.47
04/08/2023,ZMBF,"300,579,610.00",2.30,2.3
04/08/2023,SCBL,"1,666,980,000.00",1.50,1.5
04/08/2023,ZSUG,"316,571,385.40",18.00,18
04/08/2023,ZMRE,"45,000,000.00",2.80,2.8
04/08/2023,AECI,"20,406,600.00",42.00,42
04/08/2023,BATA,"76,107,600.00",2.60,2.6
04/08/2023,CHIL,"200,039,904.00",13.98,13.98
08/08/2023,REIZ,"56,460,198.00",1.12,1.12
08/08/2023,ZMFA,"27,090,100.00",4.83,4.83
08/08/2023,ZNCO,"1,443,750,041.28",3.45,3.45
08/08/2023,ZCCM,"160,800,286.00",37.98,42
08/08/2023,ZFCO,"400,000,000.00",2.53,2.53
08/08/2023,BATZ,"212,456,304.00",1.95,1.95
08/08/2023,NATB,"63,000,000.00",4.10,4.1
08/08/2023,PUMA,"500,000,000.00",2.43,2.43
08/08/2023,SHOP,"2,700,000.00",64.00,64
08/08/2023,CCAF,"1,625,000,597.00",0.44,0.44
08/08/2023,PMDZ,"100,000,000.00",0.71,0.71
08/08/2023,ATEL,"104,000,000.00",30.00,30
08/08/2023,CECZ,"1,625,000,597.00",5.03,5.04
08/08/2023,ZABR,"546,000,000.00",7.00,7
08/08/2023,MAFS,"50,000,000.00",2.47,2.47
08/08/2023,ZMBF,"300,579,610.00",2.30,2.3
08/08/2023,SCBL,"1,666,980,000.00",1.50,1.5
08/08/2023,ZSUG,"316,571,385.40",18.00,18
08/08/2023,ZMRE,"45,000,000.00",2.80,2.8
08/08/2023,AECI,"20,406,600.00",42.00,42
08/08/2023,BATA,"76,107,600.00",2.60,2.6
08/08/2023,CHIL,"200,039,904.00",13.98,13.98
09/08/2023,REIZ,"56,460,198.00",1.12,1.12
09/08/2023,ZMFA,"27,090,100.00",4.83,4.83
09/08/2023,ZNCO,"1,443,750,041.28",3.45,3.45
09/08/2023,ZCCM,"160,800,286.00",42.00,42
09/08/2023,ZFCO,"400,000,000.00",2.53,2.53
09/08/2023,BATZ,"212,456,304.00",1.95,1.95
09/08/2023,NATB,"63,000,000.00",4.10,4.1
09/08/2023,PUMA,"500,000,000.00",2.43,2.43
09/08/2023,SHOP,"2,700,000.00",64.00,64
09/08/2023,CCAF,"1,625,000,597.00",0.44,0.44
09/08/2023,PMDZ,"100,000,000.00",0.71,0.71
09/08/2023,ATEL,"104,000,000.00",30.00,30
09/08/2023,CECZ,"1,625,000,597.00",5.04,5.05
09/08/2023,ZABR,"546,000,000.00",7.00,7
09/08/2023,MAFS,"50,000,000.00",2.47,2.47
09/08/2023,ZMBF,"300,579,610.00",2.30,2.3
09/08/2023,SCBL,"1,666,980,000.00",1.50,1.5
09/08/2023,ZSUG,"316,571,385.40",18.00,18
09/08/2023,ZMRE,"45,000,000.00",2.80,2.8
09/08/2023,AECI,"20,406,600.00",42.00,42
09/08/2023,BATA,"76,107,600.00",2.60,2.6
09/08/2023,CHIL,"200,039,904.00",13.98,13.98
10/08/2023,REIZ,"56,460,198.00",1.12,1.12
10/08/2023,ZMFA,"27,090,100.00",4.83,4.83
10/08/2023,ZNCO,"1,443,750,041.28",3.45,3.45
10/08/2023,ZCCM,"160,800,286.00",42.00,42
10/08/2023,ZFCO,"400,000,000.00",2.53,2.53
10/08/2023,BATZ,"212,456,304.00",1.95,1.95
10/08/2023,NATB,"63,000,000.00",4.10,4.1
10/08/2023,PUMA,"500,000,000.00",2.43,2.43
10/08/2023,SHOP,"2,700,000.00",64.00,64
10/08/2023,CCAF,"1,625,000,597.00",0.44,0.44
10/08/2023,PMDZ,"100,000,000.00",0.71,0.71
10/08/2023,ATEL,"104,000,000.00",30.00,30
10/08/2023,CECZ,"1,625,000,597.00",5.05,5.05
10/08/2023,ZABR,"546,000,000.00",7.00,7
10/08/2023,MAFS,"50,000,000.00",2.47,2.47
10/08/2023,ZMBF,"300,579,610.00",2.30,2.3
10/08/2023,SCBL,"1,666,980,000.00",1.50,1.5
10/08/2023,ZSUG,"316,571,385.40",18.00,18
10/08/2023,ZMRE,"45,000,000.00",2.80,2.8
10/08/2023,AECI,"20,406,600.00",42.00,42
10/08/2023,BATA,"76,107,600.00",2.60,2.6
10/08/2023,CHIL,"200,039,904.00",13.98,13.98
11/08/2023,REIZ,"56,460,198.00",1.12,1.12
11/08/2023,ZMFA,"27,090,100.00",4.83,4.83
11/08/2023,ZNCO,"1,443,750,041.28",3.45,3.45
11/08/2023,ZCCM,"160,800,286.00",42.00,42
11/08/2023,ZFCO,"400,000,000.00",2.53,2.53
11/08/2023,BATZ,"212,456,304.00",1.95,1.95
11/08/2023,NATB,"63,000,000.00",4.10,4.1
11/08/2023,PUMA,"500,000,000.00",2.43,2.43
11/08/2023,SHOP,"2,700,000.00",64.00,64
11/08/2023,CCAF,"1,625,000,597.00",0.44,0.44
11/08/2023,PMDZ,"100,000,000.00",0.71,0.71
11/08/2023,ATEL,"104,000,000.00",30.00,30
11/08/2023,CECZ,"1,625,000,597.00",5.05,5.05
11/08/2023,ZABR,"546,000,000.00",7.00,7
11/08/2023,MAFS,"50,000,000.00",2.47,2.47
11/08/2023,ZMBF,"300,579,610.00",2.30,2.3
11/08/2023,SCBL,"1,666,980,000.00",1.50,1.5
11/08/2023,ZSUG,"316,571,385.40",18.00,18
11/08/2023,ZMRE,"45,000,000.00",2.80,2.8
11/08/2023,AECI,"20,406,600.00",42.00,42
11/08/2023,BATA,"76,107,600.00",2.60,2.6
11/08/2023,CHIL,"200,039,904.00",13.98,13.97
14/08/2023,REIZ,"56,460,198.00",1.12,1.12
14/08/2023,ZMFA,"27,090,100.00",4.83,4.83
14/08/2023,ZNCO,"1,443,750,041.28",3.45,3.45
14/08/2023,ZCCM,"160,800,286.00",42.00,42
14/08/2023,ZFCO,"400,000,000.00",2.53,2.53
14/08/2023,BATZ,"212,456,304.00",1.95,1.95
14/08/2023,NATB,"63,000,000.00",4.10,4.1
14/08/2023,PUMA,"500,000,000.00",2.43,2.43
14/08/2023,SHOP,"2,700,000.00",64.00,64
14/08/2023,CCAF,"1,625,000,597.00",0.44,0.44
14/08/2023,PMDZ,"100,000,000.00",0.71,0.71
14/08/2023,ATEL,"104,000,000.00",30.00,37.5
14/08/2023,CECZ,"1,625,000,597.00",5.05,5.05
14/08/2023,ZABR,"546,000,000.00",7.00,7
14/08/2023,MAFS,"50,000,000.00",2.47,2.47
14/08/2023,ZMBF,"300,579,610.00",2.30,2.3
14/08/2023,SCBL,"1,666,980,000.00",1.50,1.5
14/08/2023,ZSUG,"316,571,385.40",18.00,18
14/08/2023,ZMRE,"45,000,000.00",2.80,2.8
14/08/2023,AECI,"20,406,600.00",42.00,42
14/08/2023,BATA,"76,107,600.00",2.60,2.6
14/08/2023,CHIL,"200,039,904.00",13.97,13.97
15/08/2023,REIZ,"56,460,198.00",1.12,1.12
15/08/2023,ZMFA,"27,090,100.00",4.83,4.83
15/08/2023,ZNCO,"1,443,750,041.28",3.45,3.45
15/08/2023,ZCCM,"160,800,286.00",42.00,42
15/08/2023,ZFCO,"400,000,000.00",2.53,2.53
15/08/2023,BATZ,"212,456,304.00",1.95,1.95
15/08/2023,NATB,"63,000,000.00",4.10,4.1
15/08/2023,PUMA,"500,000,000.00",2.43,2.43
15/08/2023,SHOP,"2,700,000.00",64.00,64
15/08/2023,CCAF,"1,625,000,597.00",0.44,0.44
15/08/2023,PMDZ,"100,000,000.00",0.71,0.71
15/08/2023,ATEL,"104,000,000.00",37.50,37.5
15/08/2023,CECZ,"1,625,000,597.00",5.05,5.05
15/08/2023,ZABR,"546,000,000.00",7.00,7
15/08/2023,MAFS,"50,000,000.00",2.47,2.47
15/08/2023,ZMBF,"300,579,610.00",2.30,2.3
15/08/2023,SCBL,"1,666,980,000.00",1.50,1.5
15/08/2023,ZSUG,"316,571,385.40",18.00,18
15/08/2023,ZMRE,"45,000,000.00",2.80,2.8
15/08/2023,AECI,"20,406,600.00",42.00,42
15/08/2023,BATA,"76,107,600.00",2.60,2.6
15/08/2023,CHIL,"200,039,904.00",13.97,13.97
16/08/2023,REIZ,"56,460,198.00",1.12,1.12
16/08/2023,ZMFA,"27,090,100.00",4.83,4.83
16/08/2023,ZNCO,"1,443,750,041.28",3.45,3.45
16/08/2023,ZCCM,"160,800,286.00",42.00,42
16/08/2023,ZFCO,"400,000,000.00",2.53,2.53
16/08/2023,BATZ,"212,456,304.00",1.95,1.95
16/08/2023,NATB,"63,000,000.00",4.10,4.1
16/08/2023,PUMA,"500,000,000.00",2.43,2.43
16/08/2023,SHOP,"2,700,000.00",64.00,64
16/08/2023,CCAF,"1,625,000,597.00",0.44,0.44
16/08/2023,PMDZ,"100,000,000.00",0.71,0.71
16/08/2023,ATEL,"104,000,000.00",37.50,43.5
16/08/2023,CECZ,"1,625,000,597.00",5.05,5.05
16/08/2023,ZABR,"546,000,000.00",7.00,7
16/08/2023,MAFS,"50,000,000.00",2.47,2.47
16/08/2023,ZMBF,"300,579,610.00",2.30,2.3
16/08/2023,SCBL,"1,666,980,000.00",1.50,1.5
16/08/2023,ZSUG,"316,571,385.40",18.00,18
16/08/2023,ZMRE,"45,000,000.00",2.80,2.8
16/08/2023,AECI,"20,406,600.00",42.00,42
16/08/2023,BATA,"76,107,600.00",2.60,2.6
16/08/2023,CHIL,"200,039,904.00",13.97,13.97
17/08/2023,REIZ,"56,460,198.00",1.12,1.12
17/08/2023,ZMFA,"27,090,100.00",4.83,4.83
17/08/2023,ZNCO,"1,443,750,041.28",3.45,3.45
17/08/2023,ZCCM,"160,800,286.00",42.00,42
17/08/2023,ZFCO,"400,000,000.00",2.53,2.53
17/08/2023,BATZ,"212,456,304.00",1.95,1.95
17/08/2023,NATB,"63,000,000.00",4.10,4.1
17/08/2023,PUMA,"500,000,000.00",2.44,2.44
17/08/2023,SHOP,"2,700,000.00",64.00,64
17/08/2023,CCAF,"1,625,000,597.00",0.44,0.44
17/08/2023,PMDZ,"100,000,000.00",0.71,0.71
17/08/2023,ATEL,"104,000,000.00",43.50,43.5
17/08/2023,CECZ,"1,625,000,597.00",5.05,5.06
17/08/2023,ZABR,"546,000,000.00",7.00,7
17/08/2023,MAFS,"50,000,000.00",2.47,2.47
17/08/2023,ZMBF,"300,579,610.00",2.30,2.3
17/08/2023,SCBL,"1,666,980,000.00",1.50,1.5
17/08/2023,ZSUG,"316,571,385.40",18.00,18
17/08/2023,ZMRE,"45,000,000.00",2.80,2.8
17/08/2023,AECI,"20,406,600.00",42.00,42
17/08/2023,BATA,"76,107,600.00",2.60,2.6
17/08/2023,CHIL,"200,039,904.00",13.97,13.95
18/08/2023,REIZ,"56,460,198.00",1.12,1.12
18/08/2023,ZMFA,"27,090,100.00",4.83,4.83
18/08/2023,ZNCO,"1,443,750,041.28",3.45,3.45
18/08/2023,ZCCM,"160,800,286.00",42.00,42
18/08/2023,ZFCO,"400,000,000.00",2.53,2.53
18/08/2023,BATZ,"212,456,304.00",1.95,1.95
18/08/2023,NATB,"63,000,000.00",4.10,4.1
18/08/2023,PUMA,"500,000,000.00",2.44,2.44
18/08/2023,SHOP,"2,700,000.00",64.00,64
18/08/2023,CCAF,"1,625,000,597.00",0.44,0.44
18/08/2023,PMDZ,"100,000,000.00",0.71,0.71
18/08/2023,ATEL,"104,000,000.00",43.50,43.5
18/08/2023,CECZ,"1,625,000,597.00",5.05,5.06
18/08/2023,ZABR,"546,000,000.00",7.00,7
18/08/2023,MAFS,"50,000,000.00",2.47,2.47
18/08/2023,ZMBF,"300,579,610.00",2.30,2.3
18/08/2023,SCBL,"1,666,980,000.00",1.50,1.5
18/08/2023,ZSUG,"316,571,385.40",18.00,18
18/08/2023,ZMRE,"45,000,000.00",2.80,2.8
18/08/2023,AECI,"20,406,600.00",42.00,42
18/08/2023,BATA,"76,107,600.00",2.60,2.6
18/08/2023,CHIL,"200,039,904.00",13.95,13.94
21/08/2023,REIZ,"56,460,198.00",1.12,1.12
21/08/2023,ZMFA,"27,090,100.00",4.83,4.83
21/08/2023,ZNCO,"1,443,750,041.28",3.45,3.45
21/08/2023,ZCCM,"160,800,286.00",42.00,42
21/08/2023,ZFCO,"400,000,000.00",2.53,2.53
21/08/2023,BATZ,"212,456,304.00",1.95,1.95
21/08/2023,NATB,"63,000,000.00",4.10,4.1
21/08/2023,PUMA,"500,000,000.00",2.44,2.44
21/08/2023,SHOP,"2,700,000.00",64.00,64
21/08/2023,CCAF,"1,625,000,597.00",0.44,0.44
21/08/2023,PMDZ,"100,000,000.00",0.71,0.71
21/08/2023,ATEL,"104,000,000.00",43.50,43.5
21/08/2023,CECZ,"1,625,000,597.00",5.06,5.06
21/08/2023,ZABR,"546,000,000.00",7.00,7
21/08/2023,MAFS,"50,000,000.00",2.47,2.47
21/08/2023,ZMBF,"300,579,610.00",2.30,2.3
21/08/2023,SCBL,"1,666,980,000.00",1.50,1.5
21/08/2023,ZSUG,"316,571,385.40",18.00,18
21/08/2023,ZMRE,"45,000,000.00",2.80,2.8
21/08/2023,AECI,"20,406,600.00",42.00,42
21/08/2023,BATA,"76,107,600.00",2.60,2.6
21/08/2023,CHIL,"200,039,904.00",13.94,13.94
22/08/2023,REIZ,"56,460,198.00",1.12,1.12
22/08/2023,ZMFA,"27,090,100.00",4.83,4.83
22/08/2023,ZNCO,"1,443,750,041.28",3.43,3.45
22/08/2023,ZCCM,"160,800,286.00",42.00,37.98
22/08/2023,ZFCO,"400,000,000.00",2.53,2.53
22/08/2023,BATZ,"212,456,304.00",1.95,1.95
22/08/2023,NATB,"63,000,000.00",4.10,4.1
22/08/2023,PUMA,"500,000,000.00",2.44,2.44
22/08/2023,SHOP,"2,700,000.00",64.00,64
22/08/2023,CCAF,"1,625,000,597.00",0.44,0.44
22/08/2023,PMDZ,"100,000,000.00",0.71,0.71
22/08/2023,ATEL,"104,000,000.00",43.50,43.5
22/08/2023,CECZ,"1,625,000,597.00",5.06,5.06
22/08/2023,ZABR,"546,000,000.00",7.00,7
22/08/2023,MAFS,"50,000,000.00",2.47,2.47
22/08/2023,ZMBF,"300,579,610.00",2.30,2.3
22/08/2023,SCBL,"1,666,980,000.00",1.50,1.5
22/08/2023,ZSUG,"316,571,385.40",18.00,18
22/08/2023,ZMRE,"45,000,000.00",2.80,2.8
22/08/2023,AECI,"20,406,600.00",42.00,42
22/08/2023,BATA,"76,107,600.00",2.60,2.6
22/08/2023,CHIL,"200,039,904.00",13.94,13.94
23/08/2023,REIZ,"56,460,198.00",1.12,1.12
23/08/2023,ZMFA,"27,090,100.00",4.83,4.83
23/08/2023,ZNCO,"1,443,750,041.28",3.45,3.45
23/08/2023,ZCCM,"160,800,286.00",37.98,37.98
23/08/2023,ZFCO,"400,000,000.00",2.53,2.53
23/08/2023,BATZ,"212,456,304.00",1.95,1.95
23/08/2023,NATB,"63,000,000.00",4.10,4.1
23/08/2023,PUMA,"500,000,000.00",2.44,2.44
23/08/2023,SHOP,"2,700,000.00",64.00,64
23/08/2023,CCAF,"1,625,000,597.00",0.44,0.44
23/08/2023,PMDZ,"100,000,000.00",0.71,0.71
23/08/2023,ATEL,"104,000,000.00",43.50,43.5
23/08/2023,CECZ,"1,625,000,597.00",5.06,5.06
23/08/2023,ZABR,"546,000,000.00",7.00,7
23/08/2023,MAFS,"50,000,000.00",2.47,2.47
23/08/2023,ZMBF,"300,579,610.00",2.30,2.3
23/08/2023,SCBL,"1,666,980,000.00",1.50,1.5
23/08/2023,ZSUG,"316,571,385.40",18.00,18
23/08/2023,ZMRE,"45,000,000.00",2.80,2.8
23/08/2023,AECI,"20,406,600.00",42.00,42
23/08/2023,BATA,"76,107,600.00",2.60,2.6
23/08/2023,CHIL,"200,039,904.00",13.94,13.94
24/08/2023,REIZ,"56,460,198.00",1.12,1.12
24/08/2023,ZMFA,"27,090,100.00",4.83,4.83
24/08/2023,ZNCO,"1,443,750,041.28",3.45,3.45
24/08/2023,ZCCM,"160,800,286.00",37.98,37.98
24/08/2023,ZFCO,"400,000,000.00",2.53,2.53
24/08/2023,BATZ,"212,456,304.00",1.95,1.95
24/08/2023,NATB,"63,000,000.00",4.10,4.1
24/08/2023,PUMA,"500,000,000.00",2.44,2.44
24/08/2023,SHOP,"2,700,000.00",64.00,64
24/08/2023,CCAF,"1,625,000,597.00",0.44,0.44
24/08/2023,PMDZ,"100,000,000.00",0.71,0.71
24/08/2023,ATEL,"104,000,000.00",43.50,43.5
24/08/2023,CECZ,"1,625,000,597.00",5.06,5.06
24/08/2023,ZABR,"546,000,000.00",7.00,7
24/08/2023,MAFS,"50,000,000.00",2.47,2.47
24/08/2023,ZMBF,"300,579,610.00",2.30,2.2
24/08/2023,SCBL,"1,666,980,000.00",1.50,1.5
24/08/2023,ZSUG,"316,571,385.40",18.00,18
24/08/2023,ZMRE,"45,000,000.00",2.80,2.8
24/08/2023,AECI,"20,406,600.00",42.00,42
24/08/2023,BATA,"76,107,600.00",2.60,2.6
24/08/2023,CHIL,"200,039,904.00",13.94,13.94
25/08/2023,REIZ,"56,460,198.00",1.12,1.12
25/08/2023,ZMFA,"27,090,100.00",4.83,4.83
25/08/2023,ZNCO,"1,443,750,041.28",3.45,3.45
25/08/2023,ZCCM,"160,800,286.00",37.98,37.98
25/08/2023,ZFCO,"400,000,000.00",2.53,2.53
25/08/2023,BATZ,"212,456,304.00",1.95,1.95
25/08/2023,NATB,"63,000,000.00",4.10,4.1
25/08/2023,PUMA,"500,000,000.00",2.44,2.44
25/08/2023,SHOP,"2,700,000.00",64.00,64
25/08/2023,CCAF,"1,625,000,597.00",0.44,0.44
25/08/2023,PMDZ,"100,000,000.00",0.71,0.71
25/08/2023,ATEL,"104,000,000.00",43.50,43.5
25/08/2023,CECZ,"1,625,000,597.00",5.06,5.07
25/08/2023,ZABR,"546,000,000.00",7.00,7
25/08/2023,MAFS,"50,000,000.00",2.47,2.47
25/08/2023,ZMBF,"300,579,610.00",2.20,2.2
25/08/2023,SCBL,"1,666,980,000.00",1.50,1.5
25/08/2023,ZSUG,"316,571,385.40",18.00,18
25/08/2023,ZMRE,"45,000,000.00",2.80,2.8
25/08/2023,AECI,"20,406,600.00",42.00,42
25/08/2023,BATA,"76,107,600.00",2.60,2.6
25/08/2023,CHIL,"200,039,904.00",13.94,13.94
28/08/2023,REIZ,"56,460,198.00",1.12,1.12
28/08/2023,ZMFA,"27,090,100.00",4.83,4.83
28/08/2023,ZNCO,"1,443,750,041.28",3.45,3.45
28/08/2023,ZCCM,"160,800,286.00",37.98,37.98
28/08/2023,ZFCO,"400,000,000.00",2.53,2.53
28/08/2023,BATZ,"212,456,304.00",1.95,1.95
28/08/2023,NATB,"63,000,000.00",4.10,4.1
28/08/2023,PUMA,"500,000,000.00",2.44,2.44
28/08/2023,SHOP,"2,700,000.00",64.00,64
28/08/2023,CCAF,"1,625,000,597.00",0.44,0.45
28/08/2023,PMDZ,"100,000,000.00",0.71,0.71
28/08/2023,ATEL,"104,000,000.00",43.50,43.5
28/08/2023,CECZ,"1,625,000,597.00",5.06,5.08
28/08/2023,ZABR,"546,000,000.00",7.00,7
28/08/2023,MAFS,"50,000,000.00",2.47,2.47
28/08/2023,ZMBF,"300,579,610.00",2.20,2.2
28/08/2023,SCBL,"1,666,980,000.00",1.50,1.5
28/08/2023,ZSUG,"316,571,385.40",18.00,18
28/08/2023,ZMRE,"45,000,000.00",2.80,2.8
28/08/2023,AECI,"20,406,600.00",42.00,42
28/08/2023,BATA,"76,107,600.00",2.60,2.6
28/08/2023,CHIL,"200,039,904.00",13.94,13.94
29/08/2023,REIZ,"56,460,198.00",1.12,1.12
29/08/2023,ZMFA,"27,090,100.00",4.83,4.83
29/08/2023,ZNCO,"1,443,750,041.28",3.46,3.45
29/08/2023,ZCCM,"160,800,286.00",37.98,37.98
29/08/2023,ZFCO,"400,000,000.00",2.53,2.53
29/08/2023,BATZ,"212,456,304.00",1.95,1.95
29/08/2023,NATB,"63,000,000.00",4.10,4.1
29/08/2023,PUMA,"500,000,000.00",2.44,2.44
29/08/2023,SHOP,"2,700,000.00",64.00,64
29/08/2023,CCAF,"1,625,000,597.00",0.45,0.44
29/08/2023,PMDZ,"100,000,000.00",0.71,0.71
29/08/2023,ATEL,"104,000,000.00",43.63,43.63
29/08/2023,CECZ,"1,625,000,597.00",5.08,5.08
29/08/2023,ZABR,"546,000,000.00",7.00,7
29/08/2023,MAFS,"50,000,000.00",2.47,2.47
29/08/2023,ZMBF,"300,579,610.00",2.20,2.2
29/08/2023,SCBL,"1,666,980,000.00",1.50,1.5
29/08/2023,ZSUG,"316,571,385.40",17.99,17.99
29/08/2023,ZMRE,"45,000,000.00",2.80,2.8
29/08/2023,AECI,"20,406,600.00",42.00,42
29/08/2023,BATA,"76,107,600.00",2.60,2.6
29/08/2023,CHIL,"200,039,904.00",13.94,13.94
30/08/2023,REIZ,"56,460,198.00",1.12,1.12
30/08/2023,ZMFA,"27,090,100.00",4.83,4.83
30/08/2023,ZNCO,"1,443,750,041.28",3.45,3.46
30/08/2023,ZCCM,"160,800,286.00",37.98,37.98
30/08/2023,ZFCO,"400,000,000.00",2.53,2.53
30/08/2023,BATZ,"212,456,304.00",1.95,1.95
30/08/2023,NATB,"63,000,000.00",4.10,4.1
30/08/2023,PUMA,"500,000,000.00",2.44,2.44
30/08/2023,SHOP,"2,700,000.00",64.00,64
30/08/2023,CCAF,"1,625,000,597.00",0.44,0.44
30/08/2023,PMDZ,"100,000,000.00",0.71,0.71
30/08/2023,ATEL,"104,000,000.00",43.63,43.63
30/08/2023,CECZ,"1,625,000,597.00",5.08,5.09
30/08/2023,ZABR,"546,000,000.00",7.00,7
30/08/2023,MAFS,"50,000,000.00",2.47,2.47
30/08/2023,ZMBF,"300,579,610.00",2.20,2.2
30/08/2023,SCBL,"1,666,980,000.00",1.50,1.5
30/08/2023,ZSUG,"316,571,385.40",17.99,17.99
30/08/2023,ZMRE,"45,000,000.00",2.80,2.8
30/08/2023,AECI,"20,406,600.00",42.00,42
30/08/2023,BATA,"76,107,600.00",2.60,2.6
30/08/2023,CHIL,"200,039,904.00",13.94,13.9
31/08/2023,REIZ,"56,460,198.00",1.12,1.12
31/08/2023,ZMFA,"27,090,100.00",4.83,4.83
31/08/2023,ZNCO,"1,443,750,041.28",3.46,3.46
31/08/2023,ZCCM,"160,800,286.00",37.98,37.98
31/08/2023,ZFCO,"400,000,000.00",2.53,2.53
31/08/2023,BATZ,"212,456,304.00",1.95,1.95
31/08/2023,NATB,"63,000,000.00",4.10,4.1
31/08/2023,PUMA,"500,000,000.00",2.44,2.44
31/08/2023,SHOP,"2,700,000.00",64.00,64
31/08/2023,CCAF,"1,625,000,597.00",0.44,0.44
31/08/2023,PMDZ,"100,000,000.00",0.71,0.71
31/08/2023,ATEL,"104,000,000.00",43.63,43.5
31/08/2023,CECZ,"1,625,000,597.00",5.09,5.1
31/08/2023,ZABR,"546,000,000.00",7.00,7
31/08/2023,MAFS,"50,000,000.00",2.47,2.47
31/08/2023,ZMBF,"300,579,610.00",2.20,2.2
31/08/2023,SCBL,"1,666,980,000.00",1.50,1.5
31/08/2023,ZSUG,"316,571,385.40",17.99,18
31/08/2023,ZMRE,"45,000,000.00",2.80,2.8
31/08/2023,AECI,"20,406,600.00",42.00,42
31/08/2023,BATA,"76,107,600.00",2.60,2.6
31/08/2023,CHIL,"200,039,904.00",13.90,13.9
01/09/2023,REIZ,"56,460,198.00",1.12,1.12
01/09/2023,ZMFA,"27,090,100.00",4.83,4.83
01/09/2023,ZNCO,"1,443,750,041.28",3.46,3.46
01/09/2023,ZCCM,"160,800,286.00",37.98,37.98
01/09/2023,ZFCO,"400,000,000.00",2.53,2.53
01/09/2023,BATZ,"212,456,304.00",1.95,1.95
01/09/2023,NATB,"63,000,000.00",4.10,4.1
01/09/2023,PUMA,"500,000,000.00",2.44,2.44
01/09/2023,SHOP,"2,700,000.00",64.00,64
01/09/2023,CCAF,"1,625,000,597.00",0.44,0.44
01/09/2023,PMDZ,"100,000,000.00",0.71,0.71
01/09/2023,ATEL,"104,000,000.00",43.50,43.5
01/09/2023,CECZ,"1,625,000,597.00",5.09,5.09
01/09/2023,ZABR,"546,000,000.00",7.00,7
01/09/2023,MAFS,"50,000,000.00",2.47,2.47
01/09/2023,ZMBF,"300,579,610.00",2.20,2.2
01/09/2023,SCBL,"1,666,980,000.00",1.50,1.5
01/09/2023,ZSUG,"316,571,385.40",18.00,18
01/09/2023,ZMRE,"45,000,000.00",2.80,2.8
01/09/2023,AECI,"20,406,600.00",42.00,42
01/09/2023,BATA,"76,107,600.00",2.60,2.6
01/09/2023,CHIL,"200,039,904.00",13.90,13.8
04/09/2023,REIZ,"56,460,198.00",1.12,1.12
04/09/2023,ZMFA,"27,090,100.00",4.83,4.83
04/09/2023,ZNCO,"1,443,750,041.28",3.46,3.46
04/09/2023,ZCCM,"160,800,286.00",37.98,37.98
04/09/2023,ZFCO,"400,000,000.00",2.53,2.53
04/09/2023,BATZ,"212,456,304.00",1.95,1.95
04/09/2023,NATB,"63,000,000.00",4.10,4.1
04/09/2023,PUMA,"500,000,000.00",2.44,2.44
04/09/2023,SHOP,"2,700,000.00",64.00,64
04/09/2023,CCAF,"1,625,000,597.00",0.44,0.44
04/09/2023,PMDZ,"100,000,000.00",0.71,0.71
04/09/2023,ATEL,"104,000,000.00",43.50,43.5
04/09/2023,CECZ,"1,625,000,597.00",5.09,5.12
04/09/2023,ZABR,"546,000,000.00",7.00,7
04/09/2023,MAFS,"50,000,000.00",2.47,2.47
04/09/2023,ZMBF,"300,579,610.00",2.20,2.2
04/09/2023,SCBL,"1,666,980,000.00",1.50,1.5
04/09/2023,ZSUG,"316,571,385.40",18.00,18
04/09/2023,ZMRE,"45,000,000.00",2.80,2.8
04/09/2023,AECI,"20,406,600.00",42.00,42
04/09/2023,BATA,"76,107,600.00",2.60,2.6
04/09/2023,CHIL,"200,039,904.00",13.80,13.8
05/09/2023,REIZ,"56,460,198.00",1.12,1.12
05/09/2023,ZMFA,"27,090,100.00",4.83,4.83
05/09/2023,ZNCO,"1,443,750,041.28",3.46,3.46
05/09/2023,ZCCM,"160,800,286.00",37.98,37.98
05/09/2023,ZFCO,"400,000,000.00",2.53,2.53
05/09/2023,BATZ,"212,456,304.00",1.95,1.95
05/09/2023,NATB,"63,000,000.00",4.10,4.1
05/09/2023,PUMA,"500,000,000.00",2.44,2.44
05/09/2023,SHOP,"2,700,000.00",64.00,64
05/09/2023,CCAF,"1,625,000,597.00",0.44,0.44
05/09/2023,PMDZ,"100,000,000.00",0.71,0.71
05/09/2023,ATEL,"104,000,000.00",43.50,43.5
05/09/2023,CECZ,"1,625,000,597.00",5.11,5.11
05/09/2023,ZABR,"546,000,000.00",7.00,7
05/09/2023,MAFS,"50,000,000.00",2.47,2.47
05/09/2023,ZMBF,"300,579,610.00",2.20,2.2
05/09/2023,SCBL,"1,666,980,000.00",1.50,1.5
05/09/2023,ZSUG,"316,571,385.40",18.00,18
05/09/2023,ZMRE,"45,000,000.00",2.80,2.8
05/09/2023,AECI,"20,406,600.00",42.00,42
05/09/2023,BATA,"76,107,600.00",2.60,2.6
05/09/2023,CHIL,"200,039,904.00",13.80,13.8
06/09/2023,REIZ,"56,460,198.00",1.12,1.12
06/09/2023,ZMFA,"27,090,100.00",4.83,4.83
06/09/2023,ZNCO,"1,443,750,041.28",3.46,3.46
06/09/2023,ZCCM,"160,800,286.00",37.98,37.98
06/09/2023,ZFCO,"400,000,000.00",2.53,2.53
06/09/2023,BATZ,"212,456,304.00",1.95,1.95
06/09/2023,NATB,"63,000,000.00",4.10,4.1
06/09/2023,PUMA,"500,000,000.00",2.44,2.44
06/09/2023,SHOP,"2,700,000.00",64.00,64
06/09/2023,CCAF,"1,625,000,597.00",0.44,0.44
06/09/2023,PMDZ,"100,000,000.00",0.71,0.71
06/09/2023,ATEL,"104,000,000.00",43.50,43.5
06/09/2023,CECZ,"1,625,000,597.00",5.11,6
06/09/2023,ZABR,"546,000,000.00",7.00,7
06/09/2023,MAFS,"50,000,000.00",2.47,2.47
06/09/2023,ZMBF,"300,579,610.00",2.20,2.2
06/09/2023,SCBL,"1,666,980,000.00",1.50,1.5
06/09/2023,ZSUG,"316,571,385.40",18.00,18
06/09/2023,ZMRE,"45,000,000.00",2.80,2.8
06/09/2023,AECI,"20,406,600.00",42.00,42
06/09/2023,BATA,"76,107,600.00",2.60,2.6
06/09/2023,CHIL,"200,039,904.00",13.80,13.8
07/09/2023,REIZ,"56,460,198.00",1.12,1.12
07/09/2023,ZMFA,"27,090,100.00",4.83,4.83
07/09/2023,ZNCO,"1,443,750,041.28",3.46,3.46
07/09/2023,ZCCM,"160,800,286.00",37.98,37.98
07/09/2023,ZFCO,"400,000,000.00",2.53,2.53
07/09/2023,BATZ,"212,456,304.00",1.95,1.95
07/09/2023,NATB,"63,000,000.00",4.10,4.1
07/09/2023,PUMA,"500,000,000.00",2.44,2.44
07/09/2023,SHOP,"2,700,000.00",64.00,64
07/09/2023,CCAF,"1,625,000,597.00",0.44,0.44
07/09/2023,PMDZ,"100,000,000.00",0.71,0.71
07/09/2023,ATEL,"104,000,000.00",43.50,43.5
07/09/2023,CECZ,"1,625,000,597.00",6.01,6.2
07/09/2023,ZABR,"546,000,000.00",7.00,7
07/09/2023,MAFS,"50,000,000.00",2.47,2.47
07/09/2023,ZMBF,"300,579,610.00",2.20,2.2
07/09/2023,SCBL,"1,666,980,000.00",1.50,1.5
07/09/2023,ZSUG,"316,571,385.40",18.00,18
07/09/2023,ZMRE,"45,000,000.00",2.80,2.8
07/09/2023,AECI,"20,406,600.00",42.00,42
07/09/2023,BATA,"76,107,600.00",2.60,2.6
07/09/2023,CHIL,"200,039,904.00",13.80,13.8
08/09/2023,REIZ,"56,460,198.00",1.12,1.12
08/09/2023,ZMFA,"27,090,100.00",4.83,4.83
08/09/2023,ZNCO,"1,443,750,041.28",3.46,3.46
08/09/2023,ZCCM,"160,800,286.00",37.98,37.98
08/09/2023,ZFCO,"400,000,000.00",2.53,2.53
08/09/2023,BATZ,"212,456,304.00",1.95,1.95
08/09/2023,NATB,"63,000,000.00",4.10,4.1
08/09/2023,PUMA,"500,000,000.00",2.44,2.44
08/09/2023,SHOP,"2,700,000.00",64.00,64
08/09/2023,CCAF,"1,625,000,597.00",0.44,0.44
08/09/2023,PMDZ,"100,000,000.00",0.71,0.71
08/09/2023,ATEL,"104,000,000.00",43.50,43.5
08/09/2023,CECZ,"1,625,000,597.00",6.20,6.2
08/09/2023,ZABR,"546,000,000.00",7.00,7
08/09/2023,MAFS,"50,000,000.00",2.47,2.47
08/09/2023,ZMBF,"300,579,610.00",2.20,2.2
08/09/2023,SCBL,"1,666,980,000.00",1.50,1.5
08/09/2023,ZSUG,"316,571,385.40",18.00,18
08/09/2023,ZMRE,"45,000,000.00",2.80,2.8
08/09/2023,AECI,"20,406,600.00",42.00,42
08/09/2023,BATA,"76,107,600.00",2.60,2.6
08/09/2023,CHIL,"200,039,904.00",13.80,13.8
11/09/2023,REIZ,"56,460,198.00",1.12,1.12
11/09/2023,ZMFA,"27,090,100.00",4.83,4.83
11/09/2023,ZNCO,"1,443,750,041.28",3.46,3.46
11/09/2023,ZCCM,"160,800,286.00",37.98,37.98
11/09/2023,ZFCO,"400,000,000.00",2.53,2.53
11/09/2023,BATZ,"212,456,304.00",1.95,1.95
11/09/2023,NATB,"63,000,000.00",4.10,4.1
11/09/2023,PUMA,"500,000,000.00",2.44,2.44
11/09/2023,SHOP,"2,700,000.00",64.00,64
11/09/2023,CCAF,"1,625,000,597.00",0.44,0.44
11/09/2023,PMDZ,"100,000,000.00",0.71,0.71
11/09/2023,ATEL,"104,000,000.00",43.50,43.5
11/09/2023,CECZ,"1,625,000,597.00",6.20,6.3
11/09/2023,ZABR,"546,000,000.00",7.00,7
11/09/2023,MAFS,"50,000,000.00",2.47,2.47
11/09/2023,ZMBF,"300,579,610.00",2.20,2.2
11/09/2023,SCBL,"1,666,980,000.00",1.50,1.5
11/09/2023,ZSUG,"316,571,385.40",18.00,18
11/09/2023,ZMRE,"45,000,000.00",2.80,2.8
11/09/2023,AECI,"20,406,600.00",42.00,42
11/09/2023,BATA,"76,107,600.00",2.60,2.6
11/09/2023,CHIL,"200,039,904.00",13.80,13.8
12/09/2023,REIZ,"56,460,198.00",1.12,1.12
12/09/2023,ZMFA,"27,090,100.00",4.83,4.83
12/09/2023,ZNCO,"1,443,750,041.28",3.46,3.46
12/09/2023,ZCCM,"160,800,286.00",37.98,37.98
12/09/2023,ZFCO,"400,000,000.00",2.53,2.53
12/09/2023,BATZ,"212,456,304.00",1.95,1.95
12/09/2023,NATB,"63,000,000.00",4.10,4.1
12/09/2023,PUMA,"500,000,000.00",2.44,2.44
12/09/2023,SHOP,"2,700,000.00",64.00,64
12/09/2023,CCAF,"1,625,000,597.00",0.44,0.44
12/09/2023,PMDZ,"100,000,000.00",0.71,0.71
12/09/2023,ATEL,"104,000,000.00",43.50,43.5
12/09/2023,CECZ,"1,625,000,597.00",6.28,6.3
12/09/2023,ZABR,"546,000,000.00",7.00,7
12/09/2023,MAFS,"50,000,000.00",2.47,2.47
12/09/2023,ZMBF,"300,579,610.00",2.20,2.2
12/09/2023,SCBL,"1,666,980,000.00",1.50,1.5
12/09/2023,ZSUG,"316,571,385.40",18.00,18
12/09/2023,ZMRE,"45,000,000.00",2.80,2.8
12/09/2023,AECI,"20,406,600.00",42.00,42
12/09/2023,BATA,"76,107,600.00",2.60,2.6
12/09/2023,CHIL,"200,039,904.00",13.80,13.8
13/09/2023,REIZ,"56,460,198.00",1.12,1.12
13/09/2023,ZMFA,"27,090,100.00",4.83,4.83
13/09/2023,ZNCO,"1,443,750,041.28",3.46,3.46
13/09/2023,ZCCM,"160,800,286.00",37.98,37.98
13/09/2023,ZFCO,"400,000,000.00",2.53,2.53
13/09/2023,BATZ,"212,456,304.00",1.95,1.95
13/09/2023,NATB,"63,000,000.00",4.10,4.1
13/09/2023,PUMA,"500,000,000.00",2.44,2.44
13/09/2023,SHOP,"2,700,000.00",64.00,64
13/09/2023,CCAF,"1,625,000,597.00",0.44,0.44
13/09/2023,PMDZ,"100,000,000.00",0.71,0.71
13/09/2023,ATEL,"104,000,000.00",43.50,43.5
13/09/2023,CECZ,"1,625,000,597.00",6.30,6.3
13/09/2023,ZABR,"546,000,000.00",7.00,7
13/09/2023,MAFS,"50,000,000.00",2.47,2.47
13/09/2023,ZMBF,"300,579,610.00",2.23,2.23
13/09/2023,SCBL,"1,666,980,000.00",1.50,1.5
13/09/2023,ZSUG,"316,571,385.40",18.00,18
13/09/2023,ZMRE,"45,000,000.00",2.80,2.8
13/09/2023,AECI,"20,406,600.00",42.00,42
13/09/2023,BATA,"76,107,600.00",2.60,2.6
13/09/2023,CHIL,"200,039,904.00",13.80,13.8
14/09/2023,REIZ,"56,460,198.00",1.12,1.12
14/09/2023,ZMFA,"27,090,100.00",4.83,4.83
14/09/2023,ZNCO,"1,443,750,041.28",3.46,3.46
14/09/2023,ZCCM,"160,800,286.00",37.98,37.98
14/09/2023,ZFCO,"400,000,000.00",2.53,2.53
14/09/2023,BATZ,"212,456,304.00",1.95,1.95
14/09/2023,NATB,"63,000,000.00",4.10,4.1
14/09/2023,PUMA,"500,000,000.00",2.44,2.44
14/09/2023,SHOP,"2,700,000.00",64.00,64
14/09/2023,CCAF,"1,625,000,597.00",0.44,0.44
14/09/2023,PMDZ,"100,000,000.00",0.71,0.71
14/09/2023,ATEL,"104,000,000.00",43.50,43.5
14/09/2023,CECZ,"1,625,000,597.00",6.31,6.32
14/09/2023,ZABR,"546,000,000.00",7.00,7
14/09/2023,MAFS,"50,000,000.00",2.47,2.47
14/09/2023,ZMBF,"300,579,610.00",2.23,2.23
14/09/2023,SCBL,"1,666,980,000.00",1.50,1.5
14/09/2023,ZSUG,"316,571,385.40",18.00,18
14/09/2023,ZMRE,"45,000,000.00",2.80,2.8
14/09/2023,AECI,"20,406,600.00",42.00,42
14/09/2023,BATA,"76,107,600.00",2.60,2.6
14/09/2023,CHIL,"200,039,904.00",13.80,13.8
15/09/2023,REIZ,"56,460,198.00",1.12,1.12
15/09/2023,ZMFA,"27,090,100.00",4.83,4.83
15/09/2023,ZNCO,"1,443,750,041.28",3.46,3.46
15/09/2023,ZCCM,"160,800,286.00",37.98,37.98
15/09/2023,ZFCO,"400,000,000.00",2.53,2.53
15/09/2023,BATZ,"212,456,304.00",1.95,1.95
15/09/2023,NATB,"63,000,000.00",4.10,4.1
15/09/2023,PUMA,"500,000,000.00",2.44,2.44
15/09/2023,SHOP,"2,700,000.00",64.00,64
15/09/2023,CCAF,"1,625,000,597.00",0.44,0.44
15/09/2023,PMDZ,"100,000,000.00",0.71,0.71
15/09/2023,ATEL,"104,000,000.00",43.50,43.5
15/09/2023,CECZ,"1,625,000,597.00",6.30,6.3
15/09/2023,ZABR,"546,000,000.00",7.00,7
15/09/2023,MAFS,"50,000,000.00",2.47,2.47
15/09/2023,ZMBF,"300,579,610.00",2.23,2.23
15/09/2023,SCBL,"1,666,980,000.00",1.50,1.5
15/09/2023,ZSUG,"316,571,385.40",18.00,18
15/09/2023,ZMRE,"45,000,000.00",2.80,2.8
15/09/2023,AECI,"20,406,600.00",42.00,42
15/09/2023,BATA,"76,107,600.00",2.60,2.6
15/09/2023,CHIL,"200,039,904.00",13.80,13.8
18/09/2023,REIZ,"56,460,198.00",1.12,1.12
18/09/2023,ZMFA,"27,090,100.00",4.83,4.83
18/09/2023,ZNCO,"1,443,750,041.28",3.46,3.46
18/09/2023,ZCCM,"160,800,286.00",37.98,37.98
18/09/2023,ZFCO,"400,000,000.00",2.53,2.53
18/09/2023,BATZ,"212,456,304.00",1.95,1.95
18/09/2023,NATB,"63,000,000.00",4.10,4.1
18/09/2023,PUMA,"500,000,000.00",2.44,2.44
18/09/2023,SHOP,"2,700,000.00",64.00,64
18/09/2023,CCAF,"1,625,000,597.00",0.44,0.44
18/09/2023,PMDZ,"100,000,000.00",0.71,0.71
18/09/2023,ATEL,"104,000,000.00",43.50,43.5
18/09/2023,CECZ,"1,625,000,597.00",6.30,6.32
18/09/2023,ZABR,"546,000,000.00",7.00,7
18/09/2023,MAFS,"50,000,000.00",2.47,2.47
18/09/2023,ZMBF,"300,579,610.00",2.23,2.23
18/09/2023,SCBL,"1,666,980,000.00",1.50,1.5
18/09/2023,ZSUG,"316,571,385.40",18.00,18
18/09/2023,ZMRE,"45,000,000.00",2.80,2.8
18/09/2023,AECI,"20,406,600.00",42.00,42
18/09/2023,BATA,"76,107,600.00",2.60,2.6
18/09/2023,CHIL,"200,039,904.00",13.80,13.8
19/09/2023,REIZ,"56,460,198.00",1.12,1.12
19/09/2023,ZMFA,"27,090,100.00",4.83,4.83
19/09/2023,ZNCO,"1,443,750,041.28",3.46,3.46
19/09/2023,ZCCM,"160,800,286.00",37.98,37.98
19/09/2023,ZFCO,"400,000,000.00",2.53,2.53
19/09/2023,BATZ,"212,456,304.00",1.95,1.95
19/09/2023,NATB,"63,000,000.00",4.10,4.1
19/09/2023,PUMA,"500,000,000.00",2.44,2.44
19/09/2023,SHOP,"2,700,000.00",64.00,64
19/09/2023,CCAF,"1,625,000,597.00",0.44,0.44
19/09/2023,PMDZ,"100,000,000.00",0.71,0.71
19/09/2023,ATEL,"104,000,000.00",43.50,43.5
19/09/2023,CECZ,"1,625,000,597.00",6.34,6.32
19/09/2023,ZABR,"546,000,000.00",7.00,7
19/09/2023,MAFS,"50,000,000.00",2.47,2.47
19/09/2023,ZMBF,"300,579,610.00",2.23,2.23
19/09/2023,SCBL,"1,666,980,000.00",1.50,1.5
19/09/2023,ZSUG,"316,571,385.40",18.00,18
19/09/2023,ZMRE,"45,000,000.00",2.80,2.8
19/09/2023,AECI,"20,406,600.00",42.00,42
19/09/2023,BATA,"76,107,600.00",2.60,2.6
19/09/2023,CHIL,"200,039,904.00",13.80,13.8
20/09/2023,REIZ,"56,460,198.00",1.12,1.12
20/09/2023,ZMFA,"27,090,100.00",4.83,4.83
20/09/2023,ZNCO,"1,443,750,041.28",3.46,3.46
20/09/2023,ZCCM,"160,800,286.00",37.98,37.98
20/09/2023,ZFCO,"400,000,000.00",2.53,2.53
20/09/2023,BATZ,"212,456,304.00",1.95,1.95
20/09/2023,NATB,"63,000,000.00",4.10,4.1
20/09/2023,PUMA,"500,000,000.00",2.44,2.5
20/09/2023,SHOP,"2,700,000.00",64.00,64
20/09/2023,CCAF,"1,625,000,597.00",0.44,0.44
20/09/2023,PMDZ,"100,000,000.00",0.71,0.71
20/09/2023,ATEL,"104,000,000.00",43.50,43.5
20/09/2023,CECZ,"1,625,000,597.00",6.32,6.5
20/09/2023,ZABR,"546,000,000.00",7.00,7
20/09/2023,MAFS,"50,000,000.00",2.47,2.47
20/09/2023,ZMBF,"300,579,610.00",2.23,2.23
20/09/2023,SCBL,"1,666,980,000.00",1.50,1.5
20/09/2023,ZSUG,"316,571,385.40",18.00,18
20/09/2023,ZMRE,"45,000,000.00",2.80,2.8
20/09/2023,AECI,"20,406,600.00",42.00,42
20/09/2023,BATA,"76,107,600.00",2.60,2.6
20/09/2023,CHIL,"200,039,904.00",13.80,13.8
21/09/2023,REIZ,"56,460,198.00",1.12,1.12
21/09/2023,ZMFA,"27,090,100.00",4.83,4.83
21/09/2023,ZNCO,"1,443,750,041.28",3.46,3.46
21/09/2023,ZCCM,"160,800,286.00",37.98,37.98
21/09/2023,ZFCO,"400,000,000.00",2.53,2.53
21/09/2023,BATZ,"212,456,304.00",1.95,1.95
21/09/2023,NATB,"63,000,000.00",4.10,4.1
21/09/2023,PUMA,"500,000,000.00",2.50,2.5
21/09/2023,SHOP,"2,700,000.00",64.00,64
21/09/2023,CCAF,"1,625,000,597.00",0.44,0.44
21/09/2023,PMDZ,"100,000,000.00",0.71,0.71
21/09/2023,ATEL,"104,000,000.00",43.50,43.5
21/09/2023,CECZ,"1,625,000,597.00",6.50,6.5
21/09/2023,ZABR,"546,000,000.00",7.00,7
21/09/2023,MAFS,"50,000,000.00",2.47,2.47
21/09/2023,ZMBF,"300,579,610.00",2.23,2.23
21/09/2023,SCBL,"1,666,980,000.00",1.50,1.5
21/09/2023,ZSUG,"316,571,385.40",18.00,18
21/09/2023,ZMRE,"45,000,000.00",2.80,2.8
21/09/2023,AECI,"20,406,600.00",42.00,42
21/09/2023,BATA,"76,107,600.00",2.60,2.6
21/09/2023,CHIL,"200,039,904.00",13.80,13.8
22/09/2023,REIZ,"56,460,198.00",1.12,1.12
22/09/2023,ZMFA,"27,090,100.00",4.83,4.83
22/09/2023,ZNCO,"1,443,750,041.28",3.46,3.46
22/09/2023,ZCCM,"160,800,286.00",37.98,37.98
22/09/2023,ZFCO,"400,000,000.00",2.53,2.53
22/09/2023,BATZ,"212,456,304.00",1.95,1.95
22/09/2023,NATB,"63,000,000.00",4.10,4.1
22/09/2023,PUMA,"500,000,000.00",2.50,2.5
22/09/2023,SHOP,"2,700,000.00",64.00,64
22/09/2023,CCAF,"1,625,000,597.00",0.44,0.44
22/09/2023,PMDZ,"100,000,000.00",0.71,0.71
22/09/2023,ATEL,"104,000,000.00",43.50,43.5
22/09/2023,CECZ,"1,625,000,597.00",6.50,6.5
22/09/2023,ZABR,"546,000,000.00",7.00,7
22/09/2023,MAFS,"50,000,000.00",2.47,2.47
22/09/2023,ZMBF,"300,579,610.00",2.23,2.23
22/09/2023,SCBL,"1,666,980,000.00",1.50,1.5
22/09/2023,ZSUG,"316,571,385.40",18.00,18
22/09/2023,ZMRE,"45,000,000.00",2.80,2.8
22/09/2023,AECI,"20,406,600.00",42.00,42
22/09/2023,BATA,"76,107,600.00",2.60,2.6
22/09/2023,CHIL,"200,039,904.00",13.80,13.8
25/09/2023,REIZ,"56,460,198.00",1.12,1.12
25/09/2023,ZMFA,"27,090,100.00",4.83,4.83
25/09/2023,ZNCO,"1,443,750,041.28",3.46,3.6
25/09/2023,ZCCM,"160,800,286.00",37.98,37.98
25/09/2023,ZFCO,"400,000,000.00",2.53,2.53
25/09/2023,BATZ,"212,456,304.00",1.95,1.95
25/09/2023,NATB,"63,000,000.00",4.10,4.1
25/09/2023,PUMA,"500,000,000.00",2.50,2.5
25/09/2023,SHOP,"2,700,000.00",64.00,64
25/09/2023,CCAF,"1,625,000,597.00",0.44,0.44
25/09/2023,PMDZ,"100,000,000.00",0.71,0.71
25/09/2023,ATEL,"104,000,000.00",43.50,43.5
25/09/2023,CECZ,"1,625,000,597.00",6.50,6.5
25/09/2023,ZABR,"546,000,000.00",7.00,7
25/09/2023,MAFS,"50,000,000.00",2.47,2.47
25/09/2023,ZMBF,"300,579,610.00",2.23,2.23
25/09/2023,SCBL,"1,666,980,000.00",1.50,1.5
25/09/2023,ZSUG,"316,571,385.40",18.00,18
25/09/2023,ZMRE,"45,000,000.00",2.80,2.8
25/09/2023,AECI,"20,406,600.00",42.00,42
25/09/2023,BATA,"76,107,600.00",2.60,2.6
25/09/2023,CHIL,"200,039,904.00",13.80,13.8
26/09/2023,REIZ,"56,460,198.00",1.12,1.12
26/09/2023,ZMFA,"27,090,100.00",4.83,4.83
26/09/2023,ZNCO,"1,443,750,041.28",3.60,3.6
26/09/2023,ZCCM,"160,800,286.00",37.98,42
26/09/2023,ZFCO,"400,000,000.00",2.53,2.53
26/09/2023,BATZ,"212,456,304.00",1.95,1.95
26/09/2023,NATB,"63,000,000.00",4.10,4.1
26/09/2023,PUMA,"500,000,000.00",2.51,2.5
26/09/2023,SHOP,"2,700,000.00",64.00,64
26/09/2023,CCAF,"1,625,000,597.00",0.44,0.4
26/09/2023,PMDZ,"100,000,000.00",0.71,0.71
26/09/2023,ATEL,"104,000,000.00",43.50,43.5
26/09/2023,CECZ,"1,625,000,597.00",6.50,6.51
26/09/2023,ZABR,"546,000,000.00",7.00,7
26/09/2023,MAFS,"50,000,000.00",2.47,2.47
26/09/2023,ZMBF,"300,579,610.00",2.23,2.23
26/09/2023,SCBL,"1,666,980,000.00",1.50,1.4
26/09/2023,ZSUG,"316,571,385.40",18.00,18
26/09/2023,ZMRE,"45,000,000.00",2.80,2.8
26/09/2023,AECI,"20,406,600.00",42.00,42
26/09/2023,BATA,"76,107,600.00",2.60,2.6
26/09/2023,CHIL,"200,039,904.00",13.80,13.8
27/09/2023,REIZ,"56,460,198.00",1.12,1.12
27/09/2023,ZMFA,"27,090,100.00",4.83,4.83
27/09/2023,ZNCO,"1,443,750,041.28",3.60,3.6
27/09/2023,ZCCM,"160,800,286.00",42.00,42
27/09/2023,ZFCO,"400,000,000.00",2.53,2.53
27/09/2023,BATZ,"212,456,304.00",1.95,1.95
27/09/2023,NATB,"63,000,000.00",4.10,4.1
27/09/2023,PUMA,"500,000,000.00",2.50,2.5
27/09/2023,SHOP,"2,700,000.00",64.00,64
27/09/2023,CCAF,"1,625,000,597.00",0.40,0.4
27/09/2023,PMDZ,"100,000,000.00",0.71,0.71
27/09/2023,ATEL,"104,000,000.00",43.50,43.5
27/09/2023,CECZ,"1,625,000,597.00",6.51,6.51
27/09/2023,ZABR,"546,000,000.00",7.00,7
27/09/2023,MAFS,"50,000,000.00",2.47,2.47
27/09/2023,ZMBF,"300,579,610.00",2.23,2.23
27/09/2023,SCBL,"1,666,980,000.00",1.40,1.4
27/09/2023,ZSUG,"316,571,385.40",18.00,17.99
27/09/2023,ZMRE,"45,000,000.00",2.80,2.8
27/09/2023,AECI,"20,406,600.00",42.00,42
27/09/2023,BATA,"76,107,600.00",2.60,2.6
27/09/2023,CHIL,"200,039,904.00",13.80,13.8
28/09/2023,REIZ,"56,460,198.00",1.12,1.12
28/09/2023,ZMFA,"27,090,100.00",4.83,4.83
28/09/2023,ZNCO,"1,443,750,041.28",3.60,3.7
28/09/2023,ZCCM,"160,800,286.00",42.00,42
28/09/2023,ZFCO,"400,000,000.00",2.53,2.53
28/09/2023,BATZ,"212,456,304.00",1.95,1.95
28/09/2023,NATB,"63,000,000.00",4.10,4.1
28/09/2023,PUMA,"500,000,000.00",2.50,2.5
28/09/2023,SHOP,"2,700,000.00",64.00,64
28/09/2023,CCAF,"1,625,000,597.00",0.40,0.4
28/09/2023,PMDZ,"100,000,000.00",0.71,0.71
28/09/2023,ATEL,"104,000,000.00",43.50,43.5
28/09/2023,CECZ,"1,625,000,597.00",6.51,6.51
28/09/2023,ZABR,"546,000,000.00",7.00,7
28/09/2023,MAFS,"50,000,000.00",2.47,2.47
28/09/2023,ZMBF,"300,579,610.00",2.23,2.23
28/09/2023,SCBL,"1,666,980,000.00",1.40,1.4
28/09/2023,ZSUG,"316,571,385.40",17.99,18
28/09/2023,ZMRE,"45,000,000.00",2.80,2.8
28/09/2023,AECI,"20,406,600.00",42.00,42
28/09/2023,BATA,"76,107,600.00",2.60,2.6
28/09/2023,CHIL,"200,039,904.00",13.80,13.8
29/09/2023,REIZ,"56,460,198.00",1.12,1.12
29/09/2023,ZMFA,"27,090,100.00",4.83,4.83
29/09/2023,ZNCO,"1,443,750,041.28",3.70,3.7
29/09/2023,ZCCM,"160,800,286.00",42.00,42
29/09/2023,ZFCO,"400,000,000.00",2.53,2.53
29/09/2023,BATZ,"212,456,304.00",1.95,1.95
29/09/2023,NATB,"63,000,000.00",4.10,4.1
29/09/2023,PUMA,"500,000,000.00",2.51,2.5
29/09/2023,SHOP,"2,700,000.00",64.00,64
29/09/2023,CCAF,"1,625,000,597.00",0.40,0.4
29/09/2023,PMDZ,"100,000,000.00",0.71,0.71
29/09/2023,ATEL,"104,000,000.00",43.50,43.5
29/09/2023,CECZ,"1,625,000,597.00",6.51,6.6
29/09/2023,ZABR,"546,000,000.00",7.00,7
29/09/2023,MAFS,"50,000,000.00",2.47,2.47
29/09/2023,ZMBF,"300,579,610.00",2.23,2.23
29/09/2023,SCBL,"1,666,980,000.00",1.40,1.4
29/09/2023,ZSUG,"316,571,385.40",17.99,17.99
29/09/2023,ZMRE,"45,000,000.00",2.80,2.8
29/09/2023,AECI,"20,406,600.00",42.00,42
29/09/2023,BATA,"76,107,600.00",2.60,2.6
29/09/2023,CHIL,"200,039,904.00",13.80,13.8
02/10/2023,REIZ,"56,460,198.00",1.12,1.12
02/10/2023,ZMFA,"27,090,100.00",4.83,4.83
02/10/2023,ZNCO,"1,443,750,041.28",3.70,3.8
02/10/2023,ZCCM,"160,800,286.00",42.00,42
02/10/2023,ZFCO,"400,000,000.00",2.53,2.53
02/10/2023,BATZ,"212,456,304.00",1.95,1.95
02/10/2023,NATB,"63,000,000.00",4.10,4.1
02/10/2023,PUMA,"500,000,000.00",2.50,2.5
02/10/2023,SHOP,"2,700,000.00",64.00,64
02/10/2023,CCAF,"1,625,000,597.00",0.40,0.4
02/10/2023,PMDZ,"100,000,000.00",0.71,0.71
02/10/2023,ATEL,"104,000,000.00",43.50,43.5
02/10/2023,CECZ,"1,625,000,597.00",6.60,6.6
02/10/2023,ZABR,"546,000,000.00",7.00,7
02/10/2023,MAFS,"50,000,000.00",2.47,2.47
02/10/2023,ZMBF,"300,579,610.00",2.23,2.23
02/10/2023,SCBL,"1,666,980,000.00",1.40,1.4
02/10/2023,ZSUG,"316,571,385.40",17.99,17.99
02/10/2023,ZMRE,"45,000,000.00",2.80,2.8
02/10/2023,AECI,"20,406,600.00",42.00,42
02/10/2023,BATA,"76,107,600.00",2.60,2.6
02/10/2023,CHIL,"200,039,904.00",13.80,13.8
03/10/2023,REIZ,"56,460,198.00",1.12,1.12
03/10/2023,ZMFA,"27,090,100.00",4.83,4.83
03/10/2023,ZNCO,"1,443,750,041.28",3.77,3.8
03/10/2023,ZCCM,"160,800,286.00",42.00,42
03/10/2023,ZFCO,"400,000,000.00",2.53,2.53
03/10/2023,BATZ,"212,456,304.00",1.95,1.95
03/10/2023,NATB,"63,000,000.00",4.10,4.1
03/10/2023,PUMA,"500,000,000.00",2.50,2.5
03/10/2023,SHOP,"2,700,000.00",64.00,64
03/10/2023,CCAF,"1,625,000,597.00",0.40,0.4
03/10/2023,PMDZ,"100,000,000.00",0.71,0.71
03/10/2023,ATEL,"104,000,000.00",43.50,43.5
03/10/2023,CECZ,"1,625,000,597.00",6.62,6.62
03/10/2023,ZABR,"546,000,000.00",7.00,7
03/10/2023,MAFS,"50,000,000.00",2.47,2.47
03/10/2023,ZMBF,"300,579,610.00",2.23,2.23
03/10/2023,SCBL,"1,666,980,000.00",1.40,1.4
03/10/2023,ZSUG,"316,571,385.40",17.99,18
03/10/2023,ZMRE,"45,000,000.00",2.80,2.8
03/10/2023,AECI,"20,406,600.00",42.00,42
03/10/2023,BATA,"76,107,600.00",2.60,2.6
03/10/2023,CHIL,"200,039,904.00",13.80,13.8
04/10/2023,REIZ,"56,460,198.00",1.12,1.12
04/10/2023,ZMFA,"27,090,100.00",4.83,4.83
04/10/2023,ZNCO,"1,443,750,041.28",3.80,3.8
04/10/2023,ZCCM,"160,800,286.00",42.00,42
04/10/2023,ZFCO,"400,000,000.00",2.53,2.53
04/10/2023,BATZ,"212,456,304.00",1.95,1.95
04/10/2023,NATB,"63,000,000.00",4.10,4.1
04/10/2023,PUMA,"500,000,000.00",2.50,2.5
04/10/2023,SHOP,"2,700,000.00",64.00,64
04/10/2023,CCAF,"1,625,000,597.00",0.40,0.44
04/10/2023,PMDZ,"100,000,000.00",0.71,0.71
04/10/2023,ATEL,"104,000,000.00",43.50,43.5
04/10/2023,CECZ,"1,625,000,597.00",6.62,6.62
04/10/2023,ZABR,"546,000,000.00",7.00,7
04/10/2023,MAFS,"50,000,000.00",2.47,2.47
04/10/2023,ZMBF,"300,579,610.00",2.23,2.23
04/10/2023,SCBL,"1,666,980,000.00",1.40,1.4
04/10/2023,ZSUG,"316,571,385.40",18.00,18
04/10/2023,ZMRE,"45,000,000.00",2.80,2.8
04/10/2023,AECI,"20,406,600.00",42.00,42
04/10/2023,BATA,"76,107,600.00",2.60,2.6
04/10/2023,CHIL,"200,039,904.00",13.80,13.8
05/10/2023,REIZ,"56,460,198.00",1.12,1.12
05/10/2023,ZMFA,"27,090,100.00",4.83,4.83
05/10/2023,ZNCO,"1,443,750,041.28",3.80,3.8
05/10/2023,ZCCM,"160,800,286.00",42.00,42
05/10/2023,ZFCO,"400,000,000.00",2.53,2.53
05/10/2023,BATZ,"212,456,304.00",1.95,1.95
05/10/2023,NATB,"63,000,000.00",4.10,4.1
05/10/2023,PUMA,"500,000,000.00",2.50,2.5
05/10/2023,SHOP,"2,700,000.00",64.00,64
05/10/2023,CCAF,"1,625,000,597.00",0.42,0.42
05/10/2023,PMDZ,"100,000,000.00",0.71,0.71
05/10/2023,ATEL,"104,000,000.00",43.50,43.5
05/10/2023,CECZ,"1,625,000,597.00",6.62,6.62
05/10/2023,ZABR,"546,000,000.00",7.00,7
05/10/2023,MAFS,"50,000,000.00",2.47,2.47
05/10/2023,ZMBF,"300,579,610.00",2.23,2.23
05/10/2023,SCBL,"1,666,980,000.00",1.40,1.4
05/10/2023,ZSUG,"316,571,385.40",18.00,18
05/10/2023,ZMRE,"45,000,000.00",2.80,2.8
05/10/2023,AECI,"20,406,600.00",42.00,42
05/10/2023,BATA,"76,107,600.00",2.60,2.6
05/10/2023,CHIL,"200,039,904.00",13.80,13.8
06/10/2023,REIZ,"56,460,198.00",1.12,1.12
06/10/2023,ZMFA,"27,090,100.00",4.83,4.83
06/10/2023,ZNCO,"1,443,750,041.28",3.80,3.8
06/10/2023,ZCCM,"160,800,286.00",42.00,42
06/10/2023,ZFCO,"400,000,000.00",2.53,2.53
06/10/2023,BATZ,"212,456,304.00",1.95,1.95
06/10/2023,NATB,"63,000,000.00",4.10,4.1
06/10/2023,PUMA,"500,000,000.00",2.50,2.5
06/10/2023,SHOP,"2,700,000.00",64.00,64
06/10/2023,CCAF,"1,625,000,597.00",0.42,0.44
06/10/2023,PMDZ,"100,000,000.00",0.71,0.71
06/10/2023,ATEL,"104,000,000.00",43.50,43.5
06/10/2023,CECZ,"1,625,000,597.00",6.62,6.62
06/10/2023,ZABR,"546,000,000.00",7.00,7
06/10/2023,MAFS,"50,000,000.00",2.47,2.47
06/10/2023,ZMBF,"300,579,610.00",2.23,2.23
06/10/2023,SCBL,"1,666,980,000.00",1.40,1.4
06/10/2023,ZSUG,"316,571,385.40",18.00,18
06/10/2023,ZMRE,"45,000,000.00",2.80,2.8
06/10/2023,AECI,"20,406,600.00",42.00,42
06/10/2023,BATA,"76,107,600.00",2.60,2.6
06/10/2023,CHIL,"200,039,904.00",13.80,13.8
09/10/2023,REIZ,"56,460,198.00",1.12,1.12
09/10/2023,ZMFA,"27,090,100.00",4.83,4.83
09/10/2023,ZNCO,"1,443,750,041.28",3.80,3.8
09/10/2023,ZCCM,"160,800,286.00",42.00,42
09/10/2023,ZFCO,"400,000,000.00",2.53,2.53
09/10/2023,BATZ,"212,456,304.00",1.95,1.95
09/10/2023,NATB,"63,000,000.00",4.10,4.1
09/10/2023,PUMA,"500,000,000.00",2.50,2.5
09/10/2023,SHOP,"2,700,000.00",64.00,64
09/10/2023,CCAF,"1,625,000,597.00",0.44,0.44
09/10/2023,PMDZ,"100,000,000.00",0.71,0.71
09/10/2023,ATEL,"104,000,000.00",43.50,43.5
09/10/2023,CECZ,"1,625,000,597.00",6.62,6.62
09/10/2023,ZABR,"546,000,000.00",7.00,7
09/10/2023,MAFS,"50,000,000.00",2.47,2.47
09/10/2023,ZMBF,"300,579,610.00",2.23,2.54
09/10/2023,SCBL,"1,666,980,000.00",1.40,1.5
09/10/2023,ZSUG,"316,571,385.40",18.00,18
09/10/2023,ZMRE,"45,000,000.00",2.80,2.8
09/10/2023,AECI,"20,406,600.00",42.00,42
09/10/2023,BATA,"76,107,600.00",2.60,2.6
09/10/2023,CHIL,"200,039,904.00",13.80,13.8
10/10/2023,REIZ,"56,460,198.00",1.12,1.12
10/10/2023,ZMFA,"27,090,100.00",4.83,4.83
10/10/2023,ZNCO,"1,443,750,041.28",3.80,3.8
10/10/2023,ZCCM,"160,800,286.00",42.00,42
10/10/2023,ZFCO,"400,000,000.00",2.53,2.53
10/10/2023,BATZ,"212,456,304.00",1.95,1.95
10/10/2023,NATB,"63,000,000.00",4.10,4.1
10/10/2023,PUMA,"500,000,000.00",2.50,2.5
10/10/2023,SHOP,"2,700,000.00",64.00,64
10/10/2023,CCAF,"1,625,000,597.00",0.44,0.44
10/10/2023,PMDZ,"100,000,000.00",0.71,0.71
10/10/2023,ATEL,"104,000,000.00",43.50,43.5
10/10/2023,CECZ,"1,625,000,597.00",6.62,6.62
10/10/2023,ZABR,"546,000,000.00",7.00,7
10/10/2023,MAFS,"50,000,000.00",2.47,2.47
10/10/2023,ZMBF,"300,579,610.00",2.54,2.54
10/10/2023,SCBL,"1,666,980,000.00",1.50,1.5
10/10/2023,ZSUG,"316,571,385.40",18.00,18
10/10/2023,ZMRE,"45,000,000.00",2.80,2.8
10/10/2023,AECI,"20,406,600.00",42.00,42
10/10/2023,BATA,"76,107,600.00",2.60,2.6
10/10/2023,CHIL,"200,039,904.00",13.80,13.8
11/10/2023,REIZ,"56,460,198.00",1.12,1.12
11/10/2023,ZMFA,"27,090,100.00",4.83,4.9
11/10/2023,ZNCO,"1,443,750,041.28",3.80,3.8
11/10/2023,ZCCM,"160,800,286.00",42.00,42
11/10/2023,ZFCO,"400,000,000.00",2.53,2.53
11/10/2023,BATZ,"212,456,304.00",1.95,1.95
11/10/2023,NATB,"63,000,000.00",4.10,4.1
11/10/2023,PUMA,"500,000,000.00",2.50,2.5
11/10/2023,SHOP,"2,700,000.00",64.00,64
11/10/2023,CCAF,"1,625,000,597.00",0.44,0.44
11/10/2023,PMDZ,"100,000,000.00",0.71,0.71
11/10/2023,ATEL,"104,000,000.00",43.50,43.5
11/10/2023,CECZ,"1,625,000,597.00",6.62,7
11/10/2023,ZABR,"546,000,000.00",7.00,7
11/10/2023,MAFS,"50,000,000.00",2.47,2.47
11/10/2023,ZMBF,"300,579,610.00",2.54,2.54
11/10/2023,SCBL,"1,666,980,000.00",1.50,1.5
11/10/2023,ZSUG,"316,571,385.40",18.00,18
11/10/2023,ZMRE,"45,000,000.00",2.80,2.8
11/10/2023,AECI,"20,406,600.00",42.00,42
11/10/2023,BATA,"76,107,600.00",2.60,2.6
11/10/2023,CHIL,"200,039,904.00",13.80,13.8
12/10/2023,REIZ,"56,460,198.00",1.12,1.12
12/10/2023,ZMFA,"27,090,100.00",4.90,4.9
12/10/2023,ZNCO,"1,443,750,041.28",3.80,3.8
12/10/2023,ZCCM,"160,800,286.00",42.00,42
12/10/2023,ZFCO,"400,000,000.00",2.53,2.53
12/10/2023,BATZ,"212,456,304.00",1.95,1.95
12/10/2023,NATB,"63,000,000.00",4.10,4.1
12/10/2023,PUMA,"500,000,000.00",2.50,2.5
12/10/2023,SHOP,"2,700,000.00",64.00,64
12/10/2023,CCAF,"1,625,000,597.00",0.44,0.44
12/10/2023,PMDZ,"100,000,000.00",0.71,0.71
12/10/2023,ATEL,"104,000,000.00",43.50,43.5
12/10/2023,CECZ,"1,625,000,597.00",6.91,7
12/10/2023,ZABR,"546,000,000.00",7.00,7
12/10/2023,MAFS,"50,000,000.00",2.47,2.47
12/10/2023,ZMBF,"300,579,610.00",2.54,2.54
12/10/2023,SCBL,"1,666,980,000.00",1.50,1.5
12/10/2023,ZSUG,"316,571,385.40",18.00,18
12/10/2023,ZMRE,"45,000,000.00",2.80,2.8
12/10/2023,AECI,"20,406,600.00",42.00,42
12/10/2023,BATA,"76,107,600.00",2.60,2.6
12/10/2023,CHIL,"200,039,904.00",13.80,13.8
13/10/2023,REIZ,"56,460,198.00",1.12,1.12
13/10/2023,ZMFA,"27,090,100.00",4.90,4.9
13/10/2023,ZNCO,"1,443,750,041.28",3.80,3.8
13/10/2023,ZCCM,"160,800,286.00",42.00,42
13/10/2023,ZFCO,"400,000,000.00",2.53,2.53
13/10/2023,BATZ,"212,456,304.00",1.95,1.95
13/10/2023,NATB,"63,000,000.00",4.10,4.1
13/10/2023,PUMA,"500,000,000.00",2.50,2.5
13/10/2023,SHOP,"2,700,000.00",64.00,64
13/10/2023,CCAF,"1,625,000,597.00",0.44,0.44
13/10/2023,PMDZ,"100,000,000.00",0.71,0.71
13/10/2023,ATEL,"104,000,000.00",43.50,43.5
13/10/2023,CECZ,"1,625,000,597.00",7.00,7
13/10/2023,ZABR,"546,000,000.00",7.00,7
13/10/2023,MAFS,"50,000,000.00",2.47,1.86
13/10/2023,ZMBF,"300,579,610.00",2.54,2.54
13/10/2023,SCBL,"1,666,980,000.00",1.50,1.5
13/10/2023,ZSUG,"316,571,385.40",18.00,18
13/10/2023,ZMRE,"45,000,000.00",2.80,2.8
13/10/2023,AECI,"20,406,600.00",42.00,42
13/10/2023,BATA,"76,107,600.00",2.60,2.6
13/10/2023,CHIL,"200,039,904.00",13.80,13.8
14/10/2023,REIZ,"56,460,198.00",1.12,1.12
14/10/2023,ZMFA,"27,090,100.00",4.90,4.9
14/10/2023,ZNCO,"1,443,750,041.28",3.80,3.8
14/10/2023,ZCCM,"160,800,286.00",42.00,42
14/10/2023,ZFCO,"400,000,000.00",2.53,2.53
14/10/2023,BATZ,"212,456,304.00",1.95,1.95
14/10/2023,NATB,"63,000,000.00",4.10,4.1
14/10/2023,PUMA,"500,000,000.00",2.50,2.5
14/10/2023,SHOP,"2,700,000.00",64.00,64
14/10/2023,CCAF,"1,625,000,597.00",0.44,0.44
14/10/2023,PMDZ,"100,000,000.00",0.71,0.71
14/10/2023,ATEL,"104,000,000.00",43.50,43.5
14/10/2023,CECZ,"1,625,000,597.00",7.00,7
14/10/2023,ZABR,"546,000,000.00",7.00,7
14/10/2023,MAFS,"50,000,000.00",1.86,1.86
14/10/2023,ZMBF,"300,579,610.00",2.54,2.54
14/10/2023,SCBL,"1,666,980,000.00",1.50,1.5
14/10/2023,ZSUG,"316,571,385.40",18.00,18
14/10/2023,ZMRE,"45,000,000.00",2.80,2.8
14/10/2023,AECI,"20,406,600.00",42.00,42
14/10/2023,BATA,"76,107,600.00",2.60,2.6
14/10/2023,CHIL,"200,039,904.00",13.80,13.8
16/10/2023,REIZ,"56,460,198.00",1.12,1.12
16/10/2023,ZMFA,"27,090,100.00",4.90,4.9
16/10/2023,ZNCO,"1,443,750,041.28",3.80,3.8
16/10/2023,ZCCM,"160,800,286.00",42.00,42
16/10/2023,ZFCO,"400,000,000.00",2.53,2.53
16/10/2023,BATZ,"212,456,304.00",1.95,1.95
16/10/2023,NATB,"63,000,000.00",4.10,4.1
16/10/2023,PUMA,"500,000,000.00",2.50,2.5
16/10/2023,SHOP,"2,700,000.00",64.00,64
16/10/2023,CCAF,"1,625,000,597.00",0.44,0.44
16/10/2023,PMDZ,"100,000,000.00",0.71,0.71
16/10/2023,ATEL,"104,000,000.00",43.50,43.5
16/10/2023,CECZ,"1,625,000,597.00",7.00,7
16/10/2023,ZABR,"546,000,000.00",7.00,7
16/10/2023,MAFS,"50,000,000.00",1.86,1.86
16/10/2023,ZMBF,"300,579,610.00",2.54,2.54
16/10/2023,SCBL,"1,666,980,000.00",1.50,1.5
16/10/2023,ZSUG,"316,571,385.40",18.00,18
16/10/2023,ZMRE,"45,000,000.00",2.80,2.8
16/10/2023,AECI,"20,406,600.00",42.00,42
16/10/2023,BATA,"76,107,600.00",2.60,2.6
16/10/2023,CHIL,"200,039,904.00",13.80,13.8
17/10/2023,REIZ,"56,460,198.00",1.12,1.12
17/10/2023,ZMFA,"27,090,100.00",4.90,4.9
17/10/2023,ZNCO,"1,443,750,041.28",3.80,3.8
17/10/2023,ZCCM,"160,800,286.00",42.00,42
17/10/2023,ZFCO,"400,000,000.00",2.53,2.53
17/10/2023,BATZ,"212,456,304.00",1.95,1.95
17/10/2023,NATB,"63,000,000.00",4.10,4.1
17/10/2023,PUMA,"500,000,000.00",2.50,2.5
17/10/2023,SHOP,"2,700,000.00",64.00,64
17/10/2023,CCAF,"1,625,000,597.00",0.44,0.44
17/10/2023,PMDZ,"100,000,000.00",0.71,0.71
17/10/2023,ATEL,"104,000,000.00",43.50,43.5
17/10/2023,CECZ,"1,625,000,597.00",7.00,7.3
17/10/2023,ZABR,"546,000,000.00",7.00,7
17/10/2023,MAFS,"50,000,000.00",1.86,1.86
17/10/2023,ZMBF,"300,579,610.00",2.54,2.54
17/10/2023,SCBL,"1,666,980,000.00",1.50,1.5
17/10/2023,ZSUG,"316,571,385.40",18.00,18
17/10/2023,ZMRE,"45,000,000.00",2.80,2.8
17/10/2023,AECI,"20,406,600.00",42.00,42
17/10/2023,BATA,"76,107,600.00",2.60,2.6
17/10/2023,CHIL,"200,039,904.00",13.80,13.8
19/10/2023,REIZ,"56,460,198.00",1.12,1.12
19/10/2023,ZMFA,"27,090,100.00",4.90,4.9
19/10/2023,ZNCO,"1,443,750,041.28",3.80,3.8
19/10/2023,ZCCM,"160,800,286.00",42.00,42
19/10/2023,ZFCO,"400,000,000.00",2.53,2.53
19/10/2023,BATZ,"212,456,304.00",1.95,1.95
19/10/2023,NATB,"63,000,000.00",4.10,4.1
19/10/2023,PUMA,"500,000,000.00",2.50,2.5
19/10/2023,SHOP,"2,700,000.00",64.00,64
19/10/2023,CCAF,"1,625,000,597.00",0.44,0.44
19/10/2023,PMDZ,"100,000,000.00",0.71,0.71
19/10/2023,ATEL,"104,000,000.00",43.50,43.5
19/10/2023,CECZ,"1,625,000,597.00",7.30,7.3
19/10/2023,ZABR,"546,000,000.00",7.00,7
19/10/2023,MAFS,"50,000,000.00",1.86,1.86
19/10/2023,ZMBF,"300,579,610.00",2.54,2.54
19/10/2023,SCBL,"1,666,980,000.00",1.50,1.4
19/10/2023,ZSUG,"316,571,385.40",18.00,20
19/10/2023,ZMRE,"45,000,000.00",2.80,2.8
19/10/2023,AECI,"20,406,600.00",42.00,42
19/10/2023,BATA,"76,107,600.00",2.60,2.6
19/10/2023,CHIL,"200,039,904.00",13.80,13.8
20/10/2023,REIZ,"56,460,198.00",1.12,1.12
20/10/2023,ZMFA,"27,090,100.00",4.90,4.9
20/10/2023,ZNCO,"1,443,750,041.28",3.80,3.8
20/10/2023,ZCCM,"160,800,286.00",42.00,42
20/10/2023,ZFCO,"400,000,000.00",2.53,2.53
20/10/2023,BATZ,"212,456,304.00",1.95,1.95
20/10/2023,NATB,"63,000,000.00",4.10,4.1
20/10/2023,PUMA,"500,000,000.00",2.50,2.5
20/10/2023,SHOP,"2,700,000.00",64.00,64
20/10/2023,CCAF,"1,625,000,597.00",0.44,0.44
20/10/2023,PMDZ,"100,000,000.00",0.71,0.71
20/10/2023,ATEL,"104,000,000.00",43.50,43.5
20/10/2023,CECZ,"1,625,000,597.00",7.30,7.3
20/10/2023,ZABR,"546,000,000.00",7.00,7
20/10/2023,MAFS,"50,000,000.00",1.86,1.86
20/10/2023,ZMBF,"300,579,610.00",2.54,2.54
20/10/2023,SCBL,"1,666,980,000.00",1.40,1.4
20/10/2023,ZSUG,"316,571,385.40",20.00,20
20/10/2023,ZMRE,"45,000,000.00",2.80,2.8
20/10/2023,AECI,"20,406,600.00",42.00,42
20/10/2023,BATA,"76,107,600.00",2.60,2.6
20/10/2023,CHIL,"200,039,904.00",13.80,13.8
23/10/2023,REIZ,"56,460,198.00",1.12,1.12
23/10/2023,ZMFA,"27,090,100.00",4.90,4.9
23/10/2023,ZNCO,"1,443,750,041.28",3.80,3.8
23/10/2023,ZCCM,"160,800,286.00",42.00,42
23/10/2023,ZFCO,"400,000,000.00",2.53,2.53
23/10/2023,BATZ,"212,456,304.00",1.95,1.95
23/10/2023,NATB,"63,000,000.00",4.10,4.1
23/10/2023,PUMA,"500,000,000.00",2.50,2.5
23/10/2023,SHOP,"2,700,000.00",64.00,64
23/10/2023,CCAF,"1,625,000,597.00",0.44,0.44
23/10/2023,PMDZ,"100,000,000.00",0.71,0.71
23/10/2023,ATEL,"104,000,000.00",43.50,43.5
23/10/2023,CECZ,"1,625,000,597.00",7.30,7.65
23/10/2023,ZABR,"546,000,000.00",7.00,7
23/10/2023,MAFS,"50,000,000.00",1.86,1.86
23/10/2023,ZMBF,"300,579,610.00",2.54,2.54
23/10/2023,SCBL,"1,666,980,000.00",1.40,1.5
23/10/2023,ZSUG,"316,571,385.40",20.00,20
23/10/2023,ZMRE,"45,000,000.00",2.80,2.8
23/10/2023,AECI,"20,406,600.00",42.00,42
23/10/2023,BATA,"76,107,600.00",2.60,2.6
23/10/2023,CHIL,"200,039,904.00",13.80,13.8
25/10/2023,REIZ,"56,460,198.00",1.12,1.12
25/10/2023,ZMFA,"27,090,100.00",4.90,4.9
25/10/2023,ZNCO,"1,443,750,041.28",3.80,3.8
25/10/2023,ZCCM,"160,800,286.00",42.00,42
25/10/2023,ZFCO,"400,000,000.00",2.53,2.53
25/10/2023,BATZ,"212,456,304.00",1.95,1.95
25/10/2023,NATB,"63,000,000.00",4.10,4.1
25/10/2023,PUMA,"500,000,000.00",2.50,2.5
25/10/2023,SHOP,"2,700,000.00",64.00,64
25/10/2023,CCAF,"1,625,000,597.00",0.44,0.44
25/10/2023,PMDZ,"100,000,000.00",0.71,0.71
25/10/2023,ATEL,"104,000,000.00",43.50,43.5
25/10/2023,CECZ,"1,625,000,597.00",7.59,7.59
25/10/2023,ZABR,"546,000,000.00",7.00,7
25/10/2023,MAFS,"50,000,000.00",1.86,1.86
25/10/2023,ZMBF,"300,579,610.00",2.54,2.54
25/10/2023,SCBL,"1,666,980,000.00",1.50,1.5
25/10/2023,ZSUG,"316,571,385.40",20.00,20
25/10/2023,ZMRE,"45,000,000.00",2.80,2.8
25/10/2023,AECI,"20,406,600.00",42.00,42
25/10/2023,BATA,"76,107,600.00",2.60,2.6
25/10/2023,CHIL,"200,039,904.00",13.80,13.8
26/10/2023,REIZ,"56,460,198.00",1.12,1.12
26/10/2023,ZMFA,"27,090,100.00",4.90,4.9
26/10/2023,ZNCO,"1,443,750,041.28",3.80,3.8
26/10/2023,ZCCM,"160,800,286.00",42.00,42
26/10/2023,ZFCO,"400,000,000.00",2.53,2.53
26/10/2023,BATZ,"212,456,304.00",1.95,1.95
26/10/2023,NATB,"63,000,000.00",4.10,4.1
26/10/2023,PUMA,"500,000,000.00",2.50,2.5
26/10/2023,SHOP,"2,700,000.00",64.00,64
26/10/2023,CCAF,"1,625,000,597.00",0.44,0.44
26/10/2023,PMDZ,"100,000,000.00",0.71,0.71
26/10/2023,ATEL,"104,000,000.00",43.50,43.5
26/10/2023,CECZ,"1,625,000,597.00",7.59,7.59
26/10/2023,ZABR,"546,000,000.00",7.00,7
26/10/2023,MAFS,"50,000,000.00",1.86,1.87
26/10/2023,ZMBF,"300,579,610.00",2.54,2.54
26/10/2023,SCBL,"1,666,980,000.00",1.50,1.5
26/10/2023,ZSUG,"316,571,385.40",20.00,20
26/10/2023,ZMRE,"45,000,000.00",2.80,2.8
26/10/2023,AECI,"20,406,600.00",42.00,42
26/10/2023,BATA,"76,107,600.00",2.60,2.7
26/10/2023,CHIL,"200,039,904.00",13.80,13.8
27/10/2023,ZMRE,"5,000,000,000.00",1.00,1
27/10/2023,ZABR,0,1,1
27/10/2023,PUMA,0,1,1
27/10/2023,REIZ,"56,460,198.00",1.12,1.12
27/10/2023,ZMFA,"27,090,100.00",4.90,4.9
27/10/2023,ZNCO,"1,443,750,041.28",3.80,3.8
27/10/2023,ZCCM,"160,800,286.00",42.00,42
27/10/2023,ZFCO,"400,000,000.00",2.53,2.53
27/10/2023,BATZ,"212,456,304.00",1.95,1.95
27/10/2023,NATB,"63,000,000.00",4.10,4.1
27/10/2023,PUMA,"500,000,000.00",2.50,2.5
27/10/2023,SHOP,"2,700,000.00",64.00,64
27/10/2023,CCAF,"1,625,000,597.00",0.44,0.44
27/10/2023,PMDZ,"100,000,000.00",0.71,0.71
27/10/2023,ATEL,"104,000,000.00",43.50,43.5
27/10/2023,CECZ,"1,625,000,597.00",7.59,7.59
27/10/2023,ZABR,"546,000,000.00",7.00,7
27/10/2023,MAFS,"50,000,000.00",1.86,1.86
27/10/2023,ZMBF,"300,579,610.00",2.54,2.54
27/10/2023,SCBL,"1,666,980,000.00",1.50,1.5
27/10/2023,ZSUG,"316,571,385.40",20.00,20
27/10/2023,ZMRE,"45,000,000.00",2.80,2.8
27/10/2023,AECI,"20,406,600.00",42.00,42
27/10/2023,BATA,"76,107,600.00",2.70,2.7
27/10/2023,CHIL,"200,039,904.00",13.80,13.8
30/10/2023,REIZ,"56,460,198.00",1.12,1.12
30/10/2023,ZMFA,"27,090,100.00",4.90,4.9
30/10/2023,ZNCO,"1,443,750,041.28",3.80,3.8
30/10/2023,ZCCM,"160,800,286.00",42.00,42
30/10/2023,ZFCO,"400,000,000.00",2.53,2.53
30/10/2023,BATZ,"212,456,304.00",1.95,1.95
30/10/2023,NATB,"63,000,000.00",4.10,4.1
30/10/2023,PUMA,"500,000,000.00",2.50,2.5
30/10/2023,SHOP,"2,700,000.00",64.00,64
30/10/2023,CCAF,"1,625,000,597.00",0.44,0.44
30/10/2023,PMDZ,"100,000,000.00",0.71,0.71
30/10/2023,ATEL,"104,000,000.00",43.50,43.5
30/10/2023,CECZ,"1,625,000,597.00",7.59,7.6
30/10/2023,ZABR,"546,000,000.00",7.00,7
30/10/2023,MAFS,"50,000,000.00",1.86,1.86
30/10/2023,ZMBF,"300,579,610.00",2.54,2.54
30/10/2023,SCBL,"1,666,980,000.00",1.50,1.5
30/10/2023,ZSUG,"316,571,385.40",20.00,20
30/10/2023,ZMRE,"45,000,000.00",2.80,2.8
30/10/2023,AECI,"20,406,600.00",42.00,42
30/10/2023,BATA,"76,107,600.00",2.70,2.7
30/10/2023,CHIL,"200,039,904.00",13.80,13.8
31/10/2023,REIZ,"56,460,198.00",1.12,1.12
31/10/2023,ZMFA,"27,090,100.00",4.90,4.9
31/10/2023,ZNCO,"1,443,750,041.28",3.80,3.8
31/10/2023,ZCCM,"160,800,286.00",42.00,42
31/10/2023,ZFCO,"400,000,000.00",2.53,2.53
31/10/2023,BATZ,"212,456,304.00",1.95,1.95
31/10/2023,NATB,"63,000,000.00",4.10,4.1
31/10/2023,PUMA,"500,000,000.00",2.50,2.5
31/10/2023,SHOP,"2,700,000.00",64.00,64
31/10/2023,CCAF,"1,625,000,597.00",0.44,0.44
31/10/2023,PMDZ,"100,000,000.00",0.71,0.71
31/10/2023,ATEL,"104,000,000.00",43.50,43.5
31/10/2023,CECZ,"1,625,000,597.00",7.60,7.6
31/10/2023,ZABR,"546,000,000.00",7.00,7
31/10/2023,MAFS,"50,000,000.00",1.86,1.86
31/10/2023,ZMBF,"300,579,610.00",2.54,2.54
31/10/2023,SCBL,"1,666,980,000.00",1.50,1.5
31/10/2023,ZSUG,"316,571,385.40",20.00,20
31/10/2023,ZMRE,"45,000,000.00",2.80,2.8
31/10/2023,AECI,"20,406,600.00",42.00,42
31/10/2023,BATA,"76,107,600.00",2.70,2.7
31/10/2023,CHIL,"200,039,904.00",13.80,13.8
01/11/2023,REIZ,"56,460,198.00",1.12,1.12
01/11/2023,ZMFA,"27,090,100.00",4.90,4.9
01/11/2023,ZNCO,"1,443,750,041.28",3.80,3.8
01/11/2023,ZCCM,"160,800,286.00",42.00,42
01/11/2023,ZFCO,"400,000,000.00",2.53,2.53
01/11/2023,BATZ,"212,456,304.00",1.95,1.95
01/11/2023,NATB,"63,000,000.00",4.10,4.1
01/11/2023,PUMA,"500,000,000.00",2.50,2.5
01/11/2023,SHOP,"2,700,000.00",64.00,64
01/11/2023,CCAF,"1,625,000,597.00",0.44,0.44
01/11/2023,PMDZ,"100,000,000.00",0.71,0.71
01/11/2023,ATEL,"104,000,000.00",43.50,43.5
01/11/2023,CECZ,"1,625,000,597.00",7.60,7.61
01/11/2023,ZABR,"546,000,000.00",7.00,7
01/11/2023,MAFS,"50,000,000.00",1.86,1.86
01/11/2023,ZMBF,"300,579,610.00",2.54,2.54
01/11/2023,SCBL,"1,666,980,000.00",1.50,1.5
01/11/2023,ZSUG,"316,571,385.40",20.00,20
01/11/2023,ZMRE,"45,000,000.00",2.80,2.8
01/11/2023,AECI,"20,406,600.00",42.00,42
01/11/2023,BATA,"76,107,600.00",2.70,2.7
01/11/2023,CHIL,"200,039,904.00",13.80,13.8
02/11/2023,REIZ,"56,460,198.00",1.12,1.12
02/11/2023,ZMFA,"27,090,100.00",4.90,4.9
02/11/2023,ZNCO,"1,443,750,041.28",3.80,3.8
02/11/2023,ZCCM,"160,800,286.00",42.00,42
02/11/2023,ZFCO,"400,000,000.00",2.53,2.53
02/11/2023,BATZ,"212,456,304.00",1.95,1.95
02/11/2023,NATB,"63,000,000.00",4.10,4.1
02/11/2023,PUMA,"500,000,000.00",2.50,2.5
02/11/2023,SHOP,"2,700,000.00",64.00,64
02/11/2023,CCAF,"1,625,000,597.00",0.44,0.44
02/11/2023,PMDZ,"100,000,000.00",0.71,0.71
02/11/2023,ATEL,"104,000,000.00",43.50,43.5
02/11/2023,CECZ,"1,625,000,597.00",7.60,7.59
02/11/2023,ZABR,"546,000,000.00",7.00,7
02/11/2023,MAFS,"50,000,000.00",1.86,1.86
02/11/2023,ZMBF,"300,579,610.00",2.54,2.54
02/11/2023,SCBL,"1,666,980,000.00",1.50,1.5
02/11/2023,ZSUG,"316,571,385.40",20.00,20
02/11/2023,ZMRE,"45,000,000.00",2.80,2.8
02/11/2023,AECI,"20,406,600.00",42.00,42
02/11/2023,BATA,"76,107,600.00",2.70,2.7
02/11/2023,CHIL,"200,039,904.00",13.80,13.8
03/11/2023,REIZ,"56,460,198.00",1.12,1.12
03/11/2023,ZMFA,"27,090,100.00",4.90,4.9
03/11/2023,ZNCO,"1,443,750,041.28",3.80,3.8
03/11/2023,ZCCM,"160,800,286.00",42.00,42
03/11/2023,ZFCO,"400,000,000.00",2.53,2.53
03/11/2023,BATZ,"212,456,304.00",1.95,1.95
03/11/2023,NATB,"63,000,000.00",4.10,4.1
03/11/2023,PUMA,"500,000,000.00",2.50,2.5
03/11/2023,SHOP,"2,700,000.00",64.00,64
03/11/2023,CCAF,"1,625,000,597.00",0.44,0.44
03/11/2023,PMDZ,"100,000,000.00",0.71,0.71
03/11/2023,ATEL,"104,000,000.00",43.50,43.5
03/11/2023,CECZ,"1,625,000,597.00",7.60,7.59
03/11/2023,ZABR,"546,000,000.00",7.00,7
03/11/2023,MAFS,"50,000,000.00",1.86,1.86
03/11/2023,ZMBF,"300,579,610.00",2.54,2.54
03/11/2023,SCBL,"1,666,980,000.00",1.50,1.5
03/11/2023,ZSUG,"316,571,385.40",20.00,20
03/11/2023,ZMRE,"45,000,000.00",2.80,2.8
03/11/2023,AECI,"20,406,600.00",42.00,42
03/11/2023,BATA,"76,107,600.00",2.70,2.7
03/11/2023,CHIL,"200,039,904.00",13.80,13.8
06/11/2023,REIZ,"56,460,198.00",1.12,1.12
06/11/2023,ZMFA,"27,090,100.00",4.90,4.9
06/11/2023,ZNCO,"1,443,750,041.28",3.80,3.8
06/11/2023,ZCCM,"160,800,286.00",42.00,42
06/11/2023,ZFCO,"400,000,000.00",2.53,2.53
06/11/2023,BATZ,"212,456,304.00",1.95,1.95
06/11/2023,NATB,"63,000,000.00",4.10,4.1
06/11/2023,PUMA,"500,000,000.00",2.50,2.5
06/11/2023,SHOP,"2,700,000.00",64.00,64
06/11/2023,CCAF,"1,625,000,597.00",0.44,0.44
06/11/2023,PMDZ,"100,000,000.00",0.71,0.71
06/11/2023,ATEL,"104,000,000.00",43.50,43.5
06/11/2023,CECZ,"1,625,000,597.00",7.59,7.59
06/11/2023,ZABR,"546,000,000.00",7.00,7
06/11/2023,MAFS,"50,000,000.00",1.86,1.86
06/11/2023,ZMBF,"300,579,610.00",2.54,2.54
06/11/2023,SCBL,"1,666,980,000.00",1.50,1.5
06/11/2023,ZSUG,"316,571,385.40",20.00,20
06/11/2023,ZMRE,"45,000,000.00",2.80,2.8
06/11/2023,AECI,"20,406,600.00",42.00,42
06/11/2023,BATA,"76,107,600.00",2.70,2.7
06/11/2023,CHIL,"200,039,904.00",13.80,13.8
07/11/2023,REIZ,"56,460,198.00",1.12,1.12
07/11/2023,ZMFA,"27,090,100.00",4.90,4.9
07/11/2023,ZNCO,"1,443,750,041.28",3.80,3.8
07/11/2023,ZCCM,"160,800,286.00",42.00,42
07/11/2023,ZFCO,"400,000,000.00",2.53,2.53
07/11/2023,BATZ,"212,456,304.00",1.95,1.95
07/11/2023,NATB,"63,000,000.00",4.10,4.1
07/11/2023,PUMA,"500,000,000.00",2.50,2.5
07/11/2023,SHOP,"2,700,000.00",64.00,64
07/11/2023,CCAF,"1,625,000,597.00",0.44,0.44
07/11/2023,PMDZ,"100,000,000.00",0.71,0.71
07/11/2023,ATEL,"104,000,000.00",43.50,43.5
07/11/2023,CECZ,"1,625,000,597.00",7.59,7.59
07/11/2023,ZABR,"546,000,000.00",7.00,7
07/11/2023,MAFS,"50,000,000.00",1.86,1.86
07/11/2023,ZMBF,"300,579,610.00",2.54,2.54
07/11/2023,SCBL,"1,666,980,000.00",1.50,1.5
07/11/2023,ZSUG,"316,571,385.40",20.00,20
07/11/2023,ZMRE,"45,000,000.00",2.80,2.8
07/11/2023,AECI,"20,406,600.00",42.00,42
07/11/2023,BATA,"76,107,600.00",2.70,2.7
07/11/2023,CHIL,"200,039,904.00",13.80,13.8
08/11/2023,REIZ,"56,460,198.00",1.12,1.12
08/11/2023,ZMFA,"27,090,100.00",4.90,4.9
08/11/2023,ZNCO,"1,443,750,041.28",3.80,3.8
08/11/2023,ZCCM,"160,800,286.00",42.00,42
08/11/2023,ZFCO,"400,000,000.00",2.53,2.53
08/11/2023,BATZ,"212,456,304.00",1.95,1.95
08/11/2023,NATB,"63,000,000.00",4.10,4.1
08/11/2023,PUMA,"500,000,000.00",2.50,2.5
08/11/2023,SHOP,"2,700,000.00",64.00,64
08/11/2023,CCAF,"1,625,000,597.00",0.44,0.44
08/11/2023,PMDZ,"100,000,000.00",0.71,0.71
08/11/2023,ATEL,"104,000,000.00",43.50,43.5
08/11/2023,CECZ,"1,625,000,597.00",7.59,7.59
08/11/2023,ZABR,"546,000,000.00",7.00,7
08/11/2023,MAFS,"50,000,000.00",1.86,1.86
08/11/2023,ZMBF,"300,579,610.00",2.54,2.54
08/11/2023,SCBL,"1,666,980,000.00",1.50,1.5
08/11/2023,ZSUG,"316,571,385.40",20.00,20
08/11/2023,ZMRE,"45,000,000.00",2.80,2.8
08/11/2023,AECI,"20,406,600.00",42.00,42
08/11/2023,BATA,"76,107,600.00",2.70,2.7
08/11/2023,CHIL,"200,039,904.00",13.80,13.8
09/11/2023,REIZ,"56,460,198.00",1.12,1.12
09/11/2023,ZMFA,"27,090,100.00",4.90,4.9
09/11/2023,ZNCO,"1,443,750,041.28",3.80,3.8
09/11/2023,ZCCM,"160,800,286.00",42.00,42
09/11/2023,ZFCO,"400,000,000.00",2.53,2.53
09/11/2023,BATZ,"212,456,304.00",1.95,1.95
09/11/2023,NATB,"63,000,000.00",4.10,4.1
09/11/2023,PUMA,"500,000,000.00",2.50,2.5
09/11/2023,SHOP,"2,700,000.00",64.00,64
09/11/2023,CCAF,"1,625,000,597.00",0.44,0.44
09/11/2023,PMDZ,"100,000,000.00",0.71,0.71
09/11/2023,ATEL,"104,000,000.00",43.50,43.5
09/11/2023,CECZ,"1,625,000,597.00",7.59,7.58
09/11/2023,ZABR,"546,000,000.00",7.00,7
09/11/2023,MAFS,"50,000,000.00",1.86,1.86
09/11/2023,ZMBF,"300,579,610.00",2.54,2.54
09/11/2023,SCBL,"1,666,980,000.00",1.50,1.5
09/11/2023,ZSUG,"316,571,385.40",20.00,25
09/11/2023,ZMRE,"45,000,000.00",2.80,2.8
09/11/2023,AECI,"20,406,600.00",42.00,42
09/11/2023,BATA,"76,107,600.00",2.70,2.7
09/11/2023,CHIL,"200,039,904.00",13.80,13.8
10/11/2023,REIZ,"56,460,198.00",1.12,1.12
10/11/2023,ZMFA,"27,090,100.00",4.90,4.9
10/11/2023,ZNCO,"1,443,750,041.28",3.80,3.8
10/11/2023,ZCCM,"160,800,286.00",42.00,42
10/11/2023,ZFCO,"400,000,000.00",2.53,2.53
10/11/2023,BATZ,"212,456,304.00",1.95,1.95
10/11/2023,NATB,"63,000,000.00",4.10,4.1
10/11/2023,PUMA,"500,000,000.00",2.50,2.5
10/11/2023,SHOP,"2,700,000.00",64.00,64
10/11/2023,CCAF,"1,625,000,597.00",0.44,0.44
10/11/2023,PMDZ,"100,000,000.00",0.71,0.71
10/11/2023,ATEL,"104,000,000.00",43.50,43.5
10/11/2023,CECZ,"1,625,000,597.00",7.58,7.58
10/11/2023,ZABR,"546,000,000.00",7.00,7
10/11/2023,MAFS,"50,000,000.00",1.86,1.86
10/11/2023,ZMBF,"300,579,610.00",2.54,2.54
10/11/2023,SCBL,"1,666,980,000.00",1.50,1.5
10/11/2023,ZSUG,"316,571,385.40",25.00,31
10/11/2023,ZMRE,"45,000,000.00",2.80,2.8
10/11/2023,AECI,"20,406,600.00",42.00,42
10/11/2023,BATA,"76,107,600.00",2.70,2.7
10/11/2023,CHIL,"200,039,904.00",13.80,13.8
13/11/2023,REIZ,"56,460,198.00",1.12,1.12
13/11/2023,ZMFA,"27,090,100.00",4.90,4.9
13/11/2023,ZNCO,"1,443,750,041.28",3.80,3.8
13/11/2023,ZCCM,"160,800,286.00",42.00,42
13/11/2023,ZFCO,"400,000,000.00",2.53,2.53
13/11/2023,BATZ,"212,456,304.00",1.95,1.95
13/11/2023,NATB,"63,000,000.00",4.10,4.1
13/11/2023,PUMA,"500,000,000.00",2.50,2.5
13/11/2023,SHOP,"2,700,000.00",64.00,64
13/11/2023,CCAF,"1,625,000,597.00",0.44,0.44
13/11/2023,PMDZ,"100,000,000.00",0.71,0.71
13/11/2023,ATEL,"104,000,000.00",43.50,43.5
13/11/2023,CECZ,"1,625,000,597.00",7.58,7.58
13/11/2023,ZABR,"546,000,000.00",7.00,7
13/11/2023,MAFS,"50,000,000.00",1.86,1.86
13/11/2023,ZMBF,"300,579,610.00",2.54,2.54
13/11/2023,SCBL,"1,666,980,000.00",1.50,1.5
13/11/2023,ZSUG,"316,571,385.40",31.00,31
13/11/2023,ZMRE,"45,000,000.00",2.80,2.8
13/11/2023,AECI,"20,406,600.00",42.00,41.98
13/11/2023,BATA,"76,107,600.00",2.70,2.7
13/11/2023,CHIL,"200,039,904.00",13.80,13.8
14/11/2023,REIZ,"56,460,198.00",1.12,1.12
14/11/2023,ZMFA,"27,090,100.00",4.90,4.9
14/11/2023,ZNCO,"1,443,750,041.28",3.80,3.8
14/11/2023,ZCCM,"160,800,286.00",42.00,42
14/11/2023,ZFCO,"400,000,000.00",2.53,2.53
14/11/2023,BATZ,"212,456,304.00",1.95,1.95
14/11/2023,NATB,"63,000,000.00",4.10,4.1
14/11/2023,PUMA,"500,000,000.00",2.50,2.5
14/11/2023,SHOP,"2,700,000.00",64.00,64
14/11/2023,CCAF,"1,625,000,597.00",0.44,0.44
14/11/2023,PMDZ,"100,000,000.00",0.71,0.71
14/11/2023,ATEL,"104,000,000.00",43.50,43.5
14/11/2023,CECZ,"1,625,000,597.00",7.58,7.58
14/11/2023,ZABR,"546,000,000.00",7.00,7
14/11/2023,MAFS,"50,000,000.00",1.86,1.86
14/11/2023,ZMBF,"300,579,610.00",2.54,2.54
14/11/2023,SCBL,"1,666,980,000.00",1.50,1.5
14/11/2023,ZSUG,"316,571,385.40",31.00,31
14/11/2023,ZMRE,"45,000,000.00",2.80,2.8
14/11/2023,AECI,"20,406,600.00",41.98,41.98
14/11/2023,BATA,"76,107,600.00",2.70,2.7
14/11/2023,CHIL,"200,039,904.00",13.80,13.8
15/11/2023,REIZ,"56,460,198.00",1.12,1.12
15/11/2023,ZMFA,"27,090,100.00",4.90,4.9
15/11/2023,ZNCO,"1,443,750,041.28",3.80,3.8
15/11/2023,ZCCM,"160,800,286.00",42.00,42
15/11/2023,ZFCO,"400,000,000.00",2.53,2.53
15/11/2023,BATZ,"212,456,304.00",1.95,1.95
15/11/2023,NATB,"63,000,000.00",4.10,4.1
15/11/2023,PUMA,"500,000,000.00",2.50,2.5
15/11/2023,SHOP,"2,700,000.00",64.00,64
15/11/2023,CCAF,"1,625,000,597.00",0.44,0.44
15/11/2023,PMDZ,"100,000,000.00",0.71,0.71
15/11/2023,ATEL,"104,000,000.00",43.50,43.5
15/11/2023,CECZ,"1,625,000,597.00",7.58,7.58
15/11/2023,ZABR,"546,000,000.00",7.00,7
15/11/2023,MAFS,"50,000,000.00",1.86,1.86
15/11/2023,ZMBF,"300,579,610.00",2.54,2.54
15/11/2023,SCBL,"1,666,980,000.00",1.50,1.5
15/11/2023,ZSUG,"316,571,385.40",31.00,31
15/11/2023,ZMRE,"45,000,000.00",2.80,2.8
15/11/2023,AECI,"20,406,600.00",41.98,41.98
15/11/2023,BATA,"76,107,600.00",2.70,2.7
15/11/2023,CHIL,"200,039,904.00",13.80,13.8
16/11/2023,REIZ,"56,460,198.00",1.12,1.12
16/11/2023,ZMFA,"27,090,100.00",4.90,4.9
16/11/2023,ZNCO,"1,443,750,041.28",3.80,3.8
16/11/2023,ZCCM,"160,800,286.00",42.00,42
16/11/2023,ZFCO,"400,000,000.00",2.53,2.53
16/11/2023,BATZ,"212,456,304.00",1.95,1.95
16/11/2023,NATB,"63,000,000.00",4.10,4.1
16/11/2023,PUMA,"500,000,000.00",2.50,2.5
16/11/2023,SHOP,"2,700,000.00",64.00,64
16/11/2023,CCAF,"1,625,000,597.00",0.44,0.44
16/11/2023,PMDZ,"100,000,000.00",0.71,0.71
16/11/2023,ATEL,"104,000,000.00",43.50,43.5
16/11/2023,CECZ,"1,625,000,597.00",7.58,7.57
16/11/2023,ZABR,"546,000,000.00",7.00,7
16/11/2023,MAFS,"50,000,000.00",1.86,1.86
16/11/2023,ZMBF,"300,579,610.00",2.54,2.54
16/11/2023,SCBL,"1,666,980,000.00",1.50,1.5
16/11/2023,ZSUG,"316,571,385.40",31.00,31
16/11/2023,ZMRE,"45,000,000.00",2.80,2.8
16/11/2023,AECI,"20,406,600.00",41.98,41.98
16/11/2023,BATA,"76,107,600.00",2.70,2.7
16/11/2023,CHIL,"200,039,904.00",13.80,13.8
17/11/2023,REIZ,"56,460,198.00",1.12,1.12
17/11/2023,ZMFA,"27,090,100.00",4.90,4.9
17/11/2023,ZNCO,"1,443,750,041.28",3.80,3.8
17/11/2023,ZCCM,"160,800,286.00",42.00,42
17/11/2023,ZFCO,"400,000,000.00",2.53,2.53
17/11/2023,BATZ,"212,456,304.00",1.95,1.95
17/11/2023,NATB,"63,000,000.00",4.10,4.1
17/11/2023,PUMA,"500,000,000.00",2.50,2.5
17/11/2023,SHOP,"2,700,000.00",64.00,64
17/11/2023,CCAF,"1,625,000,597.00",0.44,0.44
17/11/2023,PMDZ,"100,000,000.00",0.71,0.71
17/11/2023,ATEL,"104,000,000.00",43.50,43.5
17/11/2023,CECZ,"1,625,000,597.00",7.57,7.57
17/11/2023,ZABR,"546,000,000.00",7.00,7
17/11/2023,MAFS,"50,000,000.00",1.86,1.86
17/11/2023,ZMBF,"300,579,610.00",2.54,2.54
17/11/2023,SCBL,"1,666,980,000.00",1.50,1.5
17/11/2023,ZSUG,"316,571,385.40",31.00,31
17/11/2023,ZMRE,"45,000,000.00",2.80,2.8
17/11/2023,AECI,"20,406,600.00",41.98,41.98
17/11/2023,BATA,"76,107,600.00",2.70,2.7
17/11/2023,CHIL,"200,039,904.00",13.80,13.8
20/11/2023,REIZ,"56,460,198.00",1.12,1.15
20/11/2023,ZMFA,"27,090,100.00",4.90,4.9
20/11/2023,ZNCO,"1,443,750,041.28",3.80,3.8
20/11/2023,ZCCM,"160,800,286.00",42.00,42
20/11/2023,ZFCO,"400,000,000.00",2.53,2.53
20/11/2023,BATZ,"212,456,304.00",1.95,1.95
20/11/2023,NATB,"63,000,000.00",4.10,4.1
20/11/2023,PUMA,"500,000,000.00",2.50,2.5
20/11/2023,SHOP,"2,700,000.00",64.00,64
20/11/2023,CCAF,"1,625,000,597.00",0.44,0.44
20/11/2023,PMDZ,"100,000,000.00",0.71,0.71
20/11/2023,ATEL,"104,000,000.00",43.50,43.5
20/11/2023,CECZ,"1,625,000,597.00",7.57,7.57
20/11/2023,ZABR,"546,000,000.00",7.00,7
20/11/2023,MAFS,"50,000,000.00",1.86,1.86
20/11/2023,ZMBF,"300,579,610.00",2.54,2.54
20/11/2023,SCBL,"1,666,980,000.00",1.50,1.5
20/11/2023,ZSUG,"316,571,385.40",31.00,31
20/11/2023,ZMRE,"45,000,000.00",2.80,2.8
20/11/2023,AECI,"20,406,600.00",41.98,41.98
20/11/2023,BATA,"76,107,600.00",2.70,2.7
20/11/2023,CHIL,"200,039,904.00",13.80,13.8
21/11/2023,REIZ,"56,460,198.00",1.15,1.15
21/11/2023,ZMFA,"27,090,100.00",4.90,4.9
21/11/2023,ZNCO,"1,443,750,041.28",3.80,3.8
21/11/2023,ZCCM,"160,800,286.00",42.00,42
21/11/2023,ZFCO,"400,000,000.00",2.53,2.53
21/11/2023,BATZ,"212,456,304.00",1.95,1.95
21/11/2023,NATB,"63,000,000.00",4.10,4.1
21/11/2023,PUMA,"500,000,000.00",2.50,2.5
21/11/2023,SHOP,"2,700,000.00",64.00,64
21/11/2023,CCAF,"1,625,000,597.00",0.44,0.44
21/11/2023,PMDZ,"100,000,000.00",0.71,0.71
21/11/2023,ATEL,"104,000,000.00",43.50,43.5
21/11/2023,CECZ,"1,625,000,597.00",7.57,7.57
21/11/2023,ZABR,"546,000,000.00",7.00,7
21/11/2023,MAFS,"50,000,000.00",1.86,1.86
21/11/2023,ZMBF,"300,579,610.00",2.54,2.54
21/11/2023,SCBL,"1,666,980,000.00",1.50,1.5
21/11/2023,ZSUG,"316,571,385.40",31.00,31
21/11/2023,ZMRE,"45,000,000.00",2.80,2.8
21/11/2023,AECI,"20,406,600.00",41.98,41.98
21/11/2023,BATA,"76,107,600.00",2.70,2.7
21/11/2023,CHIL,"200,039,904.00",13.80,13.8
22/11/2023,REIZ,"56,460,198.00",1.15,1.15
22/11/2023,ZMFA,"27,090,100.00",4.90,4.9
22/11/2023,ZNCO,"1,443,750,041.28",3.80,3.8
22/11/2023,ZCCM,"160,800,286.00",42.00,42
22/11/2023,ZFCO,"400,000,000.00",2.53,2.53
22/11/2023,BATZ,"212,456,304.00",1.95,1.95
22/11/2023,NATB,"63,000,000.00",4.10,4.1
22/11/2023,PUMA,"500,000,000.00",2.50,2.5
22/11/2023,SHOP,"2,700,000.00",64.00,64
22/11/2023,CCAF,"1,625,000,597.00",0.44,0.44
22/11/2023,PMDZ,"100,000,000.00",0.71,0.71
22/11/2023,ATEL,"104,000,000.00",43.50,43.5
22/11/2023,CECZ,"1,625,000,597.00",7.57,7.57
22/11/2023,ZABR,"546,000,000.00",7.00,7
22/11/2023,MAFS,"50,000,000.00",1.86,1.86
22/11/2023,ZMBF,"300,579,610.00",2.54,2.54
22/11/2023,SCBL,"1,666,980,000.00",1.50,1.5
22/11/2023,ZSUG,"316,571,385.40",31.00,31
22/11/2023,ZMRE,"45,000,000.00",2.80,2.8
22/11/2023,AECI,"20,406,600.00",41.98,41.98
22/11/2023,BATA,"76,107,600.00",2.70,2.7
22/11/2023,CHIL,"200,039,904.00",13.80,13.8
23/11/2023,REIZ,"56,460,198.00",1.15,1.15
23/11/2023,ZMFA,"27,090,100.00",4.90,4.9
23/11/2023,ZNCO,"1,443,750,041.28",3.80,3.8
23/11/2023,ZCCM,"160,800,286.00",42.00,42
23/11/2023,ZFCO,"400,000,000.00",2.53,2.53
23/11/2023,BATZ,"212,456,304.00",1.95,1.95
23/11/2023,NATB,"63,000,000.00",4.10,4.1
23/11/2023,PUMA,"500,000,000.00",2.50,2.5
23/11/2023,SHOP,"2,700,000.00",64.00,64
23/11/2023,CCAF,"1,625,000,597.00",0.44,0.44
23/11/2023,PMDZ,"100,000,000.00",0.71,0.71
23/11/2023,ATEL,"104,000,000.00",43.50,43.5
23/11/2023,CECZ,"1,625,000,597.00",7.57,7.56
23/11/2023,ZABR,"546,000,000.00",7.00,7
23/11/2023,MAFS,"50,000,000.00",1.86,1.86
23/11/2023,ZMBF,"300,579,610.00",2.54,2.54
23/11/2023,SCBL,"1,666,980,000.00",1.50,1.5
23/11/2023,ZSUG,"316,571,385.40",31.00,31
23/11/2023,ZMRE,"45,000,000.00",2.80,2.8
23/11/2023,AECI,"20,406,600.00",41.98,41.98
23/11/2023,BATA,"76,107,600.00",2.70,2.7
23/11/2023,CHIL,"200,039,904.00",13.80,13.8
24/11/2023,REIZ,"56,460,198.00",1.15,1.15
24/11/2023,ZMFA,"27,090,100.00",4.90,4.9
24/11/2023,ZNCO,"1,443,750,041.28",3.80,3.8
24/11/2023,ZCCM,"160,800,286.00",42.00,42
24/11/2023,ZFCO,"400,000,000.00",2.53,2.53
24/11/2023,BATZ,"212,456,304.00",1.95,1.95
24/11/2023,NATB,"63,000,000.00",4.10,4.1
24/11/2023,PUMA,"500,000,000.00",2.50,2.5
24/11/2023,SHOP,"2,700,000.00",64.00,64
24/11/2023,CCAF,"1,625,000,597.00",0.44,0.44
24/11/2023,PMDZ,"100,000,000.00",0.71,0.71
24/11/2023,ATEL,"104,000,000.00",43.50,43.5
24/11/2023,CECZ,"1,625,000,597.00",7.56,7.56
24/11/2023,ZABR,"546,000,000.00",7.00,7
24/11/2023,MAFS,"50,000,000.00",1.86,1.86
24/11/2023,ZMBF,"300,579,610.00",2.54,2.54
24/11/2023,SCBL,"1,666,980,000.00",1.50,1.5
24/11/2023,ZSUG,"316,571,385.40",31.00,31
24/11/2023,ZMRE,"45,000,000.00",2.80,2.8
24/11/2023,AECI,"20,406,600.00",41.98,41.98
24/11/2023,BATA,"76,107,600.00",2.70,2.7
24/11/2023,CHIL,"200,039,904.00",13.80,13.8
27/11/2023,REIZ,"56,460,198.00",1.15,1.15
27/11/2023,ZMFA,"27,090,100.00",4.90,4.9
27/11/2023,ZNCO,"1,443,750,041.28",3.80,3.8
27/11/2023,ZCCM,"160,800,286.00",42.00,42
27/11/2023,ZFCO,"400,000,000.00",2.53,2.53
27/11/2023,BATZ,"212,456,304.00",1.95,1.95
27/11/2023,NATB,"63,000,000.00",4.10,4.1
27/11/2023,PUMA,"500,000,000.00",2.50,2.5
27/11/2023,SHOP,"2,700,000.00",64.00,64
27/11/2023,CCAF,"1,625,000,597.00",0.44,0.44
27/11/2023,PMDZ,"100,000,000.00",0.71,0.71
27/11/2023,ATEL,"104,000,000.00",43.50,43.5
27/11/2023,CECZ,"1,625,000,597.00",7.56,7.55
27/11/2023,ZABR,"546,000,000.00",7.00,7
27/11/2023,MAFS,"50,000,000.00",1.86,1.86
27/11/2023,ZMBF,"300,579,610.00",2.54,2.54
27/11/2023,SCBL,"1,666,980,000.00",1.50,1.5
27/11/2023,ZSUG,"316,571,385.40",31.00,33
27/11/2023,ZMRE,"45,000,000.00",2.80,2.8
27/11/2023,AECI,"20,406,600.00",41.98,41.98
27/11/2023,BATA,"76,107,600.00",2.70,2.7
27/11/2023,CHIL,"200,039,904.00",13.80,13.8
28/11/2023,REIZ,"56,460,198.00",1.15,1.15
28/11/2023,ZMFA,"27,090,100.00",4.90,4.9
28/11/2023,ZNCO,"1,443,750,041.28",3.80,3.8
28/11/2023,ZCCM,"160,800,286.00",42.00,42
28/11/2023,ZFCO,"400,000,000.00",2.53,2.53
28/11/2023,BATZ,"212,456,304.00",1.95,1.95
28/11/2023,NATB,"63,000,000.00",4.10,4.1
28/11/2023,PUMA,"500,000,000.00",2.50,2.5
28/11/2023,SHOP,"2,700,000.00",64.00,64
28/11/2023,CCAF,"1,625,000,597.00",0.44,0.44
28/11/2023,PMDZ,"100,000,000.00",0.71,0.71
28/11/2023,ATEL,"104,000,000.00",43.50,43.5
28/11/2023,CECZ,"1,625,000,597.00",7.56,7.55
28/11/2023,ZABR,"546,000,000.00",7.00,7
28/11/2023,MAFS,"50,000,000.00",1.86,1.86
28/11/2023,ZMBF,"300,579,610.00",2.54,2.54
28/11/2023,SCBL,"1,666,980,000.00",1.50,1.5
28/11/2023,ZSUG,"316,571,385.40",33.00,35
28/11/2023,ZMRE,"45,000,000.00",2.80,2.8
28/11/2023,AECI,"20,406,600.00",41.98,41.98
28/11/2023,BATA,"76,107,600.00",2.70,2.7
28/11/2023,CHIL,"200,039,904.00",13.80,13.8
29/11/2023,REIZ,"56,460,198.00",1.15,1.15
29/11/2023,ZMFA,"27,090,100.00",4.90,4.9
29/11/2023,ZNCO,"1,443,750,041.28",3.80,3.8
29/11/2023,ZCCM,"160,800,286.00",42.00,42
29/11/2023,ZFCO,"400,000,000.00",2.53,2.53
29/11/2023,BATZ,"212,456,304.00",1.95,1.95
29/11/2023,NATB,"63,000,000.00",4.10,4.1
29/11/2023,PUMA,"500,000,000.00",2.50,2.5
29/11/2023,SHOP,"2,700,000.00",64.00,64
29/11/2023,CCAF,"1,625,000,597.00",0.44,0.44
29/11/2023,PMDZ,"100,000,000.00",0.71,0.71
29/11/2023,ATEL,"104,000,000.00",43.50,43.5
29/11/2023,CECZ,"1,625,000,597.00",7.55,7.54
29/11/2023,ZABR,"546,000,000.00",7.00,7
29/11/2023,MAFS,"50,000,000.00",1.86,1.86
29/11/2023,ZMBF,"300,579,610.00",2.54,2.54
29/11/2023,SCBL,"1,666,980,000.00",1.50,1.5
29/11/2023,ZSUG,"316,571,385.40",35.00,35
29/11/2023,ZMRE,"45,000,000.00",2.80,2.8
29/11/2023,AECI,"20,406,600.00",41.98,41.98
29/11/2023,BATA,"76,107,600.00",2.70,2.7
29/11/2023,CHIL,"200,039,904.00",13.80,13.8
30/11/2023,REIZ,"56,460,198.00",1.15,1.15
30/11/2023,ZMFA,"27,090,100.00",4.90,4.9
30/11/2023,ZNCO,"1,443,750,041.28",3.80,3.8
30/11/2023,ZCCM,"160,800,286.00",42.00,42
30/11/2023,ZFCO,"400,000,000.00",2.53,2.53
30/11/2023,BATZ,"212,456,304.00",1.95,1.95
30/11/2023,NATB,"63,000,000.00",4.10,4.1
30/11/2023,PUMA,"500,000,000.00",2.50,2.5
30/11/2023,SHOP,"2,700,000.00",64.00,64
30/11/2023,CCAF,"1,625,000,597.00",0.44,0.44
30/11/2023,PMDZ,"100,000,000.00",0.71,0.71
30/11/2023,ATEL,"104,000,000.00",43.50,43.5
30/11/2023,CECZ,"1,625,000,597.00",7.54,7.54
30/11/2023,ZABR,"546,000,000.00",7.00,7
30/11/2023,MAFS,"50,000,000.00",1.86,1.86
30/11/2023,ZMBF,"300,579,610.00",2.54,2.54
30/11/2023,SCBL,"1,666,980,000.00",1.50,1.5
30/11/2023,ZSUG,"316,571,385.40",35.00,35
30/11/2023,ZMRE,"45,000,000.00",2.80,2.8
30/11/2023,AECI,"20,406,600.00",41.98,41.98
30/11/2023,BATA,"76,107,600.00",2.70,2.7
30/11/2023,CHIL,"200,039,904.00",13.80,13.8
01/12/2023,REIZ,"56,460,198.00",1.15,1.15
01/12/2023,ZMFA,"27,090,100.00",4.90,4.9
01/12/2023,ZNCO,"1,443,750,041.28",3.53,3.8
01/12/2023,ZCCM,"160,800,286.00",42.00,42
01/12/2023,ZFCO,"400,000,000.00",2.53,2.53
01/12/2023,BATZ,"212,456,304.00",1.95,1.95
01/12/2023,NATB,"63,000,000.00",4.10,4.1
01/12/2023,PUMA,"500,000,000.00",2.50,2.5
01/12/2023,SHOP,"2,700,000.00",64.00,64
01/12/2023,CCAF,"1,625,000,597.00",0.44,0.44
01/12/2023,PMDZ,"100,000,000.00",0.71,0.71
01/12/2023,ATEL,"104,000,000.00",43.50,43.5
01/12/2023,CECZ,"1,625,000,597.00",7.54,7.54
01/12/2023,ZABR,"546,000,000.00",7.00,7
01/12/2023,MAFS,"50,000,000.00",1.86,1.86
01/12/2023,ZMBF,"300,579,610.00",2.54,2.54
01/12/2023,SCBL,"1,666,980,000.00",1.50,1.5
01/12/2023,ZSUG,"316,571,385.40",35.00,35
01/12/2023,ZMRE,"45,000,000.00",2.80,2.8
01/12/2023,AECI,"20,406,600.00",41.98,41.98
01/12/2023,BATA,"76,107,600.00",2.70,2.7
01/12/2023,CHIL,"200,039,904.00",13.80,13.8
04/12/2023,REIZ,"56,460,198.00",1.15,1.15
04/12/2023,ZMFA,"27,090,100.00",4.90,4.9
04/12/2023,ZNCO,"1,443,750,041.28",3.80,3.8
04/12/2023,ZCCM,"160,800,286.00",42.00,42
04/12/2023,ZFCO,"400,000,000.00",2.53,2.53
04/12/2023,BATZ,"212,456,304.00",1.95,1.95
04/12/2023,NATB,"63,000,000.00",4.10,4.1
04/12/2023,PUMA,"500,000,000.00",2.50,2.5
04/12/2023,SHOP,"2,700,000.00",64.00,64
04/12/2023,CCAF,"1,625,000,597.00",0.44,0.44
04/12/2023,PMDZ,"100,000,000.00",0.71,0.71
04/12/2023,ATEL,"104,000,000.00",43.50,43.5
04/12/2023,CECZ,"1,625,000,597.00",7.54,7.54
04/12/2023,ZABR,"546,000,000.00",7.00,7
04/12/2023,MAFS,"50,000,000.00",1.86,1.86
04/12/2023,ZMBF,"300,579,610.00",2.54,2.54
04/12/2023,SCBL,"1,666,980,000.00",1.50,1.5
04/12/2023,ZSUG,"316,571,385.40",35.00,37
04/12/2023,ZMRE,"45,000,000.00",2.80,2.8
04/12/2023,AECI,"20,406,600.00",41.98,41.98
04/12/2023,BATA,"76,107,600.00",2.70,2.7
04/12/2023,CHIL,"200,039,904.00",13.80,13.8
05/12/2023,REIZ,"56,460,198.00",1.15,1.15
05/12/2023,ZMFA,"27,090,100.00",4.90,4.9
05/12/2023,ZNCO,"1,443,750,041.28",3.80,3.8
05/12/2023,ZCCM,"160,800,286.00",42.00,42
05/12/2023,ZFCO,"400,000,000.00",2.53,2.53
05/12/2023,BATZ,"212,456,304.00",1.95,1.95
05/12/2023,NATB,"63,000,000.00",4.10,4.1
05/12/2023,PUMA,"500,000,000.00",2.50,2.5
05/12/2023,SHOP,"2,700,000.00",64.00,64
05/12/2023,CCAF,"1,625,000,597.00",0.44,0.44
05/12/2023,PMDZ,"100,000,000.00",0.71,0.71
05/12/2023,ATEL,"104,000,000.00",43.50,43.5
05/12/2023,CECZ,"1,625,000,597.00",7.54,7.5
05/12/2023,ZABR,"546,000,000.00",7.00,7
05/12/2023,MAFS,"50,000,000.00",1.86,1.86
05/12/2023,ZMBF,"300,579,610.00",2.54,2.54
05/12/2023,SCBL,"1,666,980,000.00",1.50,1.5
05/12/2023,ZSUG,"316,571,385.40",37.00,37
05/12/2023,ZMRE,"45,000,000.00",2.80,2.8
05/12/2023,AECI,"20,406,600.00",41.98,41.98
05/12/2023,BATA,"76,107,600.00",2.70,2.7
05/12/2023,CHIL,"200,039,904.00",13.80,13.8
06/12/2023,REIZ,"56,460,198.00",1.15,1.15
06/12/2023,ZMFA,"27,090,100.00",4.90,4.9
06/12/2023,ZNCO,"1,443,750,041.28",3.80,3.8
06/12/2023,ZCCM,"160,800,286.00",42.00,42
06/12/2023,ZFCO,"400,000,000.00",2.53,2.53
06/12/2023,BATZ,"212,456,304.00",1.95,1.95
06/12/2023,NATB,"63,000,000.00",4.10,4.1
06/12/2023,PUMA,"500,000,000.00",2.50,2.5
06/12/2023,SHOP,"2,700,000.00",64.00,64
06/12/2023,CCAF,"1,625,000,597.00",0.44,0.44
06/12/2023,PMDZ,"100,000,000.00",0.71,0.71
06/12/2023,ATEL,"104,000,000.00",43.50,43.5
06/12/2023,CECZ,"1,625,000,597.00",7.50,7.49
06/12/2023,ZABR,"546,000,000.00",7.00,7
06/12/2023,MAFS,"50,000,000.00",1.86,1.86
06/12/2023,ZMBF,"300,579,610.00",2.54,2.54
06/12/2023,SCBL,"1,666,980,000.00",1.50,1.5
06/12/2023,ZSUG,"316,571,385.40",37.00,37
06/12/2023,ZMRE,"45,000,000.00",2.80,2.8
06/12/2023,AECI,"20,406,600.00",41.98,41.98
06/12/2023,BATA,"76,107,600.00",2.70,2.7
06/12/2023,CHIL,"200,039,904.00",13.80,13.8
07/12/2023,REIZ,"56,460,198.00",1.15,1.15
07/12/2023,ZMFA,"27,090,100.00",4.90,4.9
07/12/2023,ZNCO,"1,443,750,041.28",3.80,3.8
07/12/2023,ZCCM,"160,800,286.00",42.00,42
07/12/2023,ZFCO,"400,000,000.00",2.53,2.53
07/12/2023,BATZ,"212,456,304.00",1.95,1.95
07/12/2023,NATB,"63,000,000.00",4.10,4.1
07/12/2023,PUMA,"500,000,000.00",2.50,2.5
07/12/2023,SHOP,"2,700,000.00",64.00,64
07/12/2023,CCAF,"1,625,000,597.00",0.44,0.44
07/12/2023,PMDZ,"100,000,000.00",0.71,0.71
07/12/2023,ATEL,"104,000,000.00",43.50,43.5
07/12/2023,CECZ,"1,625,000,597.00",7.49,7.47
07/12/2023,ZABR,"546,000,000.00",7.00,7
07/12/2023,MAFS,"50,000,000.00",1.86,1.86
07/12/2023,ZMBF,"300,579,610.00",2.54,2.54
07/12/2023,SCBL,"1,666,980,000.00",1.50,1.5
07/12/2023,ZSUG,"316,571,385.40",37.00,37
07/12/2023,ZMRE,"45,000,000.00",2.80,2.8
07/12/2023,AECI,"20,406,600.00",41.98,41.98
07/12/2023,BATA,"76,107,600.00",2.70,2.7
07/12/2023,CHIL,"200,039,904.00",13.80,13.8
08/12/2023,REIZ,"56,460,198.00",1.15,1.15
08/12/2023,ZMFA,"27,090,100.00",4.90,4.9
08/12/2023,ZNCO,"1,443,750,041.28",3.80,3.8
08/12/2023,ZCCM,"160,800,286.00",42.00,42
08/12/2023,ZFCO,"400,000,000.00",2.53,2.53
08/12/2023,BATZ,"212,456,304.00",1.95,1.95
08/12/2023,NATB,"63,000,000.00",4.10,4.1
08/12/2023,PUMA,"500,000,000.00",2.50,2.5
08/12/2023,SHOP,"2,700,000.00",64.00,64
08/12/2023,CCAF,"1,625,000,597.00",0.44,0.44
08/12/2023,PMDZ,"100,000,000.00",0.71,0.71
08/12/2023,ATEL,"104,000,000.00",43.50,43.5
08/12/2023,CECZ,"1,625,000,597.00",7.48,7.47
08/12/2023,ZABR,"546,000,000.00",7.00,7
08/12/2023,MAFS,"50,000,000.00",1.86,1.86
08/12/2023,ZMBF,"300,579,610.00",2.54,2.54
08/12/2023,SCBL,"1,666,980,000.00",1.50,1.5
08/12/2023,ZSUG,"316,571,385.40",37.00,37
08/12/2023,ZMRE,"45,000,000.00",2.80,2.8
08/12/2023,AECI,"20,406,600.00",41.98,41.98
08/12/2023,BATA,"76,107,600.00",2.70,2.7
08/12/2023,CHIL,"200,039,904.00",13.80,13.8
11/12/2023,ZMRE,"5,000,000,000.00",1.00,1
11/12/2023,ZABR,0,1,1
11/12/2023,PUMA,0,1,1
11/12/2023,REIZ,"56,460,198.00",1.15,1.15
11/12/2023,ZMFA,"27,090,100.00",4.90,4.9
11/12/2023,ZNCO,"1,443,750,041.28",3.80,3.8
11/12/2023,ZCCM,"160,800,286.00",42.00,42
11/12/2023,ZFCO,"400,000,000.00",2.53,2.53
11/12/2023,BATZ,"212,456,304.00",1.95,1.95
11/12/2023,NATB,"63,000,000.00",4.10,4.1
11/12/2023,PUMA,"500,000,000.00",2.50,2.5
11/12/2023,SHOP,"2,700,000.00",64.00,64
11/12/2023,CCAF,"1,625,000,597.00",0.44,0.44
11/12/2023,PMDZ,"100,000,000.00",0.71,0.71
11/12/2023,ATEL,"104,000,000.00",43.50,43.5
11/12/2023,CECZ,"1,625,000,597.00",7.47,7.46
11/12/2023,ZABR,"546,000,000.00",7.00,7
11/12/2023,MAFS,"50,000,000.00",1.86,1.86
11/12/2023,ZMBF,"300,579,610.00",2.54,2.54
11/12/2023,SCBL,"1,666,980,000.00",1.50,1.51
11/12/2023,ZSUG,"316,571,385.40",37.00,35
11/12/2023,ZMRE,"45,000,000.00",2.80,2.8
11/12/2023,AECI,"20,406,600.00",41.98,41.98
11/12/2023,BATA,"76,107,600.00",2.70,2.7
11/12/2023,CHIL,"200,039,904.00",13.80,13.8
12/12/2023,REIZ,"56,460,198.00",1.15,1.15
12/12/2023,ZMFA,"27,090,100.00",4.90,4.9
12/12/2023,ZNCO,"1,443,750,041.28",3.80,3.8
12/12/2023,ZCCM,"160,800,286.00",42.00,42
12/12/2023,ZFCO,"400,000,000.00",2.53,2.53
12/12/2023,BATZ,"212,456,304.00",1.95,1.95
12/12/2023,NATB,"63,000,000.00",4.10,4.1
12/12/2023,PUMA,"500,000,000.00",2.50,2.5
12/12/2023,SHOP,"2,700,000.00",64.00,64
12/12/2023,CCAF,"1,625,000,597.00",0.44,0.44
12/12/2023,PMDZ,"100,000,000.00",0.71,0.71
12/12/2023,ATEL,"104,000,000.00",43.50,43.5
12/12/2023,CECZ,"1,625,000,597.00",7.46,7.4
12/12/2023,ZABR,"546,000,000.00",7.00,7
12/12/2023,MAFS,"50,000,000.00",1.86,1.86
12/12/2023,ZMBF,"300,579,610.00",2.54,2.54
12/12/2023,SCBL,"1,666,980,000.00",1.51,1.5
12/12/2023,ZSUG,"316,571,385.40",35.50,35
12/12/2023,ZMRE,"45,000,000.00",2.80,2.8
12/12/2023,AECI,"20,406,600.00",41.98,41.98
12/12/2023,BATA,"76,107,600.00",2.70,2.7
12/12/2023,CHIL,"200,039,904.00",13.80,13.8
13/12/2023,REIZ,"56,460,198.00",1.15,1.15
13/12/2023,ZMFA,"27,090,100.00",4.90,4.9
13/12/2023,ZNCO,"1,443,750,041.28",3.80,3.8
13/12/2023,ZCCM,"160,800,286.00",42.00,42
13/12/2023,ZFCO,"400,000,000.00",2.53,2.53
13/12/2023,BATZ,"212,456,304.00",1.95,1.95
13/12/2023,NATB,"63,000,000.00",4.10,4.1
13/12/2023,PUMA,"500,000,000.00",2.50,2.5
13/12/2023,SHOP,"2,700,000.00",64.00,64
13/12/2023,CCAF,"1,625,000,597.00",0.44,0.44
13/12/2023,PMDZ,"100,000,000.00",0.71,0.71
13/12/2023,ATEL,"104,000,000.00",43.50,43.5
13/12/2023,CECZ,"1,625,000,597.00",7.41,7.19
13/12/2023,ZABR,"546,000,000.00",7.00,7
13/12/2023,MAFS,"50,000,000.00",1.86,1.86
13/12/2023,ZMBF,"300,579,610.00",2.54,2.54
13/12/2023,SCBL,"1,666,980,000.00",1.50,1.5
13/12/2023,ZSUG,"316,571,385.40",35.00,35
13/12/2023,ZMRE,"45,000,000.00",2.80,2.8
13/12/2023,AECI,"20,406,600.00",41.98,41.98
13/12/2023,BATA,"76,107,600.00",2.70,2.7
13/12/2023,CHIL,"200,039,904.00",13.80,13.8
14/12/2023,REIZ,"56,460,198.00",1.15,1.15
14/12/2023,ZMFA,"27,090,100.00",4.90,4.9
14/12/2023,ZNCO,"1,443,750,041.28",3.80,3.8
14/12/2023,ZCCM,"160,800,286.00",42.00,42
14/12/2023,ZFCO,"400,000,000.00",2.53,2.53
14/12/2023,BATZ,"212,456,304.00",1.95,1.95
14/12/2023,NATB,"63,000,000.00",4.10,4.1
14/12/2023,PUMA,"500,000,000.00",2.50,2.5
14/12/2023,SHOP,"2,700,000.00",64.00,64
14/12/2023,CCAF,"1,625,000,597.00",0.44,0.44
14/12/2023,PMDZ,"100,000,000.00",0.71,0.71
14/12/2023,ATEL,"104,000,000.00",43.50,43.5
14/12/2023,CECZ,"1,625,000,597.00",7.18,7.16
14/12/2023,ZABR,"546,000,000.00",7.00,7
14/12/2023,MAFS,"50,000,000.00",1.86,1.86
14/12/2023,ZMBF,"300,579,610.00",2.54,2.54
14/12/2023,SCBL,"1,666,980,000.00",1.50,1.5
14/12/2023,ZSUG,"316,571,385.40",35.00,35
14/12/2023,ZMRE,"45,000,000.00",2.80,2.8
14/12/2023,AECI,"20,406,600.00",41.98,41.98
14/12/2023,BATA,"76,107,600.00",2.70,3
14/12/2023,CHIL,"200,039,904.00",13.80,13.8
15/12/2023,REIZ,"56,460,198.00",1.15,1.15
15/12/2023,ZMFA,"27,090,100.00",4.90,4.9
15/12/2023,ZNCO,"1,443,750,041.28",3.80,3.8
15/12/2023,ZCCM,"160,800,286.00",42.00,42
15/12/2023,ZFCO,"400,000,000.00",2.53,2.53
15/12/2023,BATZ,"212,456,304.00",1.95,1.95
15/12/2023,NATB,"63,000,000.00",4.10,4.1
15/12/2023,PUMA,"500,000,000.00",2.50,2.5
15/12/2023,SHOP,"2,700,000.00",64.00,64
15/12/2023,CCAF,"1,625,000,597.00",0.44,0.44
15/12/2023,PMDZ,"100,000,000.00",0.71,0.71
15/12/2023,ATEL,"104,000,000.00",43.50,43.5
15/12/2023,CECZ,"1,625,000,597.00",7.13,7.12
15/12/2023,ZABR,"546,000,000.00",7.00,7
15/12/2023,MAFS,"50,000,000.00",1.86,1.86
15/12/2023,ZMBF,"300,579,610.00",2.54,2.54
15/12/2023,SCBL,"1,666,980,000.00",1.50,1.5
15/12/2023,ZSUG,"316,571,385.40",35.00,35
15/12/2023,ZMRE,"45,000,000.00",2.80,2.8
15/12/2023,AECI,"20,406,600.00",41.98,41.98
15/12/2023,BATA,"76,107,600.00",3.00,3
15/12/2023,CHIL,"200,039,904.00",13.80,13.8
18/12/2023,REIZ,"56,460,198.00",1.15,1.15
18/12/2023,ZMFA,"27,090,100.00",4.90,4.9
18/12/2023,ZNCO,"1,443,750,041.28",3.80,3.8
18/12/2023,ZCCM,"160,800,286.00",42.00,42
18/12/2023,ZFCO,"400,000,000.00",2.53,2.53
18/12/2023,BATZ,"212,456,304.00",1.95,1.95
18/12/2023,NATB,"63,000,000.00",4.10,4.1
18/12/2023,PUMA,"500,000,000.00",2.50,2.5
18/12/2023,SHOP,"2,700,000.00",64.00,64
18/12/2023,CCAF,"1,625,000,597.00",0.44,0.44
18/12/2023,PMDZ,"100,000,000.00",0.71,0.71
18/12/2023,ATEL,"104,000,000.00",43.50,43.5
18/12/2023,CECZ,"1,625,000,597.00",7.12,7.1
18/12/2023,ZABR,"546,000,000.00",7.00,7
18/12/2023,MAFS,"50,000,000.00",1.86,1.86
18/12/2023,ZMBF,"300,579,610.00",2.54,2.54
18/12/2023,SCBL,"1,666,980,000.00",1.50,1.5
18/12/2023,ZSUG,"316,571,385.40",35.00,35
18/12/2023,ZMRE,"45,000,000.00",2.80,2.8
18/12/2023,AECI,"20,406,600.00",41.98,41.98
18/12/2023,BATA,"76,107,600.00",3.00,3
18/12/2023,CHIL,"200,039,904.00",13.80,13.8
19/12/2023,REIZ,"56,460,198.00",1.15,1.15
19/12/2023,ZMFA,"27,090,100.00",4.90,4.9
19/12/2023,ZNCO,"1,443,750,041.28",3.80,3.8
19/12/2023,ZCCM,"160,800,286.00",42.00,42
19/12/2023,ZFCO,"400,000,000.00",2.53,2.53
19/12/2023,BATZ,"212,456,304.00",1.95,1.95
19/12/2023,NATB,"63,000,000.00",4.10,4.1
19/12/2023,PUMA,"500,000,000.00",2.50,2.5
19/12/2023,SHOP,"2,700,000.00",64.00,64
19/12/2023,CCAF,"1,625,000,597.00",0.44,0.44
19/12/2023,PMDZ,"100,000,000.00",0.71,0.71
19/12/2023,ATEL,"104,000,000.00",43.50,43.5
19/12/2023,CECZ,"1,625,000,597.00",7.10,7.09
19/12/2023,ZABR,"546,000,000.00",7.00,7
19/12/2023,MAFS,"50,000,000.00",1.86,1.86
19/12/2023,ZMBF,"300,579,610.00",2.54,2.53
19/12/2023,SCBL,"1,666,980,000.00",1.50,1.5
19/12/2023,ZSUG,"316,571,385.40",35.00,35
19/12/2023,ZMRE,"45,000,000.00",2.80,2.8
19/12/2023,AECI,"20,406,600.00",41.98,41.98
19/12/2023,BATA,"76,107,600.00",3.00,3
19/12/2023,CHIL,"200,039,904.00",13.80,13.8
20/12/2023,REIZ,"56,460,198.00",1.15,1.3
20/12/2023,ZMFA,"27,090,100.00",4.90,4.9
20/12/2023,ZNCO,"1,443,750,041.28",3.80,3.8
20/12/2023,ZCCM,"160,800,286.00",42.00,42
20/12/2023,ZFCO,"400,000,000.00",2.53,2.53
20/12/2023,BATZ,"212,456,304.00",1.95,1.95
20/12/2023,NATB,"63,000,000.00",4.10,4.1
20/12/2023,PUMA,"500,000,000.00",2.50,2.5
20/12/2023,SHOP,"2,700,000.00",64.00,64
20/12/2023,CCAF,"1,625,000,597.00",0.44,0.44
20/12/2023,PMDZ,"100,000,000.00",0.71,0.71
20/12/2023,ATEL,"104,000,000.00",43.50,43.5
20/12/2023,CECZ,"1,625,000,597.00",7.10,7.09
20/12/2023,ZABR,"546,000,000.00",7.00,7
20/12/2023,MAFS,"50,000,000.00",1.86,1.86
20/12/2023,ZMBF,"300,579,610.00",2.53,2.53
20/12/2023,SCBL,"1,666,980,000.00",1.50,1.5
20/12/2023,ZSUG,"316,571,385.40",35.00,35
20/12/2023,ZMRE,"45,000,000.00",2.80,2.8
20/12/2023,AECI,"20,406,600.00",41.98,41.98
20/12/2023,BATA,"76,107,600.00",3.00,3
20/12/2023,CHIL,"200,039,904.00",13.80,13.8
21/12/2023,REIZ,"56,460,198.00",1.30,1.3
21/12/2023,ZMFA,"27,090,100.00",4.90,4.9
21/12/2023,ZNCO,"1,443,750,041.28",3.80,3.8
21/12/2023,ZCCM,"160,800,286.00",42.00,42
21/12/2023,ZFCO,"400,000,000.00",2.53,2.53
21/12/2023,BATZ,"212,456,304.00",1.95,1.95
21/12/2023,NATB,"63,000,000.00",4.10,4.1
21/12/2023,PUMA,"500,000,000.00",2.50,2.5
21/12/2023,SHOP,"2,700,000.00",64.00,64
21/12/2023,CCAF,"1,625,000,597.00",0.44,0.44
21/12/2023,PMDZ,"100,000,000.00",0.71,0.71
21/12/2023,ATEL,"104,000,000.00",43.50,43.5
21/12/2023,CECZ,"1,625,000,597.00",7.09,7.09
21/12/2023,ZABR,"546,000,000.00",7.00,7
21/12/2023,MAFS,"50,000,000.00",1.86,1.86
21/12/2023,ZMBF,"300,579,610.00",2.53,2.54
21/12/2023,SCBL,"1,666,980,000.00",1.50,1.5
21/12/2023,ZSUG,"316,571,385.40",35.00,35
21/12/2023,ZMRE,"45,000,000.00",2.80,2.8
21/12/2023,AECI,"20,406,600.00",41.98,41.98
21/12/2023,BATA,"76,107,600.00",3.00,3
21/12/2023,CHIL,"200,039,904.00",13.80,13.8
22/12/2023,REIZ,"56,460,198.00",1.30,1.3
22/12/2023,ZMFA,"27,090,100.00",4.90,4.9
22/12/2023,ZNCO,"1,443,750,041.28",3.80,3.8
22/12/2023,ZCCM,"160,800,286.00",42.00,42
22/12/2023,ZFCO,"400,000,000.00",2.53,2.53
22/12/2023,BATZ,"212,456,304.00",1.95,1.95
22/12/2023,NATB,"63,000,000.00",4.10,4.1
22/12/2023,PUMA,"500,000,000.00",2.50,2.5
22/12/2023,SHOP,"2,700,000.00",64.00,64
22/12/2023,CCAF,"1,625,000,597.00",0.44,0.44
22/12/2023,PMDZ,"100,000,000.00",0.71,0.71
22/12/2023,ATEL,"104,000,000.00",43.50,43.5
22/12/2023,CECZ,"1,625,000,597.00",7.09,7.09
22/12/2023,ZABR,"546,000,000.00",7.00,7
22/12/2023,MAFS,"50,000,000.00",1.86,1.86
22/12/2023,ZMBF,"300,579,610.00",2.54,2.53
22/12/2023,SCBL,"1,666,980,000.00",1.50,1.5
22/12/2023,ZSUG,"316,571,385.40",35.00,35
22/12/2023,ZMRE,"45,000,000.00",2.80,2.8
22/12/2023,AECI,"20,406,600.00",41.98,41.98
22/12/2023,BATA,"76,107,600.00",3.00,3
22/12/2023,CHIL,"200,039,904.00",13.80,13.8
26/12/2023,REIZ,"56,460,198.00",1.30,1.3
26/12/2023,ZMFA,"27,090,100.00",4.90,4.9
26/12/2023,ZNCO,"1,443,750,041.28",3.80,3.8
26/12/2023,ZCCM,"160,800,286.00",42.00,42
26/12/2023,ZFCO,"400,000,000.00",2.53,2.53
26/12/2023,BATZ,"212,456,304.00",1.95,1.95
26/12/2023,NATB,"63,000,000.00",4.10,4.1
26/12/2023,PUMA,"500,000,000.00",2.50,2.5
26/12/2023,SHOP,"2,700,000.00",64.00,64
26/12/2023,CCAF,"1,625,000,597.00",0.44,0.44
26/12/2023,PMDZ,"100,000,000.00",0.71,0.71
26/12/2023,ATEL,"104,000,000.00",43.50,43.5
26/12/2023,CECZ,"1,625,000,597.00",7.09,7.09
26/12/2023,ZABR,"546,000,000.00",7.00,7
26/12/2023,MAFS,"50,000,000.00",1.86,1.86
26/12/2023,ZMBF,"300,579,610.00",2.53,2.53
26/12/2023,SCBL,"1,666,980,000.00",1.50,1.5
26/12/2023,ZSUG,"316,571,385.40",35.00,35
26/12/2023,ZMRE,"45,000,000.00",2.80,2.8
26/12/2023,AECI,"20,406,600.00",41.98,41.98
26/12/2023,BATA,"76,107,600.00",3.00,3
26/12/2023,CHIL,"200,039,904.00",13.80,13.8
27/12/2023,REIZ,"56,460,198.00",1.30,1.3
27/12/2023,ZMFA,"27,090,100.00",4.90,4.9
27/12/2023,ZNCO,"1,443,750,041.28",3.80,3.8
27/12/2023,ZCCM,"160,800,286.00",42.00,42
27/12/2023,ZFCO,"400,000,000.00",2.53,2.53
27/12/2023,BATZ,"212,456,304.00",1.95,1.95
27/12/2023,NATB,"63,000,000.00",4.10,4.1
27/12/2023,PUMA,"500,000,000.00",2.50,2.5
27/12/2023,SHOP,"2,700,000.00",64.00,64
27/12/2023,CCAF,"1,625,000,597.00",0.44,0.44
27/12/2023,PMDZ,"100,000,000.00",0.71,0.71
27/12/2023,ATEL,"104,000,000.00",43.50,43.5
27/12/2023,CECZ,"1,625,000,597.00",6.78,7.09
27/12/2023,ZABR,"546,000,000.00",7.00,7
27/12/2023,MAFS,"50,000,000.00",1.86,1.86
27/12/2023,ZMBF,"300,579,610.00",2.53,2.53
27/12/2023,SCBL,"1,666,980,000.00",1.50,1.5
27/12/2023,ZSUG,"316,571,385.40",35.00,35
27/12/2023,ZMRE,"45,000,000.00",2.80,2.8
27/12/2023,AECI,"20,406,600.00",41.98,41.98
27/12/2023,BATA,"76,107,600.00",3.00,3
27/12/2023,CHIL,"200,039,904.00",13.80,13.8
28/12/2023,REIZ,"56,460,198.00",1.30,1.3
28/12/2023,ZMFA,"27,090,100.00",4.90,4.9
28/12/2023,ZNCO,"1,443,750,041.28",3.80,3.8
28/12/2023,ZCCM,"160,800,286.00",42.00,42
28/12/2023,ZFCO,"400,000,000.00",2.53,2.53
28/12/2023,BATZ,"212,456,304.00",1.95,1.95
28/12/2023,NATB,"63,000,000.00",4.10,4.1
28/12/2023,PUMA,"500,000,000.00",2.50,2.5
28/12/2023,SHOP,"2,700,000.00",64.00,64
28/12/2023,CCAF,"1,625,000,597.00",0.44,0.44
28/12/2023,PMDZ,"100,000,000.00",0.71,0.71
28/12/2023,ATEL,"104,000,000.00",43.50,43.5
28/12/2023,CECZ,"1,625,000,597.00",7.09,7.09
28/12/2023,ZABR,"546,000,000.00",7.00,7
28/12/2023,MAFS,"50,000,000.00",1.86,1.86
28/12/2023,ZMBF,"300,579,610.00",2.53,2.53
28/12/2023,SCBL,"1,666,980,000.00",1.50,1.5
28/12/2023,ZSUG,"316,571,385.40",35.00,35
28/12/2023,ZMRE,"45,000,000.00",2.80,2.8
28/12/2023,AECI,"20,406,600.00",41.98,41.98
28/12/2023,BATA,"76,107,600.00",3.00,3
28/12/2023,CHIL,"200,039,904.00",13.80,13.8
29/12/2023,REIZ,"56,460,198.00",1.30,1.3
29/12/2023,ZMFA,"27,090,100.00",4.90,4.9
29/12/2023,ZNCO,"1,443,750,041.28",3.80,3.8
29/12/2023,ZCCM,"160,800,286.00",42.00,42
29/12/2023,ZFCO,"400,000,000.00",2.53,2.53
29/12/2023,BATZ,"212,456,304.00",1.95,1.95
29/12/2023,NATB,"63,000,000.00",4.10,4.1
29/12/2023,PUMA,"500,000,000.00",2.50,2.5
29/12/2023,SHOP,"2,700,000.00",64.00,64
29/12/2023,CCAF,"1,625,000,597.00",0.44,0.44
29/12/2023,PMDZ,"100,000,000.00",0.71,0.71
29/12/2023,ATEL,"104,000,000.00",43.50,43.5
29/12/2023,CECZ,"1,625,000,597.00",7.09,7.09
29/12/2023,ZABR,"546,000,000.00",7.00,7
29/12/2023,MAFS,"50,000,000.00",1.86,1.86
29/12/2023,ZMBF,"300,579,610.00",2.53,2.53
29/12/2023,SCBL,"1,666,980,000.00",1.50,1.5
29/12/2023,ZSUG,"316,571,385.40",35.00,35
29/12/2023,ZMRE,"45,000,000.00",2.80,2.8
29/12/2023,AECI,"20,406,600.00",41.98,41.98
29/12/2023,BATA,"76,107,600.00",3.00,3
29/12/2023,CHIL,"200,039,904.00",13.80,13.8
02/01/2024,REIZ,"56,460,198.00",1.30,1.3
02/01/2024,ZMFA,"27,090,100.00",4.90,4.9
02/01/2024,ZNCO,"1,443,750,041.28",3.80,3.8
02/01/2024,ZCCM,"160,800,286.00",42.00,42
02/01/2024,ZFCO,"400,000,000.00",2.53,2.53
02/01/2024,BATZ,"212,456,304.00",1.95,1.95
02/01/2024,NATB,"63,000,000.00",4.10,4.1
02/01/2024,PUMA,"500,000,000.00",2.50,2.5
02/01/2024,SHOP,"2,700,000.00",64.00,64
02/01/2024,CCAF,"1,625,000,597.00",0.44,0.44
02/01/2024,PMDZ,"100,000,000.00",0.71,0.71
02/01/2024,ATEL,"104,000,000.00",43.50,43.5
02/01/2024,CECZ,"1,625,000,597.00",7.09,7.09
02/01/2024,ZABR,"546,000,000.00",7.00,7
02/01/2024,MAFS,"50,000,000.00",1.86,1.86
02/01/2024,ZMBF,"300,579,610.00",2.53,2.53
02/01/2024,SCBL,"1,666,980,000.00",1.50,1.5
02/01/2024,ZSUG,"316,571,385.40",35.00,35
02/01/2024,ZMRE,"45,000,000.00",2.80,2.8
02/01/2024,AECI,"20,406,600.00",41.98,41.98
02/01/2024,BATA,"76,107,600.00",3.00,3
02/01/2024,CHIL,"200,039,904.00",13.80,13.8
03/01/2024,REIZ,"56,460,198.00",1.30,1.3
03/01/2024,ZMFA,"27,090,100.00",4.90,4.9
03/01/2024,ZNCO,"1,443,750,041.28",3.80,3.8
03/01/2024,ZCCM,"160,800,286.00",42.00,42
03/01/2024,ZFCO,"400,000,000.00",2.53,2.53
03/01/2024,BATZ,"212,456,304.00",1.95,1.95
03/01/2024,NATB,"63,000,000.00",4.10,4.1
03/01/2024,PUMA,"500,000,000.00",2.50,2.5
03/01/2024,SHOP,"2,700,000.00",64.00,64
03/01/2024,CCAF,"1,625,000,597.00",0.44,0.44
03/01/2024,PMDZ,"100,000,000.00",0.71,0.71
03/01/2024,ATEL,"104,000,000.00",43.50,43.5
03/01/2024,CECZ,"1,625,000,597.00",7.09,7.09
03/01/2024,ZABR,"546,000,000.00",7.00,7
03/01/2024,MAFS,"50,000,000.00",1.86,1.86
03/01/2024,ZMBF,"300,579,610.00",2.53,2.53
03/01/2024,SCBL,"1,666,980,000.00",1.50,1.5
03/01/2024,ZSUG,"316,571,385.40",35.00,35
03/01/2024,ZMRE,"45,000,000.00",2.80,2.8
03/01/2024,AECI,"20,406,600.00",41.98,41.98
03/01/2024,BATA,"76,107,600.00",3.00,3
03/01/2024,CHIL,"200,039,904.00",13.80,13.8
04/01/2024,REIZ,"56,460,198.00",1.30,1.3
04/01/2024,ZMFA,"27,090,100.00",4.90,4.9
04/01/2024,ZNCO,"1,443,750,041.28",3.80,3.8
04/01/2024,ZCCM,"160,800,286.00",42.00,42
04/01/2024,ZFCO,"400,000,000.00",2.53,2.53
04/01/2024,BATZ,"212,456,304.00",1.95,1.95
04/01/2024,NATB,"63,000,000.00",4.10,4.1
04/01/2024,PUMA,"500,000,000.00",2.50,2.5
04/01/2024,SHOP,"2,700,000.00",64.00,64
04/01/2024,CCAF,"1,625,000,597.00",0.44,0.44
04/01/2024,PMDZ,"100,000,000.00",0.71,0.71
04/01/2024,ATEL,"104,000,000.00",43.50,43.5
04/01/2024,CECZ,"1,625,000,597.00",7.09,7.09
04/01/2024,ZABR,"546,000,000.00",7.00,7
04/01/2024,MAFS,"50,000,000.00",1.86,1.86
04/01/2024,ZMBF,"300,579,610.00",2.53,2.52
04/01/2024,SCBL,"1,666,980,000.00",1.50,1.5
04/01/2024,ZSUG,"316,571,385.40",35.00,35
04/01/2024,ZMRE,"45,000,000.00",2.80,2.8
04/01/2024,AECI,"20,406,600.00",41.98,41.98
04/01/2024,BATA,"76,107,600.00",3.00,3
04/01/2024,CHIL,"200,039,904.00",13.80,13.8
05/01/2024,REIZ,"56,460,198.00",1.30,1.3
05/01/2024,ZMFA,"27,090,100.00",4.90,4.9
05/01/2024,ZNCO,"1,443,750,041.28",3.80,3.8
05/01/2024,ZCCM,"160,800,286.00",42.00,42
05/01/2024,ZFCO,"400,000,000.00",2.53,2.53
05/01/2024,BATZ,"212,456,304.00",1.95,1.95
05/01/2024,NATB,"63,000,000.00",4.10,4.1
05/01/2024,PUMA,"500,000,000.00",2.50,2.5
05/01/2024,SHOP,"2,700,000.00",64.00,64
05/01/2024,CCAF,"1,625,000,597.00",0.44,0.44
05/01/2024,PMDZ,"100,000,000.00",0.71,0.71
05/01/2024,ATEL,"104,000,000.00",43.50,43.3
05/01/2024,CECZ,"1,625,000,597.00",7.09,7.09
05/01/2024,ZABR,"546,000,000.00",7.00,7
05/01/2024,MAFS,"50,000,000.00",1.86,1.86
05/01/2024,ZMBF,"300,579,610.00",2.52,2.52
05/01/2024,SCBL,"1,666,980,000.00",1.50,1.5
05/01/2024,ZSUG,"316,571,385.40",35.00,35
05/01/2024,ZMRE,"45,000,000.00",2.80,2.8
05/01/2024,AECI,"20,406,600.00",41.98,41.98
05/01/2024,BATA,"76,107,600.00",3.00,3
05/01/2024,CHIL,"200,039,904.00",13.80,13.8
08/01/2024,REIZ,"56,460,198.00",1.30,1.3
08/01/2024,ZMFA,"27,090,100.00",4.90,4.9
08/01/2024,ZNCO,"1,443,750,041.28",3.80,3.8
08/01/2024,ZCCM,"160,800,286.00",42.00,42
08/01/2024,ZFCO,"400,000,000.00",2.53,2.53
08/01/2024,BATZ,"212,456,304.00",1.95,1.95
08/01/2024,NATB,"63,000,000.00",4.10,4.1
08/01/2024,PUMA,"500,000,000.00",2.50,2.5
08/01/2024,SHOP,"2,700,000.00",64.00,64
08/01/2024,CCAF,"1,625,000,597.00",0.44,0.44
08/01/2024,PMDZ,"100,000,000.00",0.71,0.71
08/01/2024,ATEL,"104,000,000.00",43.30,43.3
08/01/2024,CECZ,"1,625,000,597.00",7.09,7.09
08/01/2024,ZABR,"546,000,000.00",7.00,7
08/01/2024,MAFS,"50,000,000.00",1.86,1.86
08/01/2024,ZMBF,"300,579,610.00",2.52,2.53
08/01/2024,SCBL,"1,666,980,000.00",1.50,1.5
08/01/2024,ZSUG,"316,571,385.40",35.00,35
08/01/2024,ZMRE,"45,000,000.00",2.80,2.8
08/01/2024,AECI,"20,406,600.00",41.98,41.98
08/01/2024,BATA,"76,107,600.00",3.00,3
08/01/2024,CHIL,"200,039,904.00",13.80,13.8
09/01/2024,REIZ,"56,460,198.00",1.30,1.3
09/01/2024,ZMFA,"27,090,100.00",4.90,4.9
09/01/2024,ZNCO,"1,443,750,041.28",3.80,3.8
09/01/2024,ZCCM,"160,800,286.00",42.00,42
09/01/2024,ZFCO,"400,000,000.00",2.53,2.53
09/01/2024,BATZ,"212,456,304.00",1.95,1.95
09/01/2024,NATB,"63,000,000.00",4.10,4.1
09/01/2024,PUMA,"500,000,000.00",2.50,2.5
09/01/2024,SHOP,"2,700,000.00",64.00,64
09/01/2024,CCAF,"1,625,000,597.00",0.44,0.44
09/01/2024,PMDZ,"100,000,000.00",0.71,0.71
09/01/2024,ATEL,"104,000,000.00",43.30,43.3
09/01/2024,CECZ,"1,625,000,597.00",7.09,7.09
09/01/2024,ZABR,"546,000,000.00",7.00,7
09/01/2024,MAFS,"50,000,000.00",1.86,1.86
09/01/2024,ZMBF,"300,579,610.00",2.52,2.52
09/01/2024,SCBL,"1,666,980,000.00",1.50,1.6
09/01/2024,ZSUG,"316,571,385.40",35.00,35
09/01/2024,ZMRE,"45,000,000.00",2.80,2.8
09/01/2024,AECI,"20,406,600.00",41.98,41.98
09/01/2024,BATA,"76,107,600.00",3.00,3
09/01/2024,CHIL,"200,039,904.00",13.80,13.8
10/01/2024,REIZ,"56,460,198.00",1.30,1.3
10/01/2024,ZMFA,"27,090,100.00",4.90,4.9
10/01/2024,ZNCO,"1,443,750,041.28",3.80,3.8
10/01/2024,ZCCM,"160,800,286.00",42.00,42
10/01/2024,ZFCO,"400,000,000.00",2.53,2.53
10/01/2024,BATZ,"212,456,304.00",1.95,1.95
10/01/2024,NATB,"63,000,000.00",4.10,4.1
10/01/2024,PUMA,"500,000,000.00",2.50,2.5
10/01/2024,SHOP,"2,700,000.00",64.00,64
10/01/2024,CCAF,"1,625,000,597.00",0.44,0.44
10/01/2024,PMDZ,"100,000,000.00",0.71,0.71
10/01/2024,ATEL,"104,000,000.00",43.30,43.3
10/01/2024,CECZ,"1,625,000,597.00",7.09,7.09
10/01/2024,ZABR,"546,000,000.00",7.00,7
10/01/2024,MAFS,"50,000,000.00",1.86,1.86
10/01/2024,ZMBF,"300,579,610.00",2.52,2.52
10/01/2024,SCBL,"1,666,980,000.00",1.57,1.6
10/01/2024,ZSUG,"316,571,385.40",35.00,35
10/01/2024,ZMRE,"45,000,000.00",2.80,2.8
10/01/2024,AECI,"20,406,600.00",41.98,41.98
10/01/2024,BATA,"76,107,600.00",3.00,3
10/01/2024,CHIL,"200,039,904.00",13.80,13.8
11/01/2024,REIZ,"56,460,198.00",1.30,1.3
11/01/2024,ZMFA,"27,090,100.00",4.90,4.9
11/01/2024,ZNCO,"1,443,750,041.28",3.80,3.95
11/01/2024,ZCCM,"160,800,286.00",42.00,42
11/01/2024,ZFCO,"400,000,000.00",2.53,2.53
11/01/2024,BATZ,"212,456,304.00",1.95,1.95
11/01/2024,NATB,"63,000,000.00",4.10,4.1
11/01/2024,PUMA,"500,000,000.00",2.50,2.5
11/01/2024,SHOP,"2,700,000.00",64.00,64
11/01/2024,CCAF,"1,625,000,597.00",0.44,0.44
11/01/2024,PMDZ,"100,000,000.00",0.71,0.8
11/01/2024,ATEL,"104,000,000.00",43.30,43.3
11/01/2024,CECZ,"1,625,000,597.00",7.07,7.07
11/01/2024,ZABR,"546,000,000.00",7.00,7
11/01/2024,MAFS,"50,000,000.00",1.86,1.86
11/01/2024,ZMBF,"300,579,610.00",2.52,2.51
11/01/2024,SCBL,"1,666,980,000.00",1.60,1.6
11/01/2024,ZSUG,"316,571,385.40",35.00,35
11/01/2024,ZMRE,"45,000,000.00",2.80,2.8
11/01/2024,AECI,"20,406,600.00",41.98,41.98
11/01/2024,BATA,"76,107,600.00",3.00,3
11/01/2024,CHIL,"200,039,904.00",13.80,13.8
12/01/2024,REIZ,"56,460,198.00",1.30,1.3
12/01/2024,ZMFA,"27,090,100.00",4.90,4.9
12/01/2024,ZNCO,"1,443,750,041.28",3.95,3.95
12/01/2024,ZCCM,"160,800,286.00",42.00,42
12/01/2024,ZFCO,"400,000,000.00",2.53,2.53
12/01/2024,BATZ,"212,456,304.00",1.95,1.95
12/01/2024,NATB,"63,000,000.00",4.10,4.1
12/01/2024,PUMA,"500,000,000.00",2.50,2.5
12/01/2024,SHOP,"2,700,000.00",64.00,64
12/01/2024,CCAF,"1,625,000,597.00",0.44,0.44
12/01/2024,PMDZ,"100,000,000.00",0.80,0.8
12/01/2024,ATEL,"104,000,000.00",43.30,43.3
12/01/2024,CECZ,"1,625,000,597.00",7.07,7.07
12/01/2024,ZABR,"546,000,000.00",7.00,7
12/01/2024,MAFS,"50,000,000.00",1.86,1.86
12/01/2024,ZMBF,"300,579,610.00",2.51,2.51
12/01/2024,SCBL,"1,666,980,000.00",1.60,1.5
12/01/2024,ZSUG,"316,571,385.40",35.00,35
12/01/2024,ZMRE,"45,000,000.00",2.80,2.8
12/01/2024,AECI,"20,406,600.00",41.98,41.98
12/01/2024,BATA,"76,107,600.00",3.00,3
12/01/2024,CHIL,"200,039,904.00",13.80,13.8
15/01/2024,REIZ,"56,460,198.00",1.30,1.31
15/01/2024,ZMFA,"27,090,100.00",4.90,4.9
15/01/2024,ZNCO,"1,443,750,041.28",3.95,3.95
15/01/2024,ZCCM,"160,800,286.00",42.00,42
15/01/2024,ZFCO,"400,000,000.00",2.53,2.53
15/01/2024,BATZ,"212,456,304.00",1.95,1.95
15/01/2024,NATB,"63,000,000.00",4.10,4.1
15/01/2024,PUMA,"500,000,000.00",2.50,2.5
15/01/2024,SHOP,"2,700,000.00",64.00,64
15/01/2024,CCAF,"1,625,000,597.00",0.44,0.44
15/01/2024,PMDZ,"100,000,000.00",0.80,0.8
15/01/2024,ATEL,"104,000,000.00",43.30,43.3
15/01/2024,CECZ,"1,625,000,597.00",7.07,7.07
15/01/2024,ZABR,"546,000,000.00",7.00,7
15/01/2024,MAFS,"50,000,000.00",1.86,1.86
15/01/2024,ZMBF,"300,579,610.00",2.51,2.51
15/01/2024,SCBL,"1,666,980,000.00",1.55,1.6
15/01/2024,ZSUG,"316,571,385.40",35.00,35
15/01/2024,ZMRE,"45,000,000.00",2.80,2.8
15/01/2024,AECI,"20,406,600.00",41.98,41.98
15/01/2024,BATA,"76,107,600.00",3.00,3
15/01/2024,CHIL,"200,039,904.00",13.80,13.8
16/01/2024,REIZ,"56,460,198.00",1.31,1.31
16/01/2024,ZMFA,"27,090,100.00",4.90,4.9
16/01/2024,ZNCO,"1,443,750,041.28",3.95,3.95
16/01/2024,ZCCM,"160,800,286.00",42.00,42
16/01/2024,ZFCO,"400,000,000.00",2.53,2.53
16/01/2024,BATZ,"212,456,304.00",1.95,1.95
16/01/2024,NATB,"63,000,000.00",4.10,4.1
16/01/2024,PUMA,"500,000,000.00",2.50,2.5
16/01/2024,SHOP,"2,700,000.00",64.00,64
16/01/2024,CCAF,"1,625,000,597.00",0.44,0.44
16/01/2024,PMDZ,"100,000,000.00",0.80,0.8
16/01/2024,ATEL,"104,000,000.00",43.30,43.3
16/01/2024,CECZ,"1,625,000,597.00",7.07,7.06
16/01/2024,ZABR,"546,000,000.00",7.00,7
16/01/2024,MAFS,"50,000,000.00",1.86,1.86
16/01/2024,ZMBF,"300,579,610.00",2.51,2.51
16/01/2024,SCBL,"1,666,980,000.00",1.60,1.6
16/01/2024,ZSUG,"316,571,385.40",35.00,35
16/01/2024,ZMRE,"45,000,000.00",2.80,2.8
16/01/2024,AECI,"20,406,600.00",41.98,41.98
16/01/2024,BATA,"76,107,600.00",3.00,3
16/01/2024,CHIL,"200,039,904.00",13.80,13.8
17/01/2024,REIZ,"56,460,198.00",1.31,1.31
17/01/2024,ZMFA,"27,090,100.00",4.97,4.97
17/01/2024,ZNCO,"1,443,750,041.28",3.95,3.95
17/01/2024,ZCCM,"160,800,286.00",42.00,42
17/01/2024,ZFCO,"400,000,000.00",2.53,2.53
17/01/2024,BATZ,"212,456,304.00",1.95,1.95
17/01/2024,NATB,"63,000,000.00",4.10,4.1
17/01/2024,PUMA,"500,000,000.00",2.50,2.5
17/01/2024,SHOP,"2,700,000.00",64.00,64
17/01/2024,CCAF,"1,625,000,597.00",0.44,0.44
17/01/2024,PMDZ,"100,000,000.00",0.80,0.8
17/01/2024,ATEL,"104,000,000.00",43.30,43.3
17/01/2024,CECZ,"1,625,000,597.00",7.05,7.05
17/01/2024,ZABR,"546,000,000.00",7.00,7
17/01/2024,MAFS,"50,000,000.00",1.86,1.86
17/01/2024,ZMBF,"300,579,610.00",2.51,2.51
17/01/2024,SCBL,"1,666,980,000.00",1.60,1.6
17/01/2024,ZSUG,"316,571,385.40",35.00,35
17/01/2024,ZMRE,"45,000,000.00",2.80,2.8
17/01/2024,AECI,"20,406,600.00",41.98,41.98
17/01/2024,BATA,"76,107,600.00",3.00,3
17/01/2024,CHIL,"200,039,904.00",13.80,13.8
18/01/2024,REIZ,"56,460,198.00",1.31,1.31
18/01/2024,ZMFA,"27,090,100.00",4.97,4.97
18/01/2024,ZNCO,"1,443,750,041.28",3.95,3.95
18/01/2024,ZCCM,"160,800,286.00",42.00,42
18/01/2024,ZFCO,"400,000,000.00",2.53,2.53
18/01/2024,BATZ,"212,456,304.00",1.95,1.95
18/01/2024,NATB,"63,000,000.00",4.10,4.1
18/01/2024,PUMA,"500,000,000.00",2.50,2.5
18/01/2024,SHOP,"2,700,000.00",64.00,64
18/01/2024,CCAF,"1,625,000,597.00",0.44,0.44
18/01/2024,PMDZ,"100,000,000.00",0.80,0.8
18/01/2024,ATEL,"104,000,000.00",43.30,43.3
18/01/2024,CECZ,"1,625,000,597.00",7.05,7.05
18/01/2024,ZABR,"546,000,000.00",7.00,7
18/01/2024,MAFS,"50,000,000.00",1.86,1.86
18/01/2024,ZMBF,"300,579,610.00",2.51,2.51
18/01/2024,SCBL,"1,666,980,000.00",1.60,1.6
18/01/2024,ZSUG,"316,571,385.40",35.00,35
18/01/2024,ZMRE,"45,000,000.00",2.80,2.8
18/01/2024,AECI,"20,406,600.00",41.98,41.98
18/01/2024,BATA,"76,107,600.00",3.00,3
18/01/2024,CHIL,"200,039,904.00",13.80,13.8
19/01/2024,REIZ,"56,460,198.00",1.31,1.31
19/01/2024,ZMFA,"27,090,100.00",4.97,4.97
19/01/2024,ZNCO,"1,443,750,041.28",3.95,3.95
19/01/2024,ZCCM,"160,800,286.00",42.00,42
19/01/2024,ZFCO,"400,000,000.00",2.53,2.53
19/01/2024,BATZ,"212,456,304.00",1.95,1.95
19/01/2024,NATB,"63,000,000.00",4.10,4.1
19/01/2024,PUMA,"500,000,000.00",2.50,2.5
19/01/2024,SHOP,"2,700,000.00",64.00,64
19/01/2024,CCAF,"1,625,000,597.00",0.44,0.44
19/01/2024,PMDZ,"100,000,000.00",0.80,0.8
19/01/2024,ATEL,"104,000,000.00",43.30,43.3
19/01/2024,CECZ,"1,625,000,597.00",7.05,7.05
19/01/2024,ZABR,"546,000,000.00",7.00,7
19/01/2024,MAFS,"50,000,000.00",1.86,1.86
19/01/2024,ZMBF,"300,579,610.00",2.51,2.51
19/01/2024,SCBL,"1,666,980,000.00",1.60,1.6
19/01/2024,ZSUG,"316,571,385.40",35.00,35
19/01/2024,ZMRE,"45,000,000.00",2.80,2.8
19/01/2024,AECI,"20,406,600.00",41.98,41.98
19/01/2024,BATA,"76,107,600.00",3.00,3
19/01/2024,CHIL,"200,039,904.00",13.80,13.8
22/01/2024,REIZ,"56,460,198.00",1.31,1.31
22/01/2024,ZMFA,"27,090,100.00",4.97,4.97
22/01/2024,ZNCO,"1,443,750,041.28",3.95,3.95
22/01/2024,ZCCM,"160,800,286.00",42.00,42
22/01/2024,ZFCO,"400,000,000.00",2.53,2.53
22/01/2024,BATZ,"212,456,304.00",1.95,1.95
22/01/2024,NATB,"63,000,000.00",4.10,4.1
22/01/2024,PUMA,"500,000,000.00",2.50,2.5
22/01/2024,SHOP,"2,700,000.00",64.00,64
22/01/2024,CCAF,"1,625,000,597.00",0.44,0.44
22/01/2024,PMDZ,"100,000,000.00",0.80,0.8
22/01/2024,ATEL,"104,000,000.00",43.30,43.3
22/01/2024,CECZ,"1,625,000,597.00",7.05,7.03
22/01/2024,ZABR,"546,000,000.00",7.00,7
22/01/2024,MAFS,"50,000,000.00",1.86,1.86
22/01/2024,ZMBF,"300,579,610.00",2.51,2.51
22/01/2024,SCBL,"1,666,980,000.00",1.60,1.6
22/01/2024,ZSUG,"316,571,385.40",35.00,35
22/01/2024,ZMRE,"45,000,000.00",2.80,2.8
22/01/2024,AECI,"20,406,600.00",41.98,41.98
22/01/2024,BATA,"76,107,600.00",3.00,3
22/01/2024,CHIL,"200,039,904.00",13.80,13.8
23/01/2024,REIZ,"56,460,198.00",1.31,1.31
23/01/2024,ZMFA,"27,090,100.00",4.97,4.97
23/01/2024,ZNCO,"1,443,750,041.28",3.95,4
23/01/2024,ZCCM,"160,800,286.00",42.00,42
23/01/2024,ZFCO,"400,000,000.00",2.53,2.53
23/01/2024,BATZ,"212,456,304.00",1.95,1.95
23/01/2024,NATB,"63,000,000.00",4.10,4.1
23/01/2024,PUMA,"500,000,000.00",2.50,2.5
23/01/2024,SHOP,"2,700,000.00",64.00,64
23/01/2024,CCAF,"1,625,000,597.00",0.44,0.44
23/01/2024,PMDZ,"100,000,000.00",0.80,0.8
23/01/2024,ATEL,"104,000,000.00",43.30,43.5
23/01/2024,CECZ,"1,625,000,597.00",7.03,7.02
23/01/2024,ZABR,"546,000,000.00",7.00,7
23/01/2024,MAFS,"50,000,000.00",1.86,1.86
23/01/2024,ZMBF,"300,579,610.00",2.51,2.45
23/01/2024,SCBL,"1,666,980,000.00",1.60,1.6
23/01/2024,ZSUG,"316,571,385.40",35.00,35
23/01/2024,ZMRE,"45,000,000.00",2.80,2.8
23/01/2024,AECI,"20,406,600.00",41.98,41.98
23/01/2024,BATA,"76,107,600.00",3.00,3
23/01/2024,CHIL,"200,039,904.00",13.80,13.8
24/01/2024,REIZ,"56,460,198.00",1.31,1.31
24/01/2024,ZMFA,"27,090,100.00",4.97,4.97
24/01/2024,ZNCO,"1,443,750,041.28",4.02,4
24/01/2024,ZCCM,"160,800,286.00",42.00,42
24/01/2024,ZFCO,"400,000,000.00",2.53,2.53
24/01/2024,BATZ,"212,456,304.00",1.95,1.95
24/01/2024,NATB,"63,000,000.00",4.10,4.1
24/01/2024,PUMA,"500,000,000.00",2.50,2.5
24/01/2024,SHOP,"2,700,000.00",64.00,64
24/01/2024,CCAF,"1,625,000,597.00",0.44,0.44
24/01/2024,PMDZ,"100,000,000.00",0.80,0.8
24/01/2024,ATEL,"104,000,000.00",43.50,43.5
24/01/2024,CECZ,"1,625,000,597.00",7.02,7.05
24/01/2024,ZABR,"546,000,000.00",7.00,7
24/01/2024,MAFS,"50,000,000.00",1.86,1.86
24/01/2024,ZMBF,"300,579,610.00",2.45,2.51
24/01/2024,SCBL,"1,666,980,000.00",1.60,1.65
24/01/2024,ZSUG,"316,571,385.40",35.00,35
24/01/2024,ZMRE,"45,000,000.00",2.80,2.8
24/01/2024,AECI,"20,406,600.00",41.98,41.8
24/01/2024,BATA,"76,107,600.00",3.00,3
24/01/2024,CHIL,"200,039,904.00",13.80,13.7
25/01/2024,REIZ,"56,460,198.00",1.31,1.31
25/01/2024,ZMFA,"27,090,100.00",4.97,4.97
25/01/2024,ZNCO,"1,443,750,041.28",4.01,4.01
25/01/2024,ZCCM,"160,800,286.00",42.00,42
25/01/2024,ZFCO,"400,000,000.00",2.53,2.53
25/01/2024,BATZ,"212,456,304.00",1.95,1.95
25/01/2024,NATB,"63,000,000.00",4.10,4.1
25/01/2024,PUMA,"500,000,000.00",2.50,2.55
25/01/2024,SHOP,"2,700,000.00",64.00,64
25/01/2024,CCAF,"1,625,000,597.00",0.44,0.44
25/01/2024,PMDZ,"100,000,000.00",0.80,0.8
25/01/2024,ATEL,"104,000,000.00",43.50,43.5
25/01/2024,CECZ,"1,625,000,597.00",7.05,7.05
25/01/2024,ZABR,"546,000,000.00",7.00,7
25/01/2024,MAFS,"50,000,000.00",1.86,1.86
25/01/2024,ZMBF,"300,579,610.00",2.46,2.51
25/01/2024,SCBL,"1,666,980,000.00",1.65,1.65
25/01/2024,ZSUG,"316,571,385.40",35.00,35
25/01/2024,ZMRE,"45,000,000.00",2.80,2.8
25/01/2024,AECI,"20,406,600.00",41.80,41.8
25/01/2024,BATA,"76,107,600.00",3.00,3
25/01/2024,CHIL,"200,039,904.00",13.70,13.7
26/01/2024,REIZ,"56,460,198.00",1.31,1.31
26/01/2024,ZMFA,"27,090,100.00",4.97,4.97
26/01/2024,ZNCO,"1,443,750,041.28",4.01,4.01
26/01/2024,ZCCM,"160,800,286.00",42.00,42
26/01/2024,ZFCO,"400,000,000.00",2.53,2.53
26/01/2024,BATZ,"212,456,304.00",1.95,1.95
26/01/2024,NATB,"63,000,000.00",4.10,4.1
26/01/2024,PUMA,"500,000,000.00",2.55,2.55
26/01/2024,SHOP,"2,700,000.00",64.00,64
26/01/2024,CCAF,"1,625,000,597.00",0.44,0.44
26/01/2024,PMDZ,"100,000,000.00",0.80,0.8
26/01/2024,ATEL,"104,000,000.00",43.50,43.5
26/01/2024,CECZ,"1,625,000,597.00",7.05,7.05
26/01/2024,ZABR,"546,000,000.00",7.00,7
26/01/2024,MAFS,"50,000,000.00",1.86,1.86
26/01/2024,ZMBF,"300,579,610.00",2.51,2.51
26/01/2024,SCBL,"1,666,980,000.00",1.65,1.65
26/01/2024,ZSUG,"316,571,385.40",35.00,35
26/01/2024,ZMRE,"45,000,000.00",2.80,2.8
26/01/2024,AECI,"20,406,600.00",41.80,41.8
26/01/2024,BATA,"76,107,600.00",3.00,3
26/01/2024,CHIL,"200,039,904.00",13.70,13.8
29/01/2024,REIZ,"56,460,198.00",1.31,1.31
29/01/2024,ZMFA,"27,090,100.00",4.97,4.97
29/01/2024,ZNCO,"1,443,750,041.28",4.05,4.05
29/01/2024,ZCCM,"160,800,286.00",42.00,42
29/01/2024,ZFCO,"400,000,000.00",2.53,2.53
29/01/2024,BATZ,"212,456,304.00",1.95,1.95
29/01/2024,NATB,"63,000,000.00",4.10,4.1
29/01/2024,PUMA,"500,000,000.00",2.55,2.55
29/01/2024,SHOP,"2,700,000.00",64.00,64
29/01/2024,CCAF,"1,625,000,597.00",0.44,0.44
29/01/2024,PMDZ,"100,000,000.00",0.80,0.8
29/01/2024,ATEL,"104,000,000.00",43.50,43.5
29/01/2024,CECZ,"1,625,000,597.00",7.05,7.05
29/01/2024,ZABR,"546,000,000.00",7.00,7
29/01/2024,MAFS,"50,000,000.00",1.86,1.86
29/01/2024,ZMBF,"300,579,610.00",2.51,2.51
29/01/2024,SCBL,"1,666,980,000.00",1.65,1.65
29/01/2024,ZSUG,"316,571,385.40",35.00,35
29/01/2024,ZMRE,"45,000,000.00",2.80,2.8
29/01/2024,AECI,"20,406,600.00",41.80,41.8
29/01/2024,BATA,"76,107,600.00",3.00,3
29/01/2024,CHIL,"200,039,904.00",13.70,13.7
30/01/2024,REIZ,"56,460,198.00",1.31,1.31
30/01/2024,ZMFA,"27,090,100.00",4.97,4.97
30/01/2024,ZNCO,"1,443,750,041.28",4.05,4.05
30/01/2024,ZCCM,"160,800,286.00",42.00,42
30/01/2024,ZFCO,"400,000,000.00",2.53,2.53
30/01/2024,BATZ,"212,456,304.00",1.95,1.95
30/01/2024,NATB,"63,000,000.00",4.10,4.1
30/01/2024,PUMA,"500,000,000.00",2.55,2.55
30/01/2024,SHOP,"2,700,000.00",64.00,64
30/01/2024,CCAF,"1,625,000,597.00",0.44,0.44
30/01/2024,PMDZ,"100,000,000.00",0.80,0.8
30/01/2024,ATEL,"104,000,000.00",43.50,43.5
30/01/2024,CECZ,"1,625,000,597.00",7.05,7.06
30/01/2024,ZABR,"546,000,000.00",7.00,7
30/01/2024,MAFS,"50,000,000.00",1.86,1.86
30/01/2024,ZMBF,"300,579,610.00",2.51,2.51
30/01/2024,SCBL,"1,666,980,000.00",1.65,1.65
30/01/2024,ZSUG,"316,571,385.40",35.00,37.51
30/01/2024,ZMRE,"45,000,000.00",2.80,2.8
30/01/2024,AECI,"20,406,600.00",41.80,41.8
30/01/2024,BATA,"76,107,600.00",3.00,3.16
30/01/2024,CHIL,"200,039,904.00",13.70,13.8
31/01/2024,REIZ,"56,460,198.00",1.31,1.31
31/01/2024,ZMFA,"27,090,100.00",4.97,5
31/01/2024,ZNCO,"1,443,750,041.28",4.05,4.05
31/01/2024,ZCCM,"160,800,286.00",42.00,42
31/01/2024,ZFCO,"400,000,000.00",2.53,2.53
31/01/2024,BATZ,"212,456,304.00",1.95,1.95
31/01/2024,NATB,"63,000,000.00",4.10,4.1
31/01/2024,PUMA,"500,000,000.00",2.55,2.55
31/01/2024,SHOP,"2,700,000.00",64.00,64
31/01/2024,CCAF,"1,625,000,597.00",0.44,0.44
31/01/2024,PMDZ,"100,000,000.00",0.80,0.8
31/01/2024,ATEL,"104,000,000.00",43.50,43.5
31/01/2024,CECZ,"1,625,000,597.00",7.06,7.06
31/01/2024,ZABR,"546,000,000.00",7.00,7
31/01/2024,MAFS,"50,000,000.00",1.86,1.86
31/01/2024,ZMBF,"300,579,610.00",2.51,2.51
31/01/2024,SCBL,"1,666,980,000.00",1.65,1.65
31/01/2024,ZSUG,"316,571,385.40",37.51,37.51
31/01/2024,ZMRE,"45,000,000.00",2.80,2.8
31/01/2024,AECI,"20,406,600.00",41.80,41.8
31/01/2024,BATA,"76,107,600.00",3.16,3.16
31/01/2024,CHIL,"200,039,904.00",13.80,13.8
01/02/2024,REIZ,"56,460,198.00",1.31,1.31
01/02/2024,ZMFA,"27,090,100.00",5.00,5
01/02/2024,ZNCO,"1,443,750,041.28",4.05,4.05
01/02/2024,ZCCM,"160,800,286.00",42.00,42
01/02/2024,ZFCO,"400,000,000.00",2.53,2.53
01/02/2024,BATZ,"212,456,304.00",1.95,2.15
01/02/2024,NATB,"63,000,000.00",4.10,4.1
01/02/2024,PUMA,"500,000,000.00",2.55,2.5
01/02/2024,SHOP,"2,700,000.00",64.00,64
01/02/2024,CCAF,"1,625,000,597.00",0.44,0.44
01/02/2024,PMDZ,"100,000,000.00",0.80,0.8
01/02/2024,ATEL,"104,000,000.00",43.50,43.5
01/02/2024,CECZ,"1,625,000,597.00",7.13,7.13
01/02/2024,ZABR,"546,000,000.00",7.00,7
01/02/2024,MAFS,"50,000,000.00",1.86,1.86
01/02/2024,ZMBF,"300,579,610.00",2.51,2.46
01/02/2024,SCBL,"1,666,980,000.00",1.65,1.65
01/02/2024,ZSUG,"316,571,385.40",37.51,37.51
01/02/2024,ZMRE,"45,000,000.00",2.80,2.8
01/02/2024,AECI,"20,406,600.00",41.80,41.8
01/02/2024,BATA,"76,107,600.00",3.16,3.16
01/02/2024,CHIL,"200,039,904.00",13.80,13.8
02/02/2024,REIZ,"56,460,198.00",1.35,1.35
02/02/2024,ZMFA,"27,090,100.00",5.00,5
02/02/2024,ZNCO,"1,443,750,041.28",4.10,4.05
02/02/2024,ZCCM,"160,800,286.00",42.00,42
02/02/2024,ZFCO,"400,000,000.00",2.53,2.53
02/02/2024,BATZ,"212,456,304.00",2.15,2.15
02/02/2024,NATB,"63,000,000.00",4.10,4.1
02/02/2024,PUMA,"500,000,000.00",2.61,2.61
02/02/2024,SHOP,"2,700,000.00",64.00,64
02/02/2024,CCAF,"1,625,000,597.00",0.44,0.44
02/02/2024,PMDZ,"100,000,000.00",0.80,0.8
02/02/2024,ATEL,"104,000,000.00",43.67,43.67
02/02/2024,CECZ,"1,625,000,597.00",7.13,7.13
02/02/2024,ZABR,"546,000,000.00",7.00,7
02/02/2024,MAFS,"50,000,000.00",1.86,1.86
02/02/2024,ZMBF,"300,579,610.00",2.48,2.46
02/02/2024,SCBL,"1,666,980,000.00",1.65,1.65
02/02/2024,ZSUG,"316,571,385.40",37.51,37.51
02/02/2024,ZMRE,"45,000,000.00",2.80,2.8
02/02/2024,AECI,"20,406,600.00",41.80,41.8
02/02/2024,BATA,"76,107,600.00",3.16,3.16
02/02/2024,CHIL,"200,039,904.00",13.80,13.8
05/02/2024,REIZ,"56,460,198.00",1.35,1.35
05/02/2024,ZMFA,"27,090,100.00",5.00,5
05/02/2024,ZNCO,"1,443,750,041.28",4.07,4.07
05/02/2024,ZCCM,"160,800,286.00",42.00,42
05/02/2024,ZFCO,"400,000,000.00",2.53,2.53
05/02/2024,BATZ,"212,456,304.00",2.15,2.15
05/02/2024,NATB,"63,000,000.00",4.10,4.1
05/02/2024,PUMA,"500,000,000.00",2.61,2.8
05/02/2024,SHOP,"2,700,000.00",64.00,64
05/02/2024,CCAF,"1,625,000,597.00",0.44,0.44
05/02/2024,PMDZ,"100,000,000.00",0.80,0.8
05/02/2024,ATEL,"104,000,000.00",43.67,43.67
05/02/2024,CECZ,"1,625,000,597.00",7.13,7.13
05/02/2024,ZABR,"546,000,000.00",7.00,7
05/02/2024,MAFS,"50,000,000.00",1.86,1.86
05/02/2024,ZMBF,"300,579,610.00",2.46,2.46
05/02/2024,SCBL,"1,666,980,000.00",1.65,1.67
05/02/2024,ZSUG,"316,571,385.40",37.51,37.51
05/02/2024,ZMRE,"45,000,000.00",2.80,2.8
05/02/2024,AECI,"20,406,600.00",41.80,41.8
05/02/2024,BATA,"76,107,600.00",3.16,3.16
05/02/2024,CHIL,"200,039,904.00",13.80,13.8
06/02/2024,REIZ,"56,460,198.00",1.35,1.35
06/02/2024,ZMFA,"27,090,100.00",5.00,5
06/02/2024,ZNCO,"1,443,750,041.28",4.07,4.1
06/02/2024,ZCCM,"160,800,286.00",42.00,42
06/02/2024,ZFCO,"400,000,000.00",2.53,2.53
06/02/2024,BATZ,"212,456,304.00",2.15,2.15
06/02/2024,NATB,"63,000,000.00",4.10,4.1
06/02/2024,PUMA,"500,000,000.00",2.61,2.8
06/02/2024,SHOP,"2,700,000.00",64.00,64
06/02/2024,CCAF,"1,625,000,597.00",0.44,0.44
06/02/2024,PMDZ,"100,000,000.00",0.80,0.8
06/02/2024,ATEL,"104,000,000.00",43.67,43.67
06/02/2024,CECZ,"1,625,000,597.00",7.14,7.5
06/02/2024,ZABR,"546,000,000.00",7.00,7
06/02/2024,MAFS,"50,000,000.00",1.86,1.86
06/02/2024,ZMBF,"300,579,610.00",2.46,2.46
06/02/2024,SCBL,"1,666,980,000.00",1.67,1.67
06/02/2024,ZSUG,"316,571,385.40",37.51,37.51
06/02/2024,ZMRE,"45,000,000.00",2.80,2.8
06/02/2024,AECI,"20,406,600.00",41.80,41.8
06/02/2024,BATA,"76,107,600.00",3.16,3.16
06/02/2024,CHIL,"200,039,904.00",13.80,13.8
07/02/2024,REIZ,"56,460,198.00",1.35,1.35
07/02/2024,ZMFA,"27,090,100.00",5.00,5
07/02/2024,ZNCO,"1,443,750,041.28",4.10,4.1
07/02/2024,ZCCM,"160,800,286.00",42.00,42
07/02/2024,ZFCO,"400,000,000.00",2.53,2.53
07/02/2024,BATZ,"212,456,304.00",2.15,2.15
07/02/2024,NATB,"63,000,000.00",4.10,4.1
07/02/2024,PUMA,"500,000,000.00",2.80,2.8
07/02/2024,SHOP,"2,700,000.00",64.00,64
07/02/2024,CCAF,"1,625,000,597.00",0.44,0.44
07/02/2024,PMDZ,"100,000,000.00",0.80,0.8
07/02/2024,ATEL,"104,000,000.00",43.67,43.67
07/02/2024,CECZ,"1,625,000,597.00",7.40,7.5
07/02/2024,ZABR,"546,000,000.00",7.00,7
07/02/2024,MAFS,"50,000,000.00",1.86,1.86
07/02/2024,ZMBF,"300,579,610.00",2.46,2.46
07/02/2024,SCBL,"1,666,980,000.00",1.67,1.67
07/02/2024,ZSUG,"316,571,385.40",37.51,37.51
07/02/2024,ZMRE,"45,000,000.00",2.80,2.8
07/02/2024,AECI,"20,406,600.00",41.80,41.8
07/02/2024,BATA,"76,107,600.00",3.16,3.16
07/02/2024,CHIL,"200,039,904.00",13.80,13.8
08/02/2024,REIZ,"56,460,198.00",1.35,1.35
08/02/2024,ZMFA,"27,090,100.00",5.00,5
08/02/2024,ZNCO,"1,443,750,041.28",4.10,4.1
08/02/2024,ZCCM,"160,800,286.00",42.00,42
08/02/2024,ZFCO,"400,000,000.00",2.53,2.53
08/02/2024,BATZ,"212,456,304.00",2.15,2.15
08/02/2024,NATB,"63,000,000.00",4.10,4.1
08/02/2024,PUMA,"500,000,000.00",2.80,2.8
08/02/2024,SHOP,"2,700,000.00",64.00,64
08/02/2024,CCAF,"1,625,000,597.00",0.44,0.44
08/02/2024,PMDZ,"100,000,000.00",0.80,0.8
08/02/2024,ATEL,"104,000,000.00",43.67,43.5
08/02/2024,CECZ,"1,625,000,597.00",7.50,7.51
08/02/2024,ZABR,"546,000,000.00",7.00,7
08/02/2024,MAFS,"50,000,000.00",1.86,1.86
08/02/2024,ZMBF,"300,579,610.00",2.46,2.45
08/02/2024,SCBL,"1,666,980,000.00",1.67,1.75
08/02/2024,ZSUG,"316,571,385.40",37.51,35
08/02/2024,ZMRE,"45,000,000.00",2.80,2.8
08/02/2024,AECI,"20,406,600.00",41.80,41.8
08/02/2024,BATA,"76,107,600.00",3.16,3.16
08/02/2024,CHIL,"200,039,904.00",13.80,13.8
09/02/2024,REIZ,"56,460,198.00",1.35,1.35
09/02/2024,ZMFA,"27,090,100.00",5.00,5
09/02/2024,ZNCO,"1,443,750,041.28",4.13,4.15
09/02/2024,ZCCM,"160,800,286.00",42.00,42
09/02/2024,ZFCO,"400,000,000.00",2.53,2.53
09/02/2024,BATZ,"212,456,304.00",2.15,2.15
09/02/2024,NATB,"63,000,000.00",4.10,4.1
09/02/2024,PUMA,"500,000,000.00",2.80,2.8
09/02/2024,SHOP,"2,700,000.00",64.00,64
09/02/2024,CCAF,"1,625,000,597.00",0.44,0.44
09/02/2024,PMDZ,"100,000,000.00",0.80,0.8
09/02/2024,ATEL,"104,000,000.00",43.50,43.5
09/02/2024,CECZ,"1,625,000,597.00",7.51,7.51
09/02/2024,ZABR,"546,000,000.00",7.00,7
09/02/2024,MAFS,"50,000,000.00",1.86,1.86
09/02/2024,ZMBF,"300,579,610.00",2.45,2.45
09/02/2024,SCBL,"1,666,980,000.00",1.75,1.75
09/02/2024,ZSUG,"316,571,385.40",35.73,35.73
09/02/2024,ZMRE,"45,000,000.00",2.80,2.8
09/02/2024,AECI,"20,406,600.00",41.80,41.8
09/02/2024,BATA,"76,107,600.00",3.16,3.16
09/02/2024,CHIL,"200,039,904.00",13.80,13.8
12/02/2024,REIZ,"56,460,198.00",1.35,1.35
12/02/2024,ZMFA,"27,090,100.00",5.00,5
12/02/2024,ZNCO,"1,443,750,041.28",4.15,4.15
12/02/2024,ZCCM,"160,800,286.00",42.00,42
12/02/2024,ZFCO,"400,000,000.00",2.53,2.53
12/02/2024,BATZ,"212,456,304.00",2.15,2.15
12/02/2024,NATB,"63,000,000.00",4.10,4.1
12/02/2024,PUMA,"500,000,000.00",2.80,2.8
12/02/2024,SHOP,"2,700,000.00",64.00,64
12/02/2024,CCAF,"1,625,000,597.00",0.44,0.44
12/02/2024,PMDZ,"100,000,000.00",0.80,0.8
12/02/2024,ATEL,"104,000,000.00",43.50,43.5
12/02/2024,CECZ,"1,625,000,597.00",7.51,7.51
12/02/2024,ZABR,"546,000,000.00",7.00,7
12/02/2024,MAFS,"50,000,000.00",1.86,1.86
12/02/2024,ZMBF,"300,579,610.00",2.45,2.44
12/02/2024,SCBL,"1,666,980,000.00",1.75,1.75
12/02/2024,ZSUG,"316,571,385.40",35.73,35.73
12/02/2024,ZMRE,"45,000,000.00",2.80,2.8
12/02/2024,AECI,"20,406,600.00",41.80,41.8
12/02/2024,BATA,"76,107,600.00",3.16,3.16
12/02/2024,CHIL,"200,039,904.00",13.80,13.8
13/02/2024,REIZ,"56,460,198.00",1.35,1.35
13/02/2024,ZMFA,"27,090,100.00",5.00,5
13/02/2024,ZNCO,"1,443,750,041.28",4.11,4.16
13/02/2024,ZCCM,"160,800,286.00",42.00,42
13/02/2024,ZFCO,"400,000,000.00",2.53,2.53
13/02/2024,BATZ,"212,456,304.00",2.15,2.3
13/02/2024,NATB,"63,000,000.00",4.10,4.1
13/02/2024,PUMA,"500,000,000.00",2.80,2.8
13/02/2024,SHOP,"2,700,000.00",64.00,64
13/02/2024,CCAF,"1,625,000,597.00",0.44,0.44
13/02/2024,PMDZ,"100,000,000.00",0.80,0.8
13/02/2024,ATEL,"104,000,000.00",43.50,43.5
13/02/2024,CECZ,"1,625,000,597.00",7.51,7.51
13/02/2024,ZABR,"546,000,000.00",7.00,7
13/02/2024,MAFS,"50,000,000.00",1.86,1.86
13/02/2024,ZMBF,"300,579,610.00",2.44,2.44
13/02/2024,SCBL,"1,666,980,000.00",1.70,1.75
13/02/2024,ZSUG,"316,571,385.40",35.73,35
13/02/2024,ZMRE,"45,000,000.00",2.80,2.8
13/02/2024,AECI,"20,406,600.00",41.80,41.8
13/02/2024,BATA,"76,107,600.00",3.16,3.16
13/02/2024,CHIL,"200,039,904.00",13.80,13.8
14/02/2024,REIZ,"56,460,198.00",1.35,1.35
14/02/2024,ZMFA,"27,090,100.00",5.00,5
14/02/2024,ZNCO,"1,443,750,041.28",4.16,4.16
14/02/2024,ZCCM,"160,800,286.00",42.00,42
14/02/2024,ZFCO,"400,000,000.00",2.53,2.53
14/02/2024,BATZ,"212,456,304.00",2.30,2.3
14/02/2024,NATB,"63,000,000.00",4.10,4.1
14/02/2024,PUMA,"500,000,000.00",2.80,2.8
14/02/2024,SHOP,"2,700,000.00",64.00,64
14/02/2024,CCAF,"1,625,000,597.00",0.44,0.44
14/02/2024,PMDZ,"100,000,000.00",0.80,0.8
14/02/2024,ATEL,"104,000,000.00",43.50,43.5
14/02/2024,CECZ,"1,625,000,597.00",7.65,7.65
14/02/2024,ZABR,"546,000,000.00",7.00,7
14/02/2024,MAFS,"50,000,000.00",1.86,1.86
14/02/2024,ZMBF,"300,579,610.00",2.44,2.44
14/02/2024,SCBL,"1,666,980,000.00",1.75,1.75
14/02/2024,ZSUG,"316,571,385.40",35.00,35
14/02/2024,ZMRE,"45,000,000.00",2.80,2.8
14/02/2024,AECI,"20,406,600.00",41.80,41.8
14/02/2024,BATA,"76,107,600.00",3.16,3.16
14/02/2024,CHIL,"200,039,904.00",13.80,13.8
15/02/2024,REIZ,"56,460,198.00",1.35,1.35
15/02/2024,ZMFA,"27,090,100.00",5.00,5
15/02/2024,ZNCO,"1,443,750,041.28",4.16,4.16
15/02/2024,ZCCM,"160,800,286.00",42.00,42
15/02/2024,ZFCO,"400,000,000.00",2.53,2.53
15/02/2024,BATZ,"212,456,304.00",2.30,2.3
15/02/2024,NATB,"63,000,000.00",4.10,4.1
15/02/2024,PUMA,"500,000,000.00",2.80,2.8
15/02/2024,SHOP,"2,700,000.00",64.00,64
15/02/2024,CCAF,"1,625,000,597.00",0.44,0.44
15/02/2024,PMDZ,"100,000,000.00",0.80,0.8
15/02/2024,ATEL,"104,000,000.00",43.50,43.5
15/02/2024,CECZ,"1,625,000,597.00",7.66,7.65
15/02/2024,ZABR,"546,000,000.00",7.00,7
15/02/2024,MAFS,"50,000,000.00",1.86,1.86
15/02/2024,ZMBF,"300,579,610.00",2.44,2.44
15/02/2024,SCBL,"1,666,980,000.00",1.75,1.75
15/02/2024,ZSUG,"316,571,385.40",35.00,35
15/02/2024,ZMRE,"45,000,000.00",2.80,2.8
15/02/2024,AECI,"20,406,600.00",41.80,41.8
15/02/2024,BATA,"76,107,600.00",3.16,3.16
15/02/2024,CHIL,"200,039,904.00",13.80,13.8
16/02/2024,REIZ,"56,460,198.00",1.35,1.35
16/02/2024,ZMFA,"27,090,100.00",5.00,5
16/02/2024,ZNCO,"1,443,750,041.28",4.16,4.31
16/02/2024,ZCCM,"160,800,286.00",42.00,42
16/02/2024,ZFCO,"400,000,000.00",2.53,2.53
16/02/2024,BATZ,"212,456,304.00",2.30,2.3
16/02/2024,NATB,"63,000,000.00",4.10,4.1
16/02/2024,PUMA,"500,000,000.00",2.80,2.8
16/02/2024,SHOP,"2,700,000.00",64.00,64
16/02/2024,CCAF,"1,625,000,597.00",0.44,0.44
16/02/2024,PMDZ,"100,000,000.00",0.80,0.8
16/02/2024,ATEL,"104,000,000.00",43.50,43.5
16/02/2024,CECZ,"1,625,000,597.00",7.66,7.66
16/02/2024,ZABR,"546,000,000.00",7.00,7
16/02/2024,MAFS,"50,000,000.00",1.86,1.86
16/02/2024,ZMBF,"300,579,610.00",2.36,2.44
16/02/2024,SCBL,"1,666,980,000.00",1.75,2
16/02/2024,ZSUG,"316,571,385.40",35.00,35
16/02/2024,ZMRE,"45,000,000.00",2.80,2.8
16/02/2024,AECI,"20,406,600.00",41.80,42
16/02/2024,BATA,"76,107,600.00",3.16,3.16
16/02/2024,CHIL,"200,039,904.00",13.80,13.8
19/02/2024,REIZ,"56,460,198.00",1.35,1.35
19/02/2024,ZMFA,"27,090,100.00",5.00,5
19/02/2024,ZNCO,"1,443,750,041.28",4.34,4.34
19/02/2024,ZCCM,"160,800,286.00",42.00,42
19/02/2024,ZFCO,"400,000,000.00",2.53,2.53
19/02/2024,BATZ,"212,456,304.00",2.30,2.3
19/02/2024,NATB,"63,000,000.00",4.10,4.1
19/02/2024,PUMA,"500,000,000.00",2.80,2.8
19/02/2024,SHOP,"2,700,000.00",64.00,64
19/02/2024,CCAF,"1,625,000,597.00",0.44,0.44
19/02/2024,PMDZ,"100,000,000.00",0.80,0.8
19/02/2024,ATEL,"104,000,000.00",43.50,43.5
19/02/2024,CECZ,"1,625,000,597.00",7.65,7.65
19/02/2024,ZABR,"546,000,000.00",7.00,7
19/02/2024,MAFS,"50,000,000.00",1.86,1.86
19/02/2024,ZMBF,"300,579,610.00",2.44,2.44
19/02/2024,SCBL,"1,666,980,000.00",1.85,2
19/02/2024,ZSUG,"316,571,385.40",35.00,35
19/02/2024,ZMRE,"45,000,000.00",2.80,2.8
19/02/2024,AECI,"20,406,600.00",42.00,42
19/02/2024,BATA,"76,107,600.00",3.16,3.16
19/02/2024,CHIL,"200,039,904.00",13.80,13.8
20/02/2024,REIZ,"56,460,198.00",1.35,1.35
20/02/2024,ZMFA,"27,090,100.00",5.00,5
20/02/2024,ZNCO,"1,443,750,041.28",4.34,5
20/02/2024,ZCCM,"160,800,286.00",42.00,42
20/02/2024,ZFCO,"400,000,000.00",2.53,2.53
20/02/2024,BATZ,"212,456,304.00",2.30,2.3
20/02/2024,NATB,"63,000,000.00",4.10,4.1
20/02/2024,PUMA,"500,000,000.00",2.80,2.8
20/02/2024,SHOP,"2,700,000.00",64.00,64
20/02/2024,CCAF,"1,625,000,597.00",0.44,0.44
20/02/2024,PMDZ,"100,000,000.00",0.80,0.8
20/02/2024,ATEL,"104,000,000.00",43.50,43.5
20/02/2024,CECZ,"1,625,000,597.00",7.66,7.66
20/02/2024,ZABR,"546,000,000.00",7.00,7
20/02/2024,MAFS,"50,000,000.00",1.86,1.86
20/02/2024,ZMBF,"300,579,610.00",2.44,2.44
20/02/2024,SCBL,"1,666,980,000.00",2.00,2
20/02/2024,ZSUG,"316,571,385.40",35.00,35
20/02/2024,ZMRE,"45,000,000.00",2.80,2.8
20/02/2024,AECI,"20,406,600.00",42.00,42
20/02/2024,BATA,"76,107,600.00",3.16,3.16
20/02/2024,CHIL,"200,039,904.00",13.80,13.8
21/02/2024,REIZ,"56,460,198.00",1.35,1.35
21/02/2024,ZMFA,"27,090,100.00",5.00,5
21/02/2024,ZNCO,"1,443,750,041.28",5.00,5
21/02/2024,ZCCM,"160,800,286.00",42.00,42
21/02/2024,ZFCO,"400,000,000.00",2.53,2.53
21/02/2024,BATZ,"212,456,304.00",2.30,2.3
21/02/2024,NATB,"63,000,000.00",4.10,4.1
21/02/2024,PUMA,"500,000,000.00",2.80,2.8
21/02/2024,SHOP,"2,700,000.00",64.00,64
21/02/2024,CCAF,"1,625,000,597.00",0.44,0.44
21/02/2024,PMDZ,"100,000,000.00",0.80,0.8
21/02/2024,ATEL,"104,000,000.00",43.50,43.5
21/02/2024,CECZ,"1,625,000,597.00",7.66,7.66
21/02/2024,ZABR,"546,000,000.00",7.00,7
21/02/2024,MAFS,"50,000,000.00",1.86,1.86
21/02/2024,ZMBF,"300,579,610.00",2.44,2.44
21/02/2024,SCBL,"1,666,980,000.00",2.01,2.01
21/02/2024,ZSUG,"316,571,385.40",35.00,35
21/02/2024,ZMRE,"45,000,000.00",2.80,2.8
21/02/2024,AECI,"20,406,600.00",42.00,42
21/02/2024,BATA,"76,107,600.00",3.16,3.16
21/02/2024,CHIL,"200,039,904.00",13.80,13.8
22/02/2024,REIZ,"56,460,198.00",1.35,1.35
22/02/2024,ZMFA,"27,090,100.00",5.00,5
22/02/2024,ZNCO,"1,443,750,041.28",5.00,5
22/02/2024,ZCCM,"160,800,286.00",42.00,47
22/02/2024,ZFCO,"400,000,000.00",2.53,2.53
22/02/2024,BATZ,"212,456,304.00",2.30,2.3
22/02/2024,NATB,"63,000,000.00",4.10,4.1
22/02/2024,PUMA,"500,000,000.00",2.80,2.8
22/02/2024,SHOP,"2,700,000.00",64.00,64
22/02/2024,CCAF,"1,625,000,597.00",0.44,0.44
22/02/2024,PMDZ,"100,000,000.00",0.80,0.8
22/02/2024,ATEL,"104,000,000.00",43.50,43.5
22/02/2024,CECZ,"1,625,000,597.00",7.66,7.66
22/02/2024,ZABR,"546,000,000.00",7.00,7
22/02/2024,MAFS,"50,000,000.00",1.86,1.86
22/02/2024,ZMBF,"300,579,610.00",2.44,2.44
22/02/2024,SCBL,"1,666,980,000.00",2.01,2.3
22/02/2024,ZSUG,"316,571,385.40",35.00,35
22/02/2024,ZMRE,"45,000,000.00",2.80,2.8
22/02/2024,AECI,"20,406,600.00",42.00,42
22/02/2024,BATA,"76,107,600.00",3.16,3.16
22/02/2024,CHIL,"200,039,904.00",13.80,13.8
23/02/2024,REIZ,"56,460,198.00",1.35,1.35
23/02/2024,ZMFA,"27,090,100.00",5.00,5
23/02/2024,ZNCO,"1,443,750,041.28",5.00,5
23/02/2024,ZCCM,"160,800,286.00",47.00,47
23/02/2024,ZFCO,"400,000,000.00",2.53,2.53
23/02/2024,BATZ,"212,456,304.00",2.30,2.3
23/02/2024,NATB,"63,000,000.00",4.10,4.1
23/02/2024,PUMA,"500,000,000.00",2.80,2.8
23/02/2024,SHOP,"2,700,000.00",64.00,64
23/02/2024,CCAF,"1,625,000,597.00",0.44,0.44
23/02/2024,PMDZ,"100,000,000.00",0.80,0.8
23/02/2024,ATEL,"104,000,000.00",43.50,43.5
23/02/2024,CECZ,"1,625,000,597.00",7.66,7.66
23/02/2024,ZABR,"546,000,000.00",7.00,7
23/02/2024,MAFS,"50,000,000.00",1.86,1.86
23/02/2024,ZMBF,"300,579,610.00",2.44,2.4
23/02/2024,SCBL,"1,666,980,000.00",2.03,2.03
23/02/2024,ZSUG,"316,571,385.40",35.00,35
23/02/2024,ZMRE,"45,000,000.00",2.80,2.8
23/02/2024,AECI,"20,406,600.00",42.00,41.8
23/02/2024,BATA,"76,107,600.00",3.16,3.16
23/02/2024,CHIL,"200,039,904.00",13.80,13.8
26/02/2024,REIZ,"56,460,198.00",1.35,1.35
26/02/2024,ZMFA,"27,090,100.00",5.00,5
26/02/2024,ZNCO,"1,443,750,041.28",5.00,5
26/02/2024,ZCCM,"160,800,286.00",47.00,47
26/02/2024,ZFCO,"400,000,000.00",2.53,2.53
26/02/2024,BATZ,"212,456,304.00",2.30,2.3
26/02/2024,NATB,"63,000,000.00",4.10,4.1
26/02/2024,PUMA,"500,000,000.00",2.80,2.8
26/02/2024,SHOP,"2,700,000.00",64.00,64
26/02/2024,CCAF,"1,625,000,597.00",0.44,0.44
26/02/2024,PMDZ,"100,000,000.00",0.80,0.8
26/02/2024,ATEL,"104,000,000.00",43.50,43.5
26/02/2024,CECZ,"1,625,000,597.00",7.66,7.66
26/02/2024,ZABR,"546,000,000.00",7.00,7
26/02/2024,MAFS,"50,000,000.00",1.86,1.86
26/02/2024,ZMBF,"300,579,610.00",2.44,2.44
26/02/2024,SCBL,"1,666,980,000.00",2.03,2.03
26/02/2024,ZSUG,"316,571,385.40",35.00,35
26/02/2024,ZMRE,"45,000,000.00",2.80,2.8
26/02/2024,AECI,"20,406,600.00",41.98,41.98
26/02/2024,BATA,"76,107,600.00",3.16,3.16
26/02/2024,CHIL,"200,039,904.00",13.80,13.8
27/02/2024,REIZ,"56,460,198.00",1.35,1.35
27/02/2024,ZMFA,"27,090,100.00",5.00,5
27/02/2024,ZNCO,"1,443,750,041.28",5.00,5.02
27/02/2024,ZCCM,"160,800,286.00",47.00,47
27/02/2024,ZFCO,"400,000,000.00",2.53,2.53
27/02/2024,BATZ,"212,456,304.00",2.30,2.3
27/02/2024,NATB,"63,000,000.00",4.10,4.1
27/02/2024,PUMA,"500,000,000.00",2.80,2.8
27/02/2024,SHOP,"2,700,000.00",64.00,64
27/02/2024,CCAF,"1,625,000,597.00",0.44,0.44
27/02/2024,PMDZ,"100,000,000.00",0.80,0.8
27/02/2024,ATEL,"104,000,000.00",43.50,43.5
27/02/2024,CECZ,"1,625,000,597.00",7.66,7.66
27/02/2024,ZABR,"546,000,000.00",7.00,7
27/02/2024,MAFS,"50,000,000.00",1.86,1.86
27/02/2024,ZMBF,"300,579,610.00",2.43,2.43
27/02/2024,SCBL,"1,666,980,000.00",2.03,2.5
27/02/2024,ZSUG,"316,571,385.40",35.00,35
27/02/2024,ZMRE,"45,000,000.00",2.80,2.8
27/02/2024,AECI,"20,406,600.00",41.98,41.98
27/02/2024,BATA,"76,107,600.00",3.16,3.16
27/02/2024,CHIL,"200,039,904.00",13.80,13.8
28/02/2024,REIZ,"56,460,198.00",1.35,1.35
28/02/2024,ZMFA,"27,090,100.00",5.00,5
28/02/2024,ZNCO,"1,443,750,041.28",5.03,5.03
28/02/2024,ZCCM,"160,800,286.00",47.00,47
28/02/2024,ZFCO,"400,000,000.00",2.53,2.53
28/02/2024,BATZ,"212,456,304.00",2.30,2.3
28/02/2024,NATB,"63,000,000.00",4.10,4.1
28/02/2024,PUMA,"500,000,000.00",2.80,2.8
28/02/2024,SHOP,"2,700,000.00",64.00,64
28/02/2024,CCAF,"1,625,000,597.00",0.44,0.44
28/02/2024,PMDZ,"100,000,000.00",0.80,0.8
28/02/2024,ATEL,"104,000,000.00",43.50,43.5
28/02/2024,CECZ,"1,625,000,597.00",7.66,7.66
28/02/2024,ZABR,"546,000,000.00",7.00,7
28/02/2024,MAFS,"50,000,000.00",1.86,1.86
28/02/2024,ZMBF,"300,579,610.00",2.38,2.43
28/02/2024,SCBL,"1,666,980,000.00",2.50,2.5
28/02/2024,ZSUG,"316,571,385.40",35.00,35
28/02/2024,ZMRE,"45,000,000.00",2.80,2.8
28/02/2024,AECI,"20,406,600.00",41.98,41.98
28/02/2024,BATA,"76,107,600.00",3.16,3.16
28/02/2024,CHIL,"200,039,904.00",13.80,13.8
29/02/2024,REIZ,"56,460,198.00",1.35,1.35
29/02/2024,ZMFA,"27,090,100.00",5.00,5
29/02/2024,ZNCO,"1,443,750,041.28",5.11,5.3
29/02/2024,ZCCM,"160,800,286.00",47.00,47
29/02/2024,ZFCO,"400,000,000.00",2.53,2.53
29/02/2024,BATZ,"212,456,304.00",2.30,2.3
29/02/2024,NATB,"63,000,000.00",4.10,4.1
29/02/2024,PUMA,"500,000,000.00",2.80,2.8
29/02/2024,SHOP,"2,700,000.00",64.00,64
29/02/2024,CCAF,"1,625,000,597.00",0.44,0.44
29/02/2024,PMDZ,"100,000,000.00",0.80,0.8
29/02/2024,ATEL,"104,000,000.00",43.50,43.5
29/02/2024,CECZ,"1,625,000,597.00",7.66,7.66
29/02/2024,ZABR,"546,000,000.00",7.00,7
29/02/2024,MAFS,"50,000,000.00",1.86,1.86
29/02/2024,ZMBF,"300,579,610.00",2.43,2.43
29/02/2024,SCBL,"1,666,980,000.00",2.50,2.75
29/02/2024,ZSUG,"316,571,385.40",35.00,35
29/02/2024,ZMRE,"45,000,000.00",2.80,2.8
29/02/2024,AECI,"20,406,600.00",41.98,41.98
29/02/2024,BATA,"76,107,600.00",3.16,3.16
29/02/2024,CHIL,"200,039,904.00",13.80,13.8
01/03/2024,REIZ,"56,460,198.00",1.35,1.35
01/03/2024,ZMFA,"27,090,100.00",5.00,5
01/03/2024,ZNCO,"1,443,750,041.28",5.30,5.33
01/03/2024,ZCCM,"160,800,286.00",47.00,47
01/03/2024,ZFCO,"400,000,000.00",2.53,2.53
01/03/2024,BATZ,"212,456,304.00",2.30,2.3
01/03/2024,NATB,"63,000,000.00",4.10,4.1
01/03/2024,PUMA,"500,000,000.00",2.80,2.8
01/03/2024,SHOP,"2,700,000.00",64.00,64
01/03/2024,CCAF,"1,625,000,597.00",0.44,0.44
01/03/2024,PMDZ,"100,000,000.00",0.80,0.8
01/03/2024,ATEL,"104,000,000.00",43.50,43.5
01/03/2024,CECZ,"1,625,000,597.00",7.66,7.66
01/03/2024,ZABR,"546,000,000.00",7.00,7
01/03/2024,MAFS,"50,000,000.00",1.86,1.86
01/03/2024,ZMBF,"300,579,610.00",2.43,2.43
01/03/2024,SCBL,"1,666,980,000.00",2.76,2.96
01/03/2024,ZSUG,"316,571,385.40",35.00,35
01/03/2024,ZMRE,"45,000,000.00",2.80,2.8
01/03/2024,AECI,"20,406,600.00",41.98,41.98
01/03/2024,BATA,"76,107,600.00",3.16,3.16
01/03/2024,CHIL,"200,039,904.00",13.80,13.8
04/03/2024,REIZ,"56,460,198.00",1.35,1.35
04/03/2024,ZMFA,"27,090,100.00",5.00,5
04/03/2024,ZNCO,"1,443,750,041.28",5.33,5.33
04/03/2024,ZCCM,"160,800,286.00",47.00,47
04/03/2024,ZFCO,"400,000,000.00",2.53,2.53
04/03/2024,BATZ,"212,456,304.00",2.30,2.3
04/03/2024,NATB,"63,000,000.00",4.10,4.1
04/03/2024,PUMA,"500,000,000.00",2.80,2.8
04/03/2024,SHOP,"2,700,000.00",64.00,64
04/03/2024,CCAF,"1,625,000,597.00",0.44,0.44
04/03/2024,PMDZ,"100,000,000.00",0.80,0.8
04/03/2024,ATEL,"104,000,000.00",43.50,43.5
04/03/2024,CECZ,"1,625,000,597.00",7.66,7.66
04/03/2024,ZABR,"546,000,000.00",7.00,7
04/03/2024,MAFS,"50,000,000.00",1.86,1.86
04/03/2024,ZMBF,"300,579,610.00",2.43,2.43
04/03/2024,SCBL,"1,666,980,000.00",2.89,2.89
04/03/2024,ZSUG,"316,571,385.40",35.00,35
04/03/2024,ZMRE,"45,000,000.00",2.80,2.8
04/03/2024,AECI,"20,406,600.00",41.98,41.98
04/03/2024,BATA,"76,107,600.00",3.16,3.16
04/03/2024,CHIL,"200,039,904.00",13.80,13.8
05/03/2024,REIZ,"56,460,198.00",1.35,1.35
05/03/2024,ZMFA,"27,090,100.00",5.00,5
05/03/2024,ZNCO,"1,443,750,041.28",5.33,5.5
05/03/2024,ZCCM,"160,800,286.00",47.00,47
05/03/2024,ZFCO,"400,000,000.00",2.53,2.53
05/03/2024,BATZ,"212,456,304.00",2.30,2.3
05/03/2024,NATB,"63,000,000.00",4.10,4.1
05/03/2024,PUMA,"500,000,000.00",2.80,2.8
05/03/2024,SHOP,"2,700,000.00",64.00,64
05/03/2024,CCAF,"1,625,000,597.00",0.44,0.44
05/03/2024,PMDZ,"100,000,000.00",0.80,0.8
05/03/2024,ATEL,"104,000,000.00",43.50,43.5
05/03/2024,CECZ,"1,625,000,597.00",7.66,7.66
05/03/2024,ZABR,"546,000,000.00",7.00,7
05/03/2024,MAFS,"50,000,000.00",1.86,1.86
05/03/2024,ZMBF,"300,579,610.00",2.42,2.43
05/03/2024,SCBL,"1,666,980,000.00",2.94,2.94
05/03/2024,ZSUG,"316,571,385.40",35.00,35
05/03/2024,ZMRE,"45,000,000.00",2.80,2.8
05/03/2024,AECI,"20,406,600.00",41.98,41.98
05/03/2024,BATA,"76,107,600.00",3.16,3.16
05/03/2024,CHIL,"200,039,904.00",13.80,13.8
06/03/2024,REIZ,"56,460,198.00",1.35,1.35
06/03/2024,ZMFA,"27,090,100.00",5.00,5
06/03/2024,ZNCO,"1,443,750,041.28",5.58,6
06/03/2024,ZCCM,"160,800,286.00",47.00,47
06/03/2024,ZFCO,"400,000,000.00",2.53,2.53
06/03/2024,BATZ,"212,456,304.00",2.30,2.3
06/03/2024,NATB,"63,000,000.00",4.10,4.1
06/03/2024,PUMA,"500,000,000.00",2.80,2.8
06/03/2024,SHOP,"2,700,000.00",64.00,64
06/03/2024,CCAF,"1,625,000,597.00",0.45,0.45
06/03/2024,PMDZ,"100,000,000.00",0.80,0.8
06/03/2024,ATEL,"104,000,000.00",43.50,43.5
06/03/2024,CECZ,"1,625,000,597.00",7.66,7.66
06/03/2024,ZABR,"546,000,000.00",7.00,7
06/03/2024,MAFS,"50,000,000.00",1.86,1.86
06/03/2024,ZMBF,"300,579,610.00",2.43,2.43
06/03/2024,SCBL,"1,666,980,000.00",2.94,2.94
06/03/2024,ZSUG,"316,571,385.40",35.00,35
06/03/2024,ZMRE,"45,000,000.00",2.80,2.8
06/03/2024,AECI,"20,406,600.00",41.98,41.98
06/03/2024,BATA,"76,107,600.00",3.16,3.16
06/03/2024,CHIL,"200,039,904.00",13.80,13.8
07/03/2024,REIZ,"56,460,198.00",1.35,1.35
07/03/2024,ZMFA,"27,090,100.00",5.00,5
07/03/2024,ZNCO,"1,443,750,041.28",6.00,6
07/03/2024,ZCCM,"160,800,286.00",47.00,47
07/03/2024,ZFCO,"400,000,000.00",2.53,2.53
07/03/2024,BATZ,"212,456,304.00",2.30,2.3
07/03/2024,NATB,"63,000,000.00",4.10,4.1
07/03/2024,PUMA,"500,000,000.00",2.80,2.8
07/03/2024,SHOP,"2,700,000.00",64.00,64
07/03/2024,CCAF,"1,625,000,597.00",0.45,0.45
07/03/2024,PMDZ,"100,000,000.00",0.80,0.8
07/03/2024,ATEL,"104,000,000.00",43.50,43.5
07/03/2024,CECZ,"1,625,000,597.00",7.67,7.66
07/03/2024,ZABR,"546,000,000.00",7.00,7
07/03/2024,MAFS,"50,000,000.00",1.86,1.86
07/03/2024,ZMBF,"300,579,610.00",2.43,2.4
07/03/2024,SCBL,"1,666,980,000.00",2.94,3
07/03/2024,ZSUG,"316,571,385.40",35.00,35
07/03/2024,ZMRE,"45,000,000.00",2.80,2.8
07/03/2024,AECI,"20,406,600.00",41.98,41.98
07/03/2024,BATA,"76,107,600.00",3.16,3.16
07/03/2024,CHIL,"200,039,904.00",13.80,13.8
11/03/2024,REIZ,"56,460,198.00",1.35,1.35
11/03/2024,ZMFA,"27,090,100.00",5.00,5
11/03/2024,ZNCO,"1,443,750,041.28",6.01,6.51
11/03/2024,ZCCM,"160,800,286.00",47.00,47
11/03/2024,ZFCO,"400,000,000.00",2.53,2.53
11/03/2024,BATZ,"212,456,304.00",2.30,2.3
11/03/2024,NATB,"63,000,000.00",4.10,4.1
11/03/2024,PUMA,"500,000,000.00",2.80,2.8
11/03/2024,SHOP,"2,700,000.00",64.00,64
11/03/2024,CCAF,"1,625,000,597.00",0.45,0.45
11/03/2024,PMDZ,"100,000,000.00",0.80,0.8
11/03/2024,ATEL,"104,000,000.00",43.50,43.5
11/03/2024,CECZ,"1,625,000,597.00",7.66,7.68
11/03/2024,ZABR,"546,000,000.00",7.00,7
11/03/2024,MAFS,"50,000,000.00",1.86,1.86
11/03/2024,ZMBF,"300,579,610.00",2.40,2.4
11/03/2024,SCBL,"1,666,980,000.00",3.05,3.05
11/03/2024,ZSUG,"316,571,385.40",35.00,35
11/03/2024,ZMRE,"45,000,000.00",2.80,2.8
11/03/2024,AECI,"20,406,600.00",41.98,41.98
11/03/2024,BATA,"76,107,600.00",3.16,3.16
11/03/2024,CHIL,"200,039,904.00",13.80,13.8
13/03/2024,REIZ,"56,460,198.00",1.35,1.35
13/03/2024,ZMFA,"27,090,100.00",5.00,5
13/03/2024,ZNCO,"1,443,750,041.28",6.07,6.07
13/03/2024,ZCCM,"160,800,286.00",47.00,47
13/03/2024,ZFCO,"400,000,000.00",2.53,2.53
13/03/2024,BATZ,"212,456,304.00",2.30,2.3
13/03/2024,NATB,"63,000,000.00",4.10,4.1
13/03/2024,PUMA,"500,000,000.00",2.80,2.8
13/03/2024,SHOP,"2,700,000.00",64.00,64
13/03/2024,CCAF,"1,625,000,597.00",0.45,0.46
13/03/2024,PMDZ,"100,000,000.00",0.80,0.8
13/03/2024,ATEL,"104,000,000.00",43.50,43.5
13/03/2024,CECZ,"1,625,000,597.00",7.68,7.68
13/03/2024,ZABR,"546,000,000.00",7.00,7
13/03/2024,MAFS,"50,000,000.00",1.86,1.86
13/03/2024,ZMBF,"300,579,610.00",2.40,2.4
13/03/2024,SCBL,"1,666,980,000.00",3.05,3.05
13/03/2024,ZSUG,"316,571,385.40",35.00,35
13/03/2024,ZMRE,"45,000,000.00",2.80,2.8
13/03/2024,AECI,"20,406,600.00",41.98,41.98
13/03/2024,BATA,"76,107,600.00",3.16,3.16
13/03/2024,CHIL,"200,039,904.00",13.80,13.8
14/03/2024,REIZ,"56,460,198.00",1.35,1.35
14/03/2024,ZMFA,"27,090,100.00",5.00,5
14/03/2024,ZNCO,"1,443,750,041.28",6.08,6.08
14/03/2024,ZCCM,"160,800,286.00",47.00,47
14/03/2024,ZFCO,"400,000,000.00",2.53,2.53
14/03/2024,BATZ,"212,456,304.00",2.30,2.3
14/03/2024,NATB,"63,000,000.00",4.10,4.1
14/03/2024,PUMA,"500,000,000.00",2.80,2.8
14/03/2024,SHOP,"2,700,000.00",64.00,64
14/03/2024,CCAF,"1,625,000,597.00",0.46,0.46
14/03/2024,PMDZ,"100,000,000.00",0.80,0.8
14/03/2024,ATEL,"104,000,000.00",43.50,43.5
14/03/2024,CECZ,"1,625,000,597.00",7.66,7.69
14/03/2024,ZABR,"546,000,000.00",7.00,7
14/03/2024,MAFS,"50,000,000.00",1.86,1.86
14/03/2024,ZMBF,"300,579,610.00",2.40,2.4
14/03/2024,SCBL,"1,666,980,000.00",3.05,3.05
14/03/2024,ZSUG,"316,571,385.40",35.00,35
14/03/2024,ZMRE,"45,000,000.00",2.80,2.8
14/03/2024,AECI,"20,406,600.00",41.98,41.98
14/03/2024,BATA,"76,107,600.00",3.16,3.16
14/03/2024,CHIL,"200,039,904.00",13.80,13.8
15/03/2024,REIZ,"56,460,198.00",1.35,1.35
15/03/2024,ZMFA,"27,090,100.00",5.00,5
15/03/2024,ZNCO,"1,443,750,041.28",6.08,6.3
15/03/2024,ZCCM,"160,800,286.00",47.00,47
15/03/2024,ZFCO,"400,000,000.00",2.53,2.53
15/03/2024,BATZ,"212,456,304.00",2.30,2.3
15/03/2024,NATB,"63,000,000.00",4.10,4.1
15/03/2024,PUMA,"500,000,000.00",2.80,2.8
15/03/2024,SHOP,"2,700,000.00",64.00,64
15/03/2024,CCAF,"1,625,000,597.00",0.46,0.46
15/03/2024,PMDZ,"100,000,000.00",0.80,0.8
15/03/2024,ATEL,"104,000,000.00",43.50,43.5
15/03/2024,CECZ,"1,625,000,597.00",7.69,7.69
15/03/2024,ZABR,"546,000,000.00",7.00,7
15/03/2024,MAFS,"50,000,000.00",1.86,1.86
15/03/2024,ZMBF,"300,579,610.00",2.40,2.4
15/03/2024,SCBL,"1,666,980,000.00",3.05,3.05
15/03/2024,ZSUG,"316,571,385.40",35.00,35
15/03/2024,ZMRE,"45,000,000.00",2.80,2.8
15/03/2024,AECI,"20,406,600.00",41.98,41.98
15/03/2024,BATA,"76,107,600.00",3.16,3.16
15/03/2024,CHIL,"200,039,904.00",13.80,13.8
18/03/2024,REIZ,"56,460,198.00",1.35,1.35
18/03/2024,ZMFA,"27,090,100.00",5.00,5
18/03/2024,ZNCO,"1,443,750,041.28",6.26,6.3
18/03/2024,ZCCM,"160,800,286.00",47.00,47
18/03/2024,ZFCO,"400,000,000.00",2.53,2.53
18/03/2024,BATZ,"212,456,304.00",2.30,2.3
18/03/2024,NATB,"63,000,000.00",4.10,4.1
18/03/2024,PUMA,"500,000,000.00",2.80,2.8
18/03/2024,SHOP,"2,700,000.00",64.00,64
18/03/2024,CCAF,"1,625,000,597.00",0.46,0.46
18/03/2024,PMDZ,"100,000,000.00",0.80,0.8
18/03/2024,ATEL,"104,000,000.00",43.50,43.5
18/03/2024,CECZ,"1,625,000,597.00",7.69,7.7
18/03/2024,ZABR,"546,000,000.00",7.00,7
18/03/2024,MAFS,"50,000,000.00",1.86,1.86
18/03/2024,ZMBF,"300,579,610.00",2.40,2.4
18/03/2024,SCBL,"1,666,980,000.00",3.05,3.05
18/03/2024,ZSUG,"316,571,385.40",35.00,35
18/03/2024,ZMRE,"45,000,000.00",2.80,2.8
18/03/2024,AECI,"20,406,600.00",41.98,41.98
18/03/2024,BATA,"76,107,600.00",3.16,3.16
18/03/2024,CHIL,"200,039,904.00",13.80,13.8
19/03/2024,REIZ,"56,460,198.00",1.35,1.35
19/03/2024,ZMFA,"27,090,100.00",5.00,5
19/03/2024,ZNCO,"1,443,750,041.28",6.30,6.3
19/03/2024,ZCCM,"160,800,286.00",47.00,47
19/03/2024,ZFCO,"400,000,000.00",2.53,2.53
19/03/2024,BATZ,"212,456,304.00",2.30,2.3
19/03/2024,NATB,"63,000,000.00",4.10,4.1
19/03/2024,PUMA,"500,000,000.00",2.80,2.8
19/03/2024,SHOP,"2,700,000.00",64.00,64
19/03/2024,CCAF,"1,625,000,597.00",0.46,0.46
19/03/2024,PMDZ,"100,000,000.00",0.80,0.8
19/03/2024,ATEL,"104,000,000.00",43.50,43.5
19/03/2024,CECZ,"1,625,000,597.00",7.70,7.69
19/03/2024,ZABR,"546,000,000.00",7.00,7
19/03/2024,MAFS,"50,000,000.00",1.86,1.86
19/03/2024,ZMBF,"300,579,610.00",2.40,2.4
19/03/2024,SCBL,"1,666,980,000.00",3.05,3.05
19/03/2024,ZSUG,"316,571,385.40",35.00,35
19/03/2024,ZMRE,"45,000,000.00",2.80,2.8
19/03/2024,AECI,"20,406,600.00",41.98,41.98
19/03/2024,BATA,"76,107,600.00",3.16,3.16
19/03/2024,CHIL,"200,039,904.00",13.80,13.8
20/03/2024,REIZ,"56,460,198.00",1.35,1.35
20/03/2024,ZMFA,"27,090,100.00",5.00,5
20/03/2024,ZNCO,"1,443,750,041.28",6.30,6.3
20/03/2024,ZCCM,"160,800,286.00",47.00,47
20/03/2024,ZFCO,"400,000,000.00",2.53,2.53
20/03/2024,BATZ,"212,456,304.00",2.30,2.3
20/03/2024,NATB,"63,000,000.00",4.10,4.1
20/03/2024,PUMA,"500,000,000.00",2.80,2.8
20/03/2024,SHOP,"2,700,000.00",64.00,64
20/03/2024,CCAF,"1,625,000,597.00",0.48,0.48
20/03/2024,PMDZ,"100,000,000.00",0.80,0.8
20/03/2024,ATEL,"104,000,000.00",43.50,43.5
20/03/2024,CECZ,"1,625,000,597.00",7.69,7.7
20/03/2024,ZABR,"546,000,000.00",7.00,7
20/03/2024,MAFS,"50,000,000.00",1.86,1.86
20/03/2024,ZMBF,"300,579,610.00",2.40,2.4
20/03/2024,SCBL,"1,666,980,000.00",3.05,3.05
20/03/2024,ZSUG,"316,571,385.40",35.00,35
20/03/2024,ZMRE,"45,000,000.00",2.80,2.8
20/03/2024,AECI,"20,406,600.00",41.98,41.8
20/03/2024,BATA,"76,107,600.00",3.16,3.16
20/03/2024,CHIL,"200,039,904.00",13.80,13.8
21/03/2024,REIZ,"56,460,198.00",1.35,1.35
21/03/2024,ZMFA,"27,090,100.00",5.00,5
21/03/2024,ZNCO,"1,443,750,041.28",6.29,6.3
21/03/2024,ZCCM,"160,800,286.00",47.00,47
21/03/2024,ZFCO,"400,000,000.00",2.53,2.53
21/03/2024,BATZ,"212,456,304.00",2.30,2.3
21/03/2024,NATB,"63,000,000.00",4.10,4.1
21/03/2024,PUMA,"500,000,000.00",2.80,2.8
21/03/2024,SHOP,"2,700,000.00",64.00,64
21/03/2024,CCAF,"1,625,000,597.00",0.48,0.48
21/03/2024,PMDZ,"100,000,000.00",0.80,0.8
21/03/2024,ATEL,"104,000,000.00",43.50,43.5
21/03/2024,CECZ,"1,625,000,597.00",7.70,7.7
21/03/2024,ZABR,"546,000,000.00",7.00,7
21/03/2024,MAFS,"50,000,000.00",1.86,1.86
21/03/2024,ZMBF,"300,579,610.00",2.40,2.4
21/03/2024,SCBL,"1,666,980,000.00",3.05,3.05
21/03/2024,ZSUG,"316,571,385.40",35.00,35
21/03/2024,ZMRE,"45,000,000.00",2.80,2.8
21/03/2024,AECI,"20,406,600.00",41.80,40
21/03/2024,BATA,"76,107,600.00",3.16,3.16
21/03/2024,CHIL,"200,039,904.00",13.80,13.8
22/03/2024,REIZ,"56,460,198.00",1.35,1.35
22/03/2024,ZMFA,"27,090,100.00",5.00,5.01
22/03/2024,ZNCO,"1,443,750,041.28",6.30,6.3
22/03/2024,ZCCM,"160,800,286.00",47.00,47
22/03/2024,ZFCO,"400,000,000.00",2.53,2.53
22/03/2024,BATZ,"212,456,304.00",2.30,2.31
22/03/2024,NATB,"63,000,000.00",4.10,4.1
22/03/2024,PUMA,"500,000,000.00",2.80,2.8
22/03/2024,SHOP,"2,700,000.00",64.00,64
22/03/2024,CCAF,"1,625,000,597.00",0.48,0.48
22/03/2024,PMDZ,"100,000,000.00",0.80,0.8
22/03/2024,ATEL,"104,000,000.00",43.50,43.5
22/03/2024,CECZ,"1,625,000,597.00",7.84,7.7
22/03/2024,ZABR,"546,000,000.00",7.00,7
22/03/2024,MAFS,"50,000,000.00",1.86,1.86
22/03/2024,ZMBF,"300,579,610.00",2.39,2.4
22/03/2024,SCBL,"1,666,980,000.00",3.05,3.05
22/03/2024,ZSUG,"316,571,385.40",35.00,34.99
22/03/2024,ZMRE,"45,000,000.00",2.80,2.8
22/03/2024,AECI,"20,406,600.00",40.00,40
22/03/2024,BATA,"76,107,600.00",3.16,3.16
22/03/2024,CHIL,"200,039,904.00",13.80,13.8
25/03/2024,REIZ,"56,460,198.00",1.35,1.35
25/03/2024,ZMFA,"27,090,100.00",5.01,5.01
25/03/2024,ZNCO,"1,443,750,041.28",6.30,6.3
25/03/2024,ZCCM,"160,800,286.00",47.53,47.53
25/03/2024,ZFCO,"400,000,000.00",2.53,2.53
25/03/2024,BATZ,"212,456,304.00",2.31,2.31
25/03/2024,NATB,"63,000,000.00",4.10,4.1
25/03/2024,PUMA,"500,000,000.00",2.80,2.8
25/03/2024,SHOP,"2,700,000.00",64.00,64
25/03/2024,CCAF,"1,625,000,597.00",0.48,0.5
25/03/2024,PMDZ,"100,000,000.00",0.80,0.8
25/03/2024,ATEL,"104,000,000.00",43.50,43.5
25/03/2024,CECZ,"1,625,000,597.00",7.70,7.7
25/03/2024,ZABR,"546,000,000.00",7.00,7
25/03/2024,MAFS,"50,000,000.00",1.86,1.86
25/03/2024,ZMBF,"300,579,610.00",2.40,2.4
25/03/2024,SCBL,"1,666,980,000.00",3.05,3.05
25/03/2024,ZSUG,"316,571,385.40",34.99,34.99
25/03/2024,ZMRE,"45,000,000.00",2.80,2.8
25/03/2024,AECI,"20,406,600.00",40.00,40
25/03/2024,BATA,"76,107,600.00",3.16,3.16
25/03/2024,CHIL,"200,039,904.00",13.80,13.8
26/03/2024,REIZ,"56,460,198.00",1.35,1.35
26/03/2024,ZMFA,"27,090,100.00",5.01,5.01
26/03/2024,ZNCO,"1,443,750,041.28",6.30,6.49
26/03/2024,ZCCM,"160,800,286.00",47.53,47.53
26/03/2024,ZFCO,"400,000,000.00",2.53,2.53
26/03/2024,BATZ,"212,456,304.00",2.31,2.31
26/03/2024,NATB,"63,000,000.00",4.10,4.1
26/03/2024,PUMA,"500,000,000.00",2.80,2.8
26/03/2024,SHOP,"2,700,000.00",64.00,64
26/03/2024,CCAF,"1,625,000,597.00",0.50,0.5
26/03/2024,PMDZ,"100,000,000.00",0.80,0.8
26/03/2024,ATEL,"104,000,000.00",43.50,43.5
26/03/2024,CECZ,"1,625,000,597.00",7.70,7.7
26/03/2024,ZABR,"546,000,000.00",7.00,7
26/03/2024,MAFS,"50,000,000.00",1.86,1.86
26/03/2024,ZMBF,"300,579,610.00",2.39,2.4
26/03/2024,SCBL,"1,666,980,000.00",3.05,3.5
26/03/2024,ZSUG,"316,571,385.40",34.99,35
26/03/2024,ZMRE,"45,000,000.00",2.80,2.8
26/03/2024,AECI,"20,406,600.00",40.00,40
26/03/2024,BATA,"76,107,600.00",3.16,3.16
26/03/2024,CHIL,"200,039,904.00",13.80,13.8
27/03/2024,REIZ,"56,460,198.00",1.35,1.35
27/03/2024,ZMFA,"27,090,100.00",5.01,5.01
27/03/2024,ZNCO,"1,443,750,041.28",6.30,6.49
27/03/2024,ZCCM,"160,800,286.00",47.53,47.53
27/03/2024,ZFCO,"400,000,000.00",2.53,2.53
27/03/2024,BATZ,"212,456,304.00",2.31,2.31
27/03/2024,NATB,"63,000,000.00",4.10,4.1
27/03/2024,PUMA,"500,000,000.00",2.80,2.8
27/03/2024,SHOP,"2,700,000.00",64.00,64
27/03/2024,CCAF,"1,625,000,597.00",0.50,0.5
27/03/2024,PMDZ,"100,000,000.00",0.80,0.8
27/03/2024,ATEL,"104,000,000.00",43.50,43.5
27/03/2024,CECZ,"1,625,000,597.00",7.70,7.7
27/03/2024,ZABR,"546,000,000.00",7.00,7
27/03/2024,MAFS,"50,000,000.00",1.86,1.86
27/03/2024,ZMBF,"300,579,610.00",2.39,2.39
27/03/2024,SCBL,"1,666,980,000.00",3.50,3.5
27/03/2024,ZSUG,"316,571,385.40",35.00,35
27/03/2024,ZMRE,"45,000,000.00",2.80,2.8
27/03/2024,AECI,"20,406,600.00",40.00,40
27/03/2024,BATA,"76,107,600.00",3.16,3.16
27/03/2024,CHIL,"200,039,904.00",13.80,13.8
28/03/2024,REIZ,"56,460,198.00",1.35,1.68
28/03/2024,ZMFA,"27,090,100.00",5.01,5.01
28/03/2024,ZNCO,"1,443,750,041.28",6.49,6.3
28/03/2024,ZCCM,"160,800,286.00",47.53,47.53
28/03/2024,ZFCO,"400,000,000.00",2.53,2.53
28/03/2024,BATZ,"212,456,304.00",2.31,2.31
28/03/2024,NATB,"63,000,000.00",4.10,4.1
28/03/2024,PUMA,"500,000,000.00",2.80,2.8
28/03/2024,SHOP,"2,700,000.00",64.00,64
28/03/2024,CCAF,"1,625,000,597.00",0.50,0.5
28/03/2024,PMDZ,"100,000,000.00",0.80,0.8
28/03/2024,ATEL,"104,000,000.00",43.50,43.5
28/03/2024,CECZ,"1,625,000,597.00",7.70,7.7
28/03/2024,ZABR,"546,000,000.00",7.00,7
28/03/2024,MAFS,"50,000,000.00",1.86,1.86
28/03/2024,ZMBF,"300,579,610.00",2.39,2.39
28/03/2024,SCBL,"1,666,980,000.00",3.47,3.47
28/03/2024,ZSUG,"316,571,385.40",35.00,35
28/03/2024,ZMRE,"45,000,000.00",2.80,2.8
28/03/2024,AECI,"20,406,600.00",40.00,40
28/03/2024,BATA,"76,107,600.00",3.16,3.16
28/03/2024,CHIL,"200,039,904.00",13.80,13.8
02/04/2024,ZMRE,"5,000,000,000.00",1.00,1
02/04/2024,ZABR,0,1,1
02/04/2024,PUMA,0,1,1
02/04/2024,REIZ,"56,460,198.00",1.68,2.1
02/04/2024,ZMFA,"27,090,100.00",5.01,5.01
02/04/2024,ZNCO,"1,443,750,041.28",6.36,6.49
02/04/2024,ZCCM,"160,800,286.00",47.53,47.53
02/04/2024,ZFCO,"400,000,000.00",2.53,2.53
02/04/2024,BATZ,"212,456,304.00",2.31,2.31
02/04/2024,NATB,"63,000,000.00",4.10,4.1
02/04/2024,PUMA,"500,000,000.00",2.80,2.8
02/04/2024,SHOP,"2,700,000.00",64.00,64
02/04/2024,CCAF,"1,625,000,597.00",0.50,0.5
02/04/2024,PMDZ,"100,000,000.00",0.80,0.8
02/04/2024,ATEL,"104,000,000.00",43.50,43.5
02/04/2024,CECZ,"1,625,000,597.00",7.70,7.7
02/04/2024,ZABR,"546,000,000.00",7.00,7
02/04/2024,MAFS,"50,000,000.00",1.86,1.86
02/04/2024,ZMBF,"300,579,610.00",2.39,2.39
02/04/2024,SCBL,"1,666,980,000.00",3.47,3.5
02/04/2024,ZSUG,"316,571,385.40",35.00,35
02/04/2024,ZMRE,"45,000,000.00",2.80,2.8
02/04/2024,AECI,"20,406,600.00",40.00,40
02/04/2024,BATA,"76,107,600.00",3.16,3.16
02/04/2024,CHIL,"200,039,904.00",13.80,13.8
03/04/2024,ZMRE,"5,000,000,000.00",1.00,1
03/04/2024,ZABR,0,1,1
03/04/2024,PUMA,0,1,1
03/04/2024,REIZ,"56,460,198.00",2.10,2.1
03/04/2024,ZMFA,"27,090,100.00",5.01,5.01
03/04/2024,ZNCO,"1,443,750,041.28",6.49,6.49
03/04/2024,ZCCM,"160,800,286.00",47.53,47.53
03/04/2024,ZFCO,"400,000,000.00",2.53,2.53
03/04/2024,BATZ,"212,456,304.00",2.31,2.31
03/04/2024,NATB,"63,000,000.00",4.10,4.1
03/04/2024,PUMA,"500,000,000.00",2.80,2.8
03/04/2024,SHOP,"2,700,000.00",64.00,64
03/04/2024,CCAF,"1,625,000,597.00",0.50,0.5
03/04/2024,PMDZ,"100,000,000.00",0.80,0.8
03/04/2024,ATEL,"104,000,000.00",43.50,43.5
03/04/2024,CECZ,"1,625,000,597.00",7.69,7.7
03/04/2024,ZABR,"546,000,000.00",7.00,7
03/04/2024,MAFS,"50,000,000.00",1.86,1.86
03/04/2024,ZMBF,"300,579,610.00",2.39,2.39
03/04/2024,SCBL,"1,666,980,000.00",3.50,3.5
03/04/2024,ZSUG,"316,571,385.40",35.00,35
03/04/2024,ZMRE,"45,000,000.00",2.80,2.8
03/04/2024,AECI,"20,406,600.00",40.00,40
03/04/2024,BATA,"76,107,600.00",3.16,3.16
03/04/2024,CHIL,"200,039,904.00",13.80,13.8
04/04/2024,ZMRE,"5,000,000,000.00",1.00,1
04/04/2024,ZABR,0,1,1
04/04/2024,PUMA,0,1,1
04/04/2024,REIZ,"56,460,198.00",2.10,2.1
04/04/2024,ZMFA,"27,090,100.00",5.01,5.01
04/04/2024,ZNCO,"1,443,750,041.28",6.49,6.49
04/04/2024,ZCCM,"160,800,286.00",47.53,47.53
04/04/2024,ZFCO,"400,000,000.00",2.53,2.53
04/04/2024,BATZ,"212,456,304.00",2.31,2.31
04/04/2024,NATB,"63,000,000.00",4.10,4.1
04/04/2024,PUMA,"500,000,000.00",2.80,2.8
04/04/2024,SHOP,"2,700,000.00",64.00,64
04/04/2024,CCAF,"1,625,000,597.00",0.50,0.5
04/04/2024,PMDZ,"100,000,000.00",0.80,0.8
04/04/2024,ATEL,"104,000,000.00",43.50,43.5
04/04/2024,CECZ,"1,625,000,597.00",7.70,7.7
04/04/2024,ZABR,"546,000,000.00",7.00,7
04/04/2024,MAFS,"50,000,000.00",1.86,1.86
04/04/2024,ZMBF,"300,579,610.00",2.39,2.38
04/04/2024,SCBL,"1,666,980,000.00",3.51,3.5
04/04/2024,ZSUG,"316,571,385.40",35.00,35
04/04/2024,ZMRE,"45,000,000.00",2.80,2.8
04/04/2024,AECI,"20,406,600.00",40.00,40
04/04/2024,BATA,"76,107,600.00",3.16,3.16
04/04/2024,CHIL,"200,039,904.00",13.80,13.8
05/04/2024,ZMRE,"5,000,000,000.00",1.00,1
05/04/2024,ZABR,0,1,1
05/04/2024,PUMA,0,1,1
05/04/2024,REIZ,"56,460,198.00",2.10,2.1
05/04/2024,ZMFA,"27,090,100.00",5.01,5.01
05/04/2024,ZNCO,"1,443,750,041.28",6.49,6.49
05/04/2024,ZCCM,"160,800,286.00",47.53,47.53
05/04/2024,ZFCO,"400,000,000.00",2.53,2.53
05/04/2024,BATZ,"212,456,304.00",2.31,2.31
05/04/2024,NATB,"63,000,000.00",4.10,4.1
05/04/2024,PUMA,"500,000,000.00",2.80,2.8
05/04/2024,SHOP,"2,700,000.00",64.00,64
05/04/2024,CCAF,"1,625,000,597.00",0.50,0.5
05/04/2024,PMDZ,"100,000,000.00",0.80,0.8
05/04/2024,ATEL,"104,000,000.00",43.50,43.5
05/04/2024,CECZ,"1,625,000,597.00",7.69,7.7
05/04/2024,ZABR,"546,000,000.00",7.00,7
05/04/2024,MAFS,"50,000,000.00",1.86,1.86
05/04/2024,ZMBF,"300,579,610.00",2.38,2.38
05/04/2024,SCBL,"1,666,980,000.00",3.63,3.5
05/04/2024,ZSUG,"316,571,385.40",35.00,35
05/04/2024,ZMRE,"45,000,000.00",2.80,2.8
05/04/2024,AECI,"20,406,600.00",40.00,40
05/04/2024,BATA,"76,107,600.00",3.16,3.16
05/04/2024,CHIL,"200,039,904.00",13.80,13.81
08/04/2024,ZMRE,"5,000,000,000.00",1.00,1
08/04/2024,ZABR,0,1,1
08/04/2024,PUMA,0,1,1
08/04/2024,REIZ,"56,460,198.00",2.10,2.1
08/04/2024,ZMFA,"27,090,100.00",5.01,5.01
08/04/2024,ZNCO,"1,443,750,041.28",6.49,6.49
08/04/2024,ZCCM,"160,800,286.00",47.53,47.53
08/04/2024,ZFCO,"400,000,000.00",2.53,2.53
08/04/2024,BATZ,"212,456,304.00",2.31,2.31
08/04/2024,NATB,"63,000,000.00",4.10,4.1
08/04/2024,PUMA,"500,000,000.00",2.80,2.8
08/04/2024,SHOP,"2,700,000.00",64.00,64
08/04/2024,CCAF,"1,625,000,597.00",0.50,0.5
08/04/2024,PMDZ,"100,000,000.00",0.80,0.8
08/04/2024,ATEL,"104,000,000.00",43.50,43.5
08/04/2024,CECZ,"1,625,000,597.00",7.70,7.7
08/04/2024,ZABR,"546,000,000.00",7.00,7
08/04/2024,MAFS,"50,000,000.00",1.86,1.86
08/04/2024,ZMBF,"300,579,610.00",2.38,2.38
08/04/2024,SCBL,"1,666,980,000.00",3.54,3.5
08/04/2024,ZSUG,"316,571,385.40",35.00,35
08/04/2024,ZMRE,"45,000,000.00",2.80,2.8
08/04/2024,AECI,"20,406,600.00",40.00,40
08/04/2024,BATA,"76,107,600.00",3.16,3.16
08/04/2024,CHIL,"200,039,904.00",13.81,13.81
09/04/2024,ZMRE,"5,000,000,000.00",1.00,1
09/04/2024,ZABR,0,1,1
09/04/2024,PUMA,0,1,1
09/04/2024,REIZ,"56,460,198.00",2.10,2.1
09/04/2024,ZMFA,"27,090,100.00",5.01,5.01
09/04/2024,ZNCO,"1,443,750,041.28",6.49,6.49
09/04/2024,ZCCM,"160,800,286.00",47.53,47.53
09/04/2024,ZFCO,"400,000,000.00",2.53,2.53
09/04/2024,BATZ,"212,456,304.00",2.31,2.32
09/04/2024,NATB,"63,000,000.00",4.10,4.1
09/04/2024,PUMA,"500,000,000.00",2.80,3
09/04/2024,SHOP,"2,700,000.00",64.00,64
09/04/2024,CCAF,"1,625,000,597.00",0.50,0.5
09/04/2024,PMDZ,"100,000,000.00",0.80,0.8
09/04/2024,ATEL,"104,000,000.00",43.50,43.5
09/04/2024,CECZ,"1,625,000,597.00",7.70,7.7
09/04/2024,ZABR,"546,000,000.00",7.00,7
09/04/2024,MAFS,"50,000,000.00",1.86,1.86
09/04/2024,ZMBF,"300,579,610.00",2.38,2.38
09/04/2024,SCBL,"1,666,980,000.00",3.50,3.5
09/04/2024,ZSUG,"316,571,385.40",35.00,35
09/04/2024,ZMRE,"45,000,000.00",2.80,2.8
09/04/2024,AECI,"20,406,600.00",40.00,40
09/04/2024,BATA,"76,107,600.00",3.16,3.16
09/04/2024,CHIL,"200,039,904.00",13.81,13.81
10/04/2024,ZMRE,"5,000,000,000.00",1.00,1
10/04/2024,ZABR,0,1,1
10/04/2024,PUMA,0,1,1
10/04/2024,REIZ,"56,460,198.00",2.10,2
10/04/2024,ZMFA,"27,090,100.00",5.01,5.01
10/04/2024,ZNCO,"1,443,750,041.28",6.49,6.49
10/04/2024,ZCCM,"160,800,286.00",47.53,47.53
10/04/2024,ZFCO,"400,000,000.00",2.53,2.53
10/04/2024,BATZ,"212,456,304.00",2.32,2.32
10/04/2024,NATB,"63,000,000.00",4.10,4.1
10/04/2024,PUMA,"500,000,000.00",2.82,2.82
10/04/2024,SHOP,"2,700,000.00",64.00,64
10/04/2024,CCAF,"1,625,000,597.00",0.50,0.5
10/04/2024,PMDZ,"100,000,000.00",0.80,0.8
10/04/2024,ATEL,"104,000,000.00",43.50,43.5
10/04/2024,CECZ,"1,625,000,597.00",7.70,7.7
10/04/2024,ZABR,"546,000,000.00",7.00,7
10/04/2024,MAFS,"50,000,000.00",1.86,1.86
10/04/2024,ZMBF,"300,579,610.00",2.38,2.38
10/04/2024,SCBL,"1,666,980,000.00",3.51,3.5
10/04/2024,ZSUG,"316,571,385.40",35.00,35
10/04/2024,ZMRE,"45,000,000.00",2.80,2.8
10/04/2024,AECI,"20,406,600.00",40.00,40
10/04/2024,BATA,"76,107,600.00",3.16,3.16
10/04/2024,CHIL,"200,039,904.00",13.82,13.82
11/04/2024,ZMRE,"5,000,000,000.00",1.00,1
11/04/2024,ZABR,0,1,1
11/04/2024,PUMA,0,1,1
11/04/2024,REIZ,"56,460,198.00",2.00,2
11/04/2024,ZMFA,"27,090,100.00",5.01,5.01
11/04/2024,ZNCO,"1,443,750,041.28",6.49,6.49
11/04/2024,ZCCM,"160,800,286.00",47.53,47.53
11/04/2024,ZFCO,"400,000,000.00",2.53,2.53
11/04/2024,BATZ,"212,456,304.00",2.32,2.32
11/04/2024,NATB,"63,000,000.00",4.10,4.1
11/04/2024,PUMA,"500,000,000.00",2.82,3
11/04/2024,SHOP,"2,700,000.00",64.00,64
11/04/2024,CCAF,"1,625,000,597.00",0.50,0.55
11/04/2024,PMDZ,"100,000,000.00",0.80,0.8
11/04/2024,ATEL,"104,000,000.00",43.50,43.5
11/04/2024,CECZ,"1,625,000,597.00",7.70,7.7
11/04/2024,ZABR,"546,000,000.00",7.00,7
11/04/2024,MAFS,"50,000,000.00",1.86,1.86
11/04/2024,ZMBF,"300,579,610.00",2.38,2.38
11/04/2024,SCBL,"1,666,980,000.00",3.50,3.5
11/04/2024,ZSUG,"316,571,385.40",35.00,35
11/04/2024,ZMRE,"45,000,000.00",2.80,2.8
11/04/2024,AECI,"20,406,600.00",40.00,40
11/04/2024,BATA,"76,107,600.00",3.16,3.16
11/04/2024,CHIL,"200,039,904.00",13.82,13.82
12/04/2024,ZMRE,"5,000,000,000.00",1.00,1
12/04/2024,ZABR,0,1,1
12/04/2024,PUMA,0,1,1
12/04/2024,REIZ,"56,460,198.00",2.00,2
12/04/2024,ZMFA,"27,090,100.00",5.01,5.01
12/04/2024,ZNCO,"1,443,750,041.28",6.49,6.49
12/04/2024,ZCCM,"160,800,286.00",47.53,47.53
12/04/2024,ZFCO,"400,000,000.00",2.53,2.53
12/04/2024,BATZ,"212,456,304.00",2.32,2.32
12/04/2024,NATB,"63,000,000.00",4.10,4.1
12/04/2024,PUMA,"500,000,000.00",3.00,3
12/04/2024,SHOP,"2,700,000.00",64.00,64
12/04/2024,CCAF,"1,625,000,597.00",0.55,0.55
12/04/2024,PMDZ,"100,000,000.00",0.80,0.8
12/04/2024,ATEL,"104,000,000.00",43.50,43.5
12/04/2024,CECZ,"1,625,000,597.00",7.70,7.71
12/04/2024,ZABR,"546,000,000.00",7.00,7
12/04/2024,MAFS,"50,000,000.00",1.86,1.86
12/04/2024,ZMBF,"300,579,610.00",2.38,2.38
12/04/2024,SCBL,"1,666,980,000.00",3.50,3.5
12/04/2024,ZSUG,"316,571,385.40",35.00,35
12/04/2024,ZMRE,"45,000,000.00",2.80,2.8
12/04/2024,AECI,"20,406,600.00",40.00,40
12/04/2024,BATA,"76,107,600.00",3.16,3.16
12/04/2024,CHIL,"200,039,904.00",13.82,13.82
15/04/2024,ZMRE,"5,000,000,000.00",1.00,1
15/04/2024,ZABR,0,1,1
15/04/2024,PUMA,0,1,1
15/04/2024,REIZ,"56,460,198.00",2.00,2
15/04/2024,ZMFA,"27,090,100.00",5.01,5.01
15/04/2024,ZNCO,"1,443,750,041.28",6.49,6.49
15/04/2024,ZCCM,"160,800,286.00",47.53,47.53
15/04/2024,ZFCO,"400,000,000.00",2.53,2.53
15/04/2024,BATZ,"212,456,304.00",2.32,2.32
15/04/2024,NATB,"63,000,000.00",4.10,4.1
15/04/2024,PUMA,"500,000,000.00",3.00,3
15/04/2024,SHOP,"2,700,000.00",64.00,64
15/04/2024,CCAF,"1,625,000,597.00",0.55,0.55
15/04/2024,PMDZ,"100,000,000.00",0.80,0.8
15/04/2024,ATEL,"104,000,000.00",43.50,43.5
15/04/2024,CECZ,"1,625,000,597.00",7.71,7.7
15/04/2024,ZABR,"546,000,000.00",7.00,7
15/04/2024,MAFS,"50,000,000.00",1.86,1.86
15/04/2024,ZMBF,"300,579,610.00",2.38,2.38
15/04/2024,SCBL,"1,666,980,000.00",3.50,3.5
15/04/2024,ZSUG,"316,571,385.40",35.00,35
15/04/2024,ZMRE,"45,000,000.00",2.80,2.8
15/04/2024,AECI,"20,406,600.00",40.00,40
15/04/2024,BATA,"76,107,600.00",3.16,3.16
15/04/2024,CHIL,"200,039,904.00",13.82,13.82
16/04/2024,ZMRE,"5,000,000,000.00",1.00,1
16/04/2024,ZABR,0,1,1
16/04/2024,PUMA,0,1,1
16/04/2024,REIZ,"56,460,198.00",2.00,2
16/04/2024,ZMFA,"27,090,100.00",5.01,5.01
16/04/2024,ZNCO,"1,443,750,041.28",6.49,6.51
16/04/2024,ZCCM,"160,800,286.00",47.53,47.53
16/04/2024,ZFCO,"400,000,000.00",2.53,2.53
16/04/2024,BATZ,"212,456,304.00",2.32,2.32
16/04/2024,NATB,"63,000,000.00",4.10,4.1
16/04/2024,PUMA,"500,000,000.00",3.00,3
16/04/2024,SHOP,"2,700,000.00",64.00,64
16/04/2024,CCAF,"1,625,000,597.00",0.55,0.55
16/04/2024,PMDZ,"100,000,000.00",0.80,0.8
16/04/2024,ATEL,"104,000,000.00",43.50,43.5
16/04/2024,CECZ,"1,625,000,597.00",7.70,7.72
16/04/2024,ZABR,"546,000,000.00",7.00,7
16/04/2024,MAFS,"50,000,000.00",1.86,1.86
16/04/2024,ZMBF,"300,579,610.00",2.38,2.38
16/04/2024,SCBL,"1,666,980,000.00",3.50,3.5
16/04/2024,ZSUG,"316,571,385.40",35.00,35
16/04/2024,ZMRE,"45,000,000.00",2.80,2.8
16/04/2024,AECI,"20,406,600.00",40.00,40
16/04/2024,BATA,"76,107,600.00",3.16,3.16
16/04/2024,CHIL,"200,039,904.00",13.82,13.82
17/04/2024,ZMRE,"5,000,000,000.00",1.00,1
17/04/2024,ZABR,0,1,1
17/04/2024,PUMA,0,1,1
17/04/2024,REIZ,"56,460,198.00",2.00,2
17/04/2024,ZMFA,"27,090,100.00",5.01,5.01
17/04/2024,ZNCO,"1,443,750,041.28",6.49,6.49
17/04/2024,ZCCM,"160,800,286.00",47.53,47.53
17/04/2024,ZFCO,"400,000,000.00",2.53,2.53
17/04/2024,BATZ,"212,456,304.00",2.32,2.32
17/04/2024,NATB,"63,000,000.00",4.10,4.1
17/04/2024,PUMA,"500,000,000.00",3.00,3.01
17/04/2024,SHOP,"2,700,000.00",64.00,64
17/04/2024,CCAF,"1,625,000,597.00",0.55,0.55
17/04/2024,PMDZ,"100,000,000.00",0.80,0.8
17/04/2024,ATEL,"104,000,000.00",43.50,43.5
17/04/2024,CECZ,"1,625,000,597.00",7.70,7.72
17/04/2024,ZABR,"546,000,000.00",7.00,7
17/04/2024,MAFS,"50,000,000.00",1.86,1.86
17/04/2024,ZMBF,"300,579,610.00",2.38,2.37
17/04/2024,SCBL,"1,666,980,000.00",3.50,3.5
17/04/2024,ZSUG,"316,571,385.40",35.00,35
17/04/2024,ZMRE,"45,000,000.00",2.80,2.8
17/04/2024,AECI,"20,406,600.00",40.00,40
17/04/2024,BATA,"76,107,600.00",3.16,3.16
17/04/2024,CHIL,"200,039,904.00",13.82,13.82
18/04/2024,ZMRE,"5,000,000,000.00",1.00,1
18/04/2024,ZABR,0,1,1
18/04/2024,PUMA,0,1,1
18/04/2024,REIZ,"56,460,198.00",2.00,2
18/04/2024,ZMFA,"27,090,100.00",5.01,5.01
18/04/2024,ZNCO,"1,443,750,041.28",6.51,6.49
18/04/2024,ZCCM,"160,800,286.00",47.55,47.55
18/04/2024,ZFCO,"400,000,000.00",2.53,2.53
18/04/2024,BATZ,"212,456,304.00",2.32,2.32
18/04/2024,NATB,"63,000,000.00",4.10,4.1
18/04/2024,PUMA,"500,000,000.00",3.01,3
18/04/2024,SHOP,"2,700,000.00",64.00,64
18/04/2024,CCAF,"1,625,000,597.00",0.55,0.55
18/04/2024,PMDZ,"100,000,000.00",0.80,4.62
18/04/2024,ATEL,"104,000,000.00",43.50,43.5
18/04/2024,CECZ,"1,625,000,597.00",7.70,7.71
18/04/2024,ZABR,"546,000,000.00",7.00,7
18/04/2024,MAFS,"50,000,000.00",1.86,1.86
18/04/2024,ZMBF,"300,579,610.00",2.37,2.37
18/04/2024,SCBL,"1,666,980,000.00",3.50,3.49
18/04/2024,ZSUG,"316,571,385.40",35.00,35
18/04/2024,ZMRE,"45,000,000.00",2.80,2.8
18/04/2024,AECI,"20,406,600.00",40.00,40
18/04/2024,BATA,"76,107,600.00",3.16,3.16
18/04/2024,CHIL,"200,039,904.00",13.82,13.82
19/04/2024,ZMRE,"5,000,000,000.00",1.00,1
19/04/2024,ZABR,0,1,1
19/04/2024,PUMA,0,1,1
19/04/2024,REIZ,"56,460,198.00",2.00,2
19/04/2024,ZMFA,"27,090,100.00",5.01,5.01
19/04/2024,ZNCO,"1,443,750,041.28",6.49,6.49
19/04/2024,ZCCM,"160,800,286.00",47.55,47.55
19/04/2024,ZFCO,"400,000,000.00",2.53,2.53
19/04/2024,BATZ,"212,456,304.00",2.32,2.32
19/04/2024,NATB,"63,000,000.00",4.10,4.1
19/04/2024,PUMA,"500,000,000.00",3.01,3.01
19/04/2024,SHOP,"2,700,000.00",64.00,64
19/04/2024,CCAF,"1,625,000,597.00",0.55,0.55
19/04/2024,PMDZ,"100,000,000.00",4.62,4.62
19/04/2024,ATEL,"104,000,000.00",43.50,43.5
19/04/2024,CECZ,"1,625,000,597.00",7.72,7.7
19/04/2024,ZABR,"546,000,000.00",7.00,7
19/04/2024,MAFS,"50,000,000.00",1.86,1.86
19/04/2024,ZMBF,"300,579,610.00",2.37,2.37
19/04/2024,SCBL,"1,666,980,000.00",3.50,3.49
19/04/2024,ZSUG,"316,571,385.40",35.00,35
19/04/2024,ZMRE,"45,000,000.00",2.80,2.8
19/04/2024,AECI,"20,406,600.00",40.00,40
19/04/2024,BATA,"76,107,600.00",3.16,3.16
19/04/2024,CHIL,"200,039,904.00",13.82,13.82
22/04/2024,ZMRE,"5,000,000,000.00",1.00,1
22/04/2024,ZABR,0,1,1
22/04/2024,PUMA,0,1,1
22/04/2024,REIZ,"56,460,198.00",2.00,2
22/04/2024,ZMFA,"27,090,100.00",5.01,5.01
22/04/2024,ZNCO,"1,443,750,041.28",6.49,6.49
22/04/2024,ZCCM,"160,800,286.00",47.55,47.55
22/04/2024,ZFCO,"400,000,000.00",2.53,2.53
22/04/2024,BATZ,"212,456,304.00",2.32,2.32
22/04/2024,NATB,"63,000,000.00",4.10,4.1
22/04/2024,PUMA,"500,000,000.00",3.01,3.01
22/04/2024,SHOP,"2,700,000.00",64.00,64
22/04/2024,CCAF,"1,625,000,597.00",0.55,0.55
22/04/2024,PMDZ,"100,000,000.00",4.62,4.62
22/04/2024,ATEL,"104,000,000.00",43.50,43.5
22/04/2024,CECZ,"1,625,000,597.00",7.70,7.7
22/04/2024,ZABR,"546,000,000.00",7.00,7
22/04/2024,MAFS,"50,000,000.00",1.86,1.86
22/04/2024,ZMBF,"300,579,610.00",2.37,2.35
22/04/2024,SCBL,"1,666,980,000.00",3.49,3.5
22/04/2024,ZSUG,"316,571,385.40",35.00,35
22/04/2024,ZMRE,"45,000,000.00",2.80,2.8
22/04/2024,AECI,"20,406,600.00",40.00,40
22/04/2024,BATA,"76,107,600.00",3.16,3.16
22/04/2024,CHIL,"200,039,904.00",13.82,13.82
23/04/2024,ZMRE,"5,000,000,000.00",1.00,1
23/04/2024,ZABR,0,1,1
23/04/2024,PUMA,0,1,1
23/04/2024,REIZ,"56,460,198.00",2.00,2
23/04/2024,ZMFA,"27,090,100.00",5.01,5.01
23/04/2024,ZNCO,"1,443,750,041.28",6.49,6.49
23/04/2024,ZCCM,"160,800,286.00",47.55,47.55
23/04/2024,ZFCO,"400,000,000.00",2.53,2.53
23/04/2024,BATZ,"212,456,304.00",2.32,2.32
23/04/2024,NATB,"63,000,000.00",4.10,4.1
23/04/2024,PUMA,"500,000,000.00",3.01,3.01
23/04/2024,SHOP,"2,700,000.00",64.00,64
23/04/2024,CCAF,"1,625,000,597.00",0.55,0.55
23/04/2024,PMDZ,"100,000,000.00",4.62,4.62
23/04/2024,ATEL,"104,000,000.00",43.50,43.5
23/04/2024,CECZ,"1,625,000,597.00",7.70,7.7
23/04/2024,ZABR,"546,000,000.00",7.00,7
23/04/2024,MAFS,"50,000,000.00",1.86,1.86
23/04/2024,ZMBF,"300,579,610.00",2.35,2.37
23/04/2024,SCBL,"1,666,980,000.00",3.49,3.5
23/04/2024,ZSUG,"316,571,385.40",35.00,35
23/04/2024,ZMRE,"45,000,000.00",2.80,2.8
23/04/2024,AECI,"20,406,600.00",40.00,40
23/04/2024,BATA,"76,107,600.00",3.16,3.16
23/04/2024,CHIL,"200,039,904.00",13.82,14.01
24/04/2024,ZMRE,"5,000,000,000.00",1.00,1
24/04/2024,ZABR,0,1,1
24/04/2024,PUMA,0,1,1
24/04/2024,REIZ,"56,460,198.00",2.00,2
24/04/2024,ZMFA,"27,090,100.00",5.01,5.01
24/04/2024,ZNCO,"1,443,750,041.28",6.49,6.3
24/04/2024,ZCCM,"160,800,286.00",47.55,47.55
24/04/2024,ZFCO,"400,000,000.00",2.53,2.53
24/04/2024,BATZ,"212,456,304.00",2.32,2.32
24/04/2024,NATB,"63,000,000.00",4.10,4.1
24/04/2024,PUMA,"500,000,000.00",3.01,3.01
24/04/2024,SHOP,"2,700,000.00",64.00,64
24/04/2024,CCAF,"1,625,000,597.00",0.55,0.55
24/04/2024,PMDZ,"100,000,000.00",4.62,4.62
24/04/2024,ATEL,"104,000,000.00",43.50,43.5
24/04/2024,CECZ,"1,625,000,597.00",7.70,7.7
24/04/2024,ZABR,"546,000,000.00",7.00,7
24/04/2024,MAFS,"50,000,000.00",1.86,1.86
24/04/2024,ZMBF,"300,579,610.00",2.37,2.37
24/04/2024,SCBL,"1,666,980,000.00",3.50,3.49
24/04/2024,ZSUG,"316,571,385.40",35.00,35
24/04/2024,ZMRE,"45,000,000.00",2.80,2.8
24/04/2024,AECI,"20,406,600.00",40.00,40
24/04/2024,BATA,"76,107,600.00",3.16,3.16
24/04/2024,CHIL,"200,039,904.00",14.01,14.01
25/04/2024,ZMRE,"5,000,000,000.00",1.00,1
25/04/2024,ZABR,0,1,1
25/04/2024,PUMA,0,1,1
25/04/2024,REIZ,"56,460,198.00",2.00,2
25/04/2024,ZMFA,"27,090,100.00",5.01,5.01
25/04/2024,ZNCO,"1,443,750,041.28",6.49,6.49
25/04/2024,ZCCM,"160,800,286.00",47.55,47.55
25/04/2024,ZFCO,"400,000,000.00",2.53,2.53
25/04/2024,BATZ,"212,456,304.00",2.32,2.32
25/04/2024,NATB,"63,000,000.00",4.10,4.1
25/04/2024,PUMA,"500,000,000.00",3.01,3.01
25/04/2024,SHOP,"2,700,000.00",64.00,64
25/04/2024,CCAF,"1,625,000,597.00",0.55,0.55
25/04/2024,PMDZ,"100,000,000.00",4.62,4.62
25/04/2024,ATEL,"104,000,000.00",43.50,43.5
25/04/2024,CECZ,"1,625,000,597.00",7.70,7.7
25/04/2024,ZABR,"546,000,000.00",7.00,7
25/04/2024,MAFS,"50,000,000.00",1.86,1.86
25/04/2024,ZMBF,"300,579,610.00",2.37,2.2
25/04/2024,SCBL,"1,666,980,000.00",3.50,3.49
25/04/2024,ZSUG,"316,571,385.40",35.00,35
25/04/2024,ZMRE,"45,000,000.00",2.80,2.8
25/04/2024,AECI,"20,406,600.00",40.00,40
25/04/2024,BATA,"76,107,600.00",3.16,3.16
25/04/2024,CHIL,"200,039,904.00",14.01,14.01
26/04/2024,ZMRE,"5,000,000,000.00",1.00,1
26/04/2024,ZABR,0,1,1
26/04/2024,PUMA,0,1,1
26/04/2024,REIZ,"56,460,198.00",2.00,2
26/04/2024,ZMFA,"27,090,100.00",5.01,5.01
26/04/2024,ZNCO,"1,443,750,041.28",6.49,6.49
26/04/2024,ZCCM,"160,800,286.00",47.55,47.55
26/04/2024,ZFCO,"400,000,000.00",2.53,2.53
26/04/2024,BATZ,"212,456,304.00",2.32,2.32
26/04/2024,NATB,"63,000,000.00",4.10,4.1
26/04/2024,PUMA,"500,000,000.00",3.01,3.01
26/04/2024,SHOP,"2,700,000.00",64.00,64
26/04/2024,CCAF,"1,625,000,597.00",0.55,0.55
26/04/2024,PMDZ,"100,000,000.00",4.62,4.62
26/04/2024,ATEL,"104,000,000.00",43.50,43.5
26/04/2024,CECZ,"1,625,000,597.00",7.70,7.7
26/04/2024,ZABR,"546,000,000.00",7.00,7
26/04/2024,MAFS,"50,000,000.00",1.86,1.86
26/04/2024,ZMBF,"300,579,610.00",2.27,2.2
26/04/2024,SCBL,"1,666,980,000.00",3.49,3.5
26/04/2024,ZSUG,"316,571,385.40",35.00,35
26/04/2024,ZMRE,"45,000,000.00",2.80,2.8
26/04/2024,AECI,"20,406,600.00",40.00,40
26/04/2024,BATA,"76,107,600.00",3.16,3.16
26/04/2024,CHIL,"200,039,904.00",14.01,14.01
30/04/2024,REIZ,"56,460,198.00",2.00,2
30/04/2024,ZMFA,"27,090,100.00",5.01,5.01
30/04/2024,ZNCO,"1,443,750,041.28",6.49,6.49
30/04/2024,ZCCM,"160,800,286.00",47.55,47.55
30/04/2024,ZFCO,"400,000,000.00",2.53,2.53
30/04/2024,BATZ,"212,456,304.00",2.32,2.32
30/04/2024,NATB,"63,000,000.00",4.10,4.1
30/04/2024,PUMA,"500,000,000.00",3.01,3.01
30/04/2024,SHOP,"2,700,000.00",64.00,64
30/04/2024,CCAF,"1,625,000,597.00",0.55,0.55
30/04/2024,PMDZ,"100,000,000.00",4.62,4.62
30/04/2024,ATEL,"104,000,000.00",43.50,43.5
30/04/2024,CECZ,"1,625,000,597.00",7.70,7.7
30/04/2024,ZABR,"546,000,000.00",7.00,7
30/04/2024,MAFS,"50,000,000.00",1.86,1.86
30/04/2024,ZMBF,"300,579,610.00",2.20,2.2
30/04/2024,SCBL,"1,666,980,000.00",3.50,3.5
30/04/2024,ZSUG,"316,571,385.40",35.00,35
30/04/2024,ZMRE,"45,000,000.00",2.80,2.8
30/04/2024,AECI,"20,406,600.00",40.00,40
30/04/2024,BATA,"76,107,600.00",3.16,3.16
30/04/2024,CHIL,"200,039,904.00",14.01,14.01
02/05/2024,REIZ,"56,460,198.00",2.00,2
02/05/2024,ZMFA,"27,090,100.00",5.01,5.01
02/05/2024,ZNCO,"1,443,750,041.28",6.49,6.49
02/05/2024,ZCCM,"160,800,286.00",47.55,47.55
02/05/2024,ZFCO,"400,000,000.00",2.53,2.53
02/05/2024,BATZ,"212,456,304.00",2.32,2.35
02/05/2024,NATB,"63,000,000.00",4.10,4.1
02/05/2024,PUMA,"500,000,000.00",3.01,3.01
02/05/2024,SHOP,"2,700,000.00",64.00,64
02/05/2024,CCAF,"1,625,000,597.00",0.55,0.55
02/05/2024,PMDZ,"100,000,000.00",4.62,4.62
02/05/2024,ATEL,"104,000,000.00",43.50,43.5
02/05/2024,CECZ,"1,625,000,597.00",7.70,7.7
02/05/2024,ZABR,"546,000,000.00",7.00,7
02/05/2024,MAFS,"50,000,000.00",1.86,1.86
02/05/2024,ZMBF,"300,579,610.00",2.20,2.2
02/05/2024,SCBL,"1,666,980,000.00",3.51,3.5
02/05/2024,ZSUG,"316,571,385.40",35.00,35
02/05/2024,ZMRE,"45,000,000.00",2.80,2.8
02/05/2024,AECI,"20,406,600.00",40.00,40
02/05/2024,BATA,"76,107,600.00",3.16,3.16
02/05/2024,CHIL,"200,039,904.00",14.01,14.01
03/05/2024,REIZ,"56,460,198.00",2.00,2
03/05/2024,ZMFA,"27,090,100.00",5.01,5.01
03/05/2024,ZNCO,"1,443,750,041.28",6.49,6.5
03/05/2024,ZCCM,"160,800,286.00",47.55,47.55
03/05/2024,ZFCO,"400,000,000.00",2.53,2.53
03/05/2024,BATZ,"212,456,304.00",2.35,2.47
03/05/2024,NATB,"63,000,000.00",4.10,4.1
03/05/2024,PUMA,"500,000,000.00",3.01,3
03/05/2024,SHOP,"2,700,000.00",64.00,64
03/05/2024,CCAF,"1,625,000,597.00",0.55,0.55
03/05/2024,PMDZ,"100,000,000.00",4.62,4.62
03/05/2024,ATEL,"104,000,000.00",43.50,43.5
03/05/2024,CECZ,"1,625,000,597.00",7.70,7.7
03/05/2024,ZABR,"546,000,000.00",7.00,7
03/05/2024,MAFS,"50,000,000.00",1.86,1.86
03/05/2024,ZMBF,"300,579,610.00",2.20,2.2
03/05/2024,SCBL,"1,666,980,000.00",3.50,3.05
03/05/2024,ZSUG,"316,571,385.40",35.00,35
03/05/2024,ZMRE,"45,000,000.00",2.80,2.8
03/05/2024,AECI,"20,406,600.00",40.00,40
03/05/2024,BATA,"76,107,600.00",3.16,3.16
03/05/2024,CHIL,"200,039,904.00",14.01,14.01
06/05/2024,REIZ,"56,460,198.00",2.00,2
06/05/2024,ZMFA,"27,090,100.00",5.01,5.01
06/05/2024,ZNCO,"1,443,750,041.28",6.49,6.49
06/05/2024,ZCCM,"160,800,286.00",47.55,47.55
06/05/2024,ZFCO,"400,000,000.00",2.53,2.53
06/05/2024,BATZ,"212,456,304.00",2.47,2.47
06/05/2024,NATB,"63,000,000.00",4.10,4.1
06/05/2024,PUMA,"500,000,000.00",3.00,3
06/05/2024,SHOP,"2,700,000.00",64.00,64
06/05/2024,CCAF,"1,625,000,597.00",0.55,0.55
06/05/2024,PMDZ,"100,000,000.00",4.62,4.62
06/05/2024,ATEL,"104,000,000.00",43.50,43.5
06/05/2024,CECZ,"1,625,000,597.00",7.70,7.7
06/05/2024,ZABR,"546,000,000.00",7.01,7
06/05/2024,MAFS,"50,000,000.00",1.86,1.86
06/05/2024,ZMBF,"300,579,610.00",2.20,2.2
06/05/2024,SCBL,"1,666,980,000.00",3.05,3.5
06/05/2024,ZSUG,"316,571,385.40",35.00,35
06/05/2024,ZMRE,"45,000,000.00",2.80,2.8
06/05/2024,AECI,"20,406,600.00",40.00,40
06/05/2024,BATA,"76,107,600.00",3.16,3.16
06/05/2024,CHIL,"200,039,904.00",14.01,14.01
07/05/2024,REIZ,"56,460,198.00",2.00,2
07/05/2024,ZMFA,"27,090,100.00",5.01,5.01
07/05/2024,ZNCO,"1,443,750,041.28",6.49,6.49
07/05/2024,ZCCM,"160,800,286.00",47.55,47.55
07/05/2024,ZFCO,"400,000,000.00",2.53,2.53
07/05/2024,BATZ,"212,456,304.00",2.47,2.47
07/05/2024,NATB,"63,000,000.00",4.10,4.1
07/05/2024,PUMA,"500,000,000.00",3.04,3
07/05/2024,SHOP,"2,700,000.00",64.00,64
07/05/2024,CCAF,"1,625,000,597.00",0.55,0.55
07/05/2024,PMDZ,"100,000,000.00",4.62,4.62
07/05/2024,ATEL,"104,000,000.00",43.50,43.5
07/05/2024,CECZ,"1,625,000,597.00",7.70,7.7
07/05/2024,ZABR,"546,000,000.00",7.00,7
07/05/2024,MAFS,"50,000,000.00",1.86,1.86
07/05/2024,ZMBF,"300,579,610.00",2.20,2.2
07/05/2024,SCBL,"1,666,980,000.00",3.49,3.5
07/05/2024,ZSUG,"316,571,385.40",35.00,35
07/05/2024,ZMRE,"45,000,000.00",2.80,2.8
07/05/2024,AECI,"20,406,600.00",40.00,40
07/05/2024,BATA,"76,107,600.00",3.16,3.16
07/05/2024,CHIL,"200,039,904.00",14.01,13.82
08/05/2024,REIZ,"56,460,198.00",2.00,2
08/05/2024,ZMFA,"27,090,100.00",5.01,5.01
08/05/2024,ZNCO,"1,443,750,041.28",6.50,6.5
08/05/2024,ZCCM,"160,800,286.00",47.55,47.55
08/05/2024,ZFCO,"400,000,000.00",2.53,2.53
08/05/2024,BATZ,"212,456,304.00",2.47,2.47
08/05/2024,NATB,"63,000,000.00",4.10,4.1
08/05/2024,PUMA,"500,000,000.00",3.00,3
08/05/2024,SHOP,"2,700,000.00",64.00,64
08/05/2024,CCAF,"1,625,000,597.00",0.55,0.55
08/05/2024,PMDZ,"100,000,000.00",4.62,4.62
08/05/2024,ATEL,"104,000,000.00",43.50,43.5
08/05/2024,CECZ,"1,625,000,597.00",7.70,7.7
08/05/2024,ZABR,"546,000,000.00",7.00,7
08/05/2024,MAFS,"50,000,000.00",1.86,1.86
08/05/2024,ZMBF,"300,579,610.00",2.20,2.2
08/05/2024,SCBL,"1,666,980,000.00",3.50,3.5
08/05/2024,ZSUG,"316,571,385.40",35.00,35
08/05/2024,ZMRE,"45,000,000.00",2.80,2.8
08/05/2024,AECI,"20,406,600.00",40.00,40
08/05/2024,BATA,"76,107,600.00",3.16,3.2
08/05/2024,CHIL,"200,039,904.00",13.82,14.01
09/05/2024,REIZ,"56,460,198.00",2.00,2
09/05/2024,ZMFA,"27,090,100.00",5.01,5.01
09/05/2024,ZNCO,"1,443,750,041.28",6.51,6.51
09/05/2024,ZCCM,"160,800,286.00",47.55,47.55
09/05/2024,ZFCO,"400,000,000.00",2.53,2.53
09/05/2024,BATZ,"212,456,304.00",2.47,2.47
09/05/2024,NATB,"63,000,000.00",4.10,4.1
09/05/2024,PUMA,"500,000,000.00",2.88,3
09/05/2024,SHOP,"2,700,000.00",64.00,64
09/05/2024,CCAF,"1,625,000,597.00",0.55,0.55
09/05/2024,PMDZ,"100,000,000.00",4.62,4.62
09/05/2024,ATEL,"104,000,000.00",43.50,43.5
09/05/2024,CECZ,"1,625,000,597.00",7.70,7.7
09/05/2024,ZABR,"546,000,000.00",7.00,7
09/05/2024,MAFS,"50,000,000.00",1.86,1.86
09/05/2024,ZMBF,"300,579,610.00",2.20,2.2
09/05/2024,SCBL,"1,666,980,000.00",3.50,3.5
09/05/2024,ZSUG,"316,571,385.40",35.00,35
09/05/2024,ZMRE,"45,000,000.00",2.80,2.8
09/05/2024,AECI,"20,406,600.00",40.00,40
09/05/2024,BATA,"76,107,600.00",3.20,3.2
09/05/2024,CHIL,"200,039,904.00",13.90,14.01
10/05/2024,REIZ,"56,460,198.00",2.00,2
10/05/2024,ZMFA,"27,090,100.00",5.01,5.01
10/05/2024,ZNCO,"1,443,750,041.28",6.51,6.51
10/05/2024,ZCCM,"160,800,286.00",47.55,47.55
10/05/2024,ZFCO,"400,000,000.00",2.53,2.53
10/05/2024,BATZ,"212,456,304.00",2.47,2.47
10/05/2024,NATB,"63,000,000.00",4.10,4.1
10/05/2024,PUMA,"500,000,000.00",3.00,3
10/05/2024,SHOP,"2,700,000.00",64.00,64
10/05/2024,CCAF,"1,625,000,597.00",0.55,0.55
10/05/2024,PMDZ,"100,000,000.00",4.62,4.62
10/05/2024,ATEL,"104,000,000.00",43.50,43.5
10/05/2024,CECZ,"1,625,000,597.00",7.70,7.7
10/05/2024,ZABR,"546,000,000.00",7.00,7
10/05/2024,MAFS,"50,000,000.00",1.86,1.86
10/05/2024,ZMBF,"300,579,610.00",2.20,2.22
10/05/2024,SCBL,"1,666,980,000.00",3.50,3.5
10/05/2024,ZSUG,"316,571,385.40",35.00,35
10/05/2024,ZMRE,"45,000,000.00",2.80,2.8
10/05/2024,AECI,"20,406,600.00",40.00,40
10/05/2024,BATA,"76,107,600.00",3.20,3.2
10/05/2024,CHIL,"200,039,904.00",14.01,14.01
13/05/2024,REIZ,"56,460,198.00",2.00,2
13/05/2024,ZMFA,"27,090,100.00",5.01,5.01
13/05/2024,ZNCO,"1,443,750,041.28",6.51,6.51
13/05/2024,ZCCM,"160,800,286.00",47.55,47.55
13/05/2024,ZFCO,"400,000,000.00",2.53,2.53
13/05/2024,BATZ,"212,456,304.00",2.47,2.47
13/05/2024,NATB,"63,000,000.00",4.10,4.1
13/05/2024,PUMA,"500,000,000.00",3.00,3
13/05/2024,SHOP,"2,700,000.00",64.00,64
13/05/2024,CCAF,"1,625,000,597.00",0.55,0.55
13/05/2024,PMDZ,"100,000,000.00",4.62,4.62
13/05/2024,ATEL,"104,000,000.00",43.50,43.3
13/05/2024,CECZ,"1,625,000,597.00",7.70,7.7
13/05/2024,ZABR,"546,000,000.00",7.00,7
13/05/2024,MAFS,"50,000,000.00",1.86,1.86
13/05/2024,ZMBF,"300,579,610.00",2.22,2.2
13/05/2024,SCBL,"1,666,980,000.00",3.50,3.5
13/05/2024,ZSUG,"316,571,385.40",35.00,35
13/05/2024,ZMRE,"45,000,000.00",2.80,2.8
13/05/2024,AECI,"20,406,600.00",40.00,40
13/05/2024,BATA,"76,107,600.00",3.20,3.2
13/05/2024,CHIL,"200,039,904.00",14.01,14.01
14/05/2024,REIZ,"56,460,198.00",2.00,2
14/05/2024,ZMFA,"27,090,100.00",5.01,5.01
14/05/2024,ZNCO,"1,443,750,041.28",6.51,6.51
14/05/2024,ZCCM,"160,800,286.00",47.55,47.55
14/05/2024,ZFCO,"400,000,000.00",2.53,2.53
14/05/2024,BATZ,"212,456,304.00",2.47,2.47
14/05/2024,NATB,"63,000,000.00",4.10,4.1
14/05/2024,PUMA,"500,000,000.00",3.00,3
14/05/2024,SHOP,"2,700,000.00",64.00,64
14/05/2024,CCAF,"1,625,000,597.00",0.55,0.56
14/05/2024,PMDZ,"100,000,000.00",4.62,4.62
14/05/2024,ATEL,"104,000,000.00",43.30,43.5
14/05/2024,CECZ,"1,625,000,597.00",7.70,7.7
14/05/2024,ZABR,"546,000,000.00",7.00,7
14/05/2024,MAFS,"50,000,000.00",1.86,1.86
14/05/2024,ZMBF,"300,579,610.00",2.20,2.2
14/05/2024,SCBL,"1,666,980,000.00",3.50,3.5
14/05/2024,ZSUG,"316,571,385.40",35.00,35
14/05/2024,ZMRE,"45,000,000.00",2.80,2.8
14/05/2024,AECI,"20,406,600.00",40.00,40
14/05/2024,BATA,"76,107,600.00",3.20,3.2
14/05/2024,CHIL,"200,039,904.00",14.01,14.1
15/05/2024,REIZ,"56,460,198.00",2.00,2
15/05/2024,ZMFA,"27,090,100.00",5.01,5.01
15/05/2024,ZNCO,"1,443,750,041.28",6.51,6.51
15/05/2024,ZCCM,"160,800,286.00",47.55,47.55
15/05/2024,ZFCO,"400,000,000.00",2.53,2.53
15/05/2024,BATZ,"212,456,304.00",2.47,2.47
15/05/2024,NATB,"63,000,000.00",4.10,4.1
15/05/2024,PUMA,"500,000,000.00",3.00,3
15/05/2024,SHOP,"2,700,000.00",64.00,64
15/05/2024,CCAF,"1,625,000,597.00",0.56,0.56
15/05/2024,PMDZ,"100,000,000.00",4.62,4.62
15/05/2024,ATEL,"104,000,000.00",43.49,43.5
15/05/2024,CECZ,"1,625,000,597.00",7.70,7.7
15/05/2024,ZABR,"546,000,000.00",7.00,7
15/05/2024,MAFS,"50,000,000.00",1.86,1.86
15/05/2024,ZMBF,"300,579,610.00",2.20,2.2
15/05/2024,SCBL,"1,666,980,000.00",3.50,3.5
15/05/2024,ZSUG,"316,571,385.40",35.00,35
15/05/2024,ZMRE,"45,000,000.00",2.80,2.8
15/05/2024,AECI,"20,406,600.00",40.00,40
15/05/2024,BATA,"76,107,600.00",3.20,3.2
15/05/2024,CHIL,"200,039,904.00",14.10,14.1
16/05/2024,REIZ,"56,460,198.00",2.00,2
16/05/2024,ZMFA,"27,090,100.00",5.01,5.01
16/05/2024,ZNCO,"1,443,750,041.28",6.51,6.51
16/05/2024,ZCCM,"160,800,286.00",47.55,47.55
16/05/2024,ZFCO,"400,000,000.00",2.53,2.53
16/05/2024,BATZ,"212,456,304.00",2.47,2.47
16/05/2024,NATB,"63,000,000.00",4.10,4.1
16/05/2024,PUMA,"500,000,000.00",3.00,3
16/05/2024,SHOP,"2,700,000.00",64.00,64
16/05/2024,CCAF,"1,625,000,597.00",0.57,0.57
16/05/2024,PMDZ,"100,000,000.00",4.62,4.62
16/05/2024,ATEL,"104,000,000.00",43.50,43.5
16/05/2024,CECZ,"1,625,000,597.00",7.70,7.7
16/05/2024,ZABR,"546,000,000.00",7.00,7
16/05/2024,MAFS,"50,000,000.00",1.86,1.86
16/05/2024,ZMBF,"300,579,610.00",2.20,2.2
16/05/2024,SCBL,"1,666,980,000.00",3.50,3.5
16/05/2024,ZSUG,"316,571,385.40",35.00,35
16/05/2024,ZMRE,"45,000,000.00",2.80,2.8
16/05/2024,AECI,"20,406,600.00",40.00,40
16/05/2024,BATA,"76,107,600.00",3.20,3.2
16/05/2024,CHIL,"200,039,904.00",14.10,14.21
17/05/2024,REIZ,"56,460,198.00",2.00,2
17/05/2024,ZMFA,"27,090,100.00",5.01,5.01
17/05/2024,ZNCO,"1,443,750,041.28",6.51,6.51
17/05/2024,ZCCM,"160,800,286.00",47.55,47.55
17/05/2024,ZFCO,"400,000,000.00",2.53,2.53
17/05/2024,BATZ,"212,456,304.00",2.47,2.47
17/05/2024,NATB,"63,000,000.00",4.10,4.1
17/05/2024,PUMA,"500,000,000.00",3.00,3
17/05/2024,SHOP,"2,700,000.00",64.00,64
17/05/2024,CCAF,"1,625,000,597.00",0.57,0.57
17/05/2024,PMDZ,"100,000,000.00",4.62,4.62
17/05/2024,ATEL,"104,000,000.00",43.50,43.5
17/05/2024,CECZ,"1,625,000,597.00",7.70,7.7
17/05/2024,ZABR,"546,000,000.00",7.00,7
17/05/2024,MAFS,"50,000,000.00",1.86,1.86
17/05/2024,ZMBF,"300,579,610.00",2.20,2.2
17/05/2024,SCBL,"1,666,980,000.00",3.50,3.5
17/05/2024,ZSUG,"316,571,385.40",35.00,35
17/05/2024,ZMRE,"45,000,000.00",2.80,2.8
17/05/2024,AECI,"20,406,600.00",40.00,40
17/05/2024,BATA,"76,107,600.00",3.20,3.2
17/05/2024,CHIL,"200,039,904.00",14.21,14.21
20/05/2024,REIZ,"56,460,198.00",2.00,2
20/05/2024,ZMFA,"27,090,100.00",5.01,5.01
20/05/2024,ZNCO,"1,443,750,041.28",6.51,6.49
20/05/2024,ZCCM,"160,800,286.00",47.55,48
20/05/2024,ZFCO,"400,000,000.00",2.53,2.53
20/05/2024,BATZ,"212,456,304.00",2.47,2.47
20/05/2024,NATB,"63,000,000.00",4.10,4.1
20/05/2024,PUMA,"500,000,000.00",3.00,3
20/05/2024,SHOP,"2,700,000.00",64.00,64
20/05/2024,CCAF,"1,625,000,597.00",0.57,0.57
20/05/2024,PMDZ,"100,000,000.00",4.62,4.62
20/05/2024,ATEL,"104,000,000.00",43.50,43.5
20/05/2024,CECZ,"1,625,000,597.00",7.70,7.7
20/05/2024,ZABR,"546,000,000.00",7.00,7
20/05/2024,MAFS,"50,000,000.00",1.86,1.86
20/05/2024,ZMBF,"300,579,610.00",2.20,2.2
20/05/2024,SCBL,"1,666,980,000.00",3.50,3.5
20/05/2024,ZSUG,"316,571,385.40",35.00,35
20/05/2024,ZMRE,"45,000,000.00",2.80,2.8
20/05/2024,AECI,"20,406,600.00",40.00,40
20/05/2024,BATA,"76,107,600.00",3.20,3.2
20/05/2024,CHIL,"200,039,904.00",14.21,14.21
21/05/2024,ZMRE,"5,000,000,000.00",1.00,1
21/05/2024,ZABR,0,1,1
21/05/2024,PUMA,0,1,1
21/05/2024,REIZ,"56,460,198.00",2.00,2
21/05/2024,ZMFA,"27,090,100.00",5.01,5.01
21/05/2024,ZNCO,"1,443,750,041.28",6.50,6.48
21/05/2024,ZCCM,"160,800,286.00",48.00,48
21/05/2024,ZFCO,"400,000,000.00",2.53,2.53
21/05/2024,BATZ,"212,456,304.00",2.47,2.47
21/05/2024,NATB,"63,000,000.00",4.10,4.1
21/05/2024,PUMA,"500,000,000.00",3.00,3
21/05/2024,SHOP,"2,700,000.00",64.00,64
21/05/2024,CCAF,"1,625,000,597.00",0.57,0.58
21/05/2024,PMDZ,"100,000,000.00",4.62,4.62
21/05/2024,ATEL,"104,000,000.00",43.50,43.5
21/05/2024,CECZ,"1,625,000,597.00",7.70,7.7
21/05/2024,ZABR,"546,000,000.00",7.00,7
21/05/2024,MAFS,"50,000,000.00",1.86,1.86
21/05/2024,ZMBF,"300,579,610.00",2.20,2.2
21/05/2024,SCBL,"1,666,980,000.00",3.35,3.5
21/05/2024,ZSUG,"316,571,385.40",35.00,35
21/05/2024,ZMRE,"45,000,000.00",2.80,2.8
21/05/2024,AECI,"20,406,600.00",40.00,40
21/05/2024,BATA,"76,107,600.00",3.20,3.2
21/05/2024,CHIL,"200,039,904.00",14.21,14.21
22/05/2024,REIZ,"56,460,198.00",2.00,2
22/05/2024,ZMFA,"27,090,100.00",5.01,5.01
22/05/2024,ZNCO,"1,443,750,041.28",6.49,6.48
22/05/2024,ZCCM,"160,800,286.00",48.00,48
22/05/2024,ZFCO,"400,000,000.00",2.53,2.53
22/05/2024,BATZ,"212,456,304.00",2.47,2.47
22/05/2024,NATB,"63,000,000.00",4.10,4.1
22/05/2024,PUMA,"500,000,000.00",3.00,3
22/05/2024,SHOP,"2,700,000.00",64.00,64
22/05/2024,CCAF,"1,625,000,597.00",0.58,0.58
22/05/2024,PMDZ,"100,000,000.00",4.62,4.62
22/05/2024,ATEL,"104,000,000.00",43.50,43.5
22/05/2024,CECZ,"1,625,000,597.00",7.70,7.7
22/05/2024,ZABR,"546,000,000.00",7.00,7
22/05/2024,MAFS,"50,000,000.00",1.86,1.86
22/05/2024,ZMBF,"300,579,610.00",2.20,2.19
22/05/2024,SCBL,"1,666,980,000.00",3.50,3.15
22/05/2024,ZSUG,"316,571,385.40",35.00,35
22/05/2024,ZMRE,"45,000,000.00",2.80,2.8
22/05/2024,AECI,"20,406,600.00",40.00,40
22/05/2024,BATA,"76,107,600.00",3.20,3.2
22/05/2024,CHIL,"200,039,904.00",14.21,16.5
23/05/2024,REIZ,"56,460,198.00",2.00,2
23/05/2024,ZMFA,"27,090,100.00",5.01,5.01
23/05/2024,ZNCO,"1,443,750,041.28",6.47,6.48
23/05/2024,ZCCM,"160,800,286.00",48.00,48
23/05/2024,ZFCO,"400,000,000.00",2.53,2.53
23/05/2024,BATZ,"212,456,304.00",2.47,2.47
23/05/2024,NATB,"63,000,000.00",4.10,4.1
23/05/2024,PUMA,"500,000,000.00",3.00,3
23/05/2024,SHOP,"2,700,000.00",64.00,64
23/05/2024,CCAF,"1,625,000,597.00",0.59,0.59
23/05/2024,PMDZ,"100,000,000.00",4.62,4.62
23/05/2024,ATEL,"104,000,000.00",43.50,43.5
23/05/2024,CECZ,"1,625,000,597.00",7.72,7.72
23/05/2024,ZABR,"546,000,000.00",7.00,7
23/05/2024,MAFS,"50,000,000.00",1.86,1.86
23/05/2024,ZMBF,"300,579,610.00",2.19,2.19
23/05/2024,SCBL,"1,666,980,000.00",3.31,3.5
23/05/2024,ZSUG,"316,571,385.40",35.00,35
23/05/2024,ZMRE,"45,000,000.00",2.80,2.8
23/05/2024,AECI,"20,406,600.00",40.00,40
23/05/2024,BATA,"76,107,600.00",3.20,3.2
23/05/2024,CHIL,"200,039,904.00",16.50,16.5
24/05/2024,REIZ,"56,460,198.00",2.00,2
24/05/2024,ZMFA,"27,090,100.00",5.01,5.01
24/05/2024,ZNCO,"1,443,750,041.28",6.48,6.47
24/05/2024,ZCCM,"160,800,286.00",48.00,48
24/05/2024,ZFCO,"400,000,000.00",2.53,2.53
24/05/2024,BATZ,"212,456,304.00",2.47,2.47
24/05/2024,NATB,"63,000,000.00",4.10,4.1
24/05/2024,PUMA,"500,000,000.00",3.00,3.75
24/05/2024,SHOP,"2,700,000.00",64.00,64
24/05/2024,CCAF,"1,625,000,597.00",0.59,0.59
24/05/2024,PMDZ,"100,000,000.00",4.62,4.62
24/05/2024,ATEL,"104,000,000.00",43.50,43.5
24/05/2024,CECZ,"1,625,000,597.00",7.72,7.74
24/05/2024,ZABR,"546,000,000.00",7.00,7
24/05/2024,MAFS,"50,000,000.00",1.86,1.86
24/05/2024,ZMBF,"300,579,610.00",2.19,2.2
24/05/2024,SCBL,"1,666,980,000.00",3.37,3.5
24/05/2024,ZSUG,"316,571,385.40",35.00,35
24/05/2024,ZMRE,"45,000,000.00",2.80,2.8
24/05/2024,AECI,"20,406,600.00",40.00,40
24/05/2024,BATA,"76,107,600.00",3.20,3.9
24/05/2024,CHIL,"200,039,904.00",16.50,16.5
27/05/2024,REIZ,"56,460,198.00",2.00,2
27/05/2024,ZMFA,"27,090,100.00",5.01,5.01
27/05/2024,ZNCO,"1,443,750,041.28",6.47,6.48
27/05/2024,ZCCM,"160,800,286.00",48.00,48
27/05/2024,ZFCO,"400,000,000.00",2.53,2.53
27/05/2024,BATZ,"212,456,304.00",2.47,2.47
27/05/2024,NATB,"63,000,000.00",4.10,4.1
27/05/2024,PUMA,"500,000,000.00",3.75,3.75
27/05/2024,SHOP,"2,700,000.00",64.00,64
27/05/2024,CCAF,"1,625,000,597.00",0.59,0.6
27/05/2024,PMDZ,"100,000,000.00",4.62,4.62
27/05/2024,ATEL,"104,000,000.00",43.50,43.5
27/05/2024,CECZ,"1,625,000,597.00",7.75,7.75
27/05/2024,ZABR,"546,000,000.00",7.00,7
27/05/2024,MAFS,"50,000,000.00",1.86,1.86
27/05/2024,ZMBF,"300,579,610.00",2.20,2.19
27/05/2024,SCBL,"1,666,980,000.00",3.50,3.5
27/05/2024,ZSUG,"316,571,385.40",35.00,35
27/05/2024,ZMRE,"45,000,000.00",2.80,2.8
27/05/2024,AECI,"20,406,600.00",40.00,40
27/05/2024,BATA,"76,107,600.00",3.90,4.8
27/05/2024,CHIL,"200,039,904.00",16.50,16.5
28/05/2024,REIZ,"56,460,198.00",2.00,2
28/05/2024,ZMFA,"27,090,100.00",5.01,5.01
28/05/2024,ZNCO,"1,443,750,041.28",6.48,6.48
28/05/2024,ZCCM,"160,800,286.00",48.00,48
28/05/2024,ZFCO,"400,000,000.00",2.53,2.53
28/05/2024,BATZ,"212,456,304.00",2.47,2.47
28/05/2024,NATB,"63,000,000.00",4.10,4.1
28/05/2024,PUMA,"500,000,000.00",3.75,3.75
28/05/2024,SHOP,"2,700,000.00",64.00,64
28/05/2024,CCAF,"1,625,000,597.00",0.60,0.6
28/05/2024,PMDZ,"100,000,000.00",4.62,4.62
28/05/2024,ATEL,"104,000,000.00",43.50,43.5
28/05/2024,CECZ,"1,625,000,597.00",7.75,7.75
28/05/2024,ZABR,"546,000,000.00",7.00,7
28/05/2024,MAFS,"50,000,000.00",1.86,1.86
28/05/2024,ZMBF,"300,579,610.00",2.19,2.19
28/05/2024,SCBL,"1,666,980,000.00",3.50,3.5
28/05/2024,ZSUG,"316,571,385.40",35.00,35
28/05/2024,ZMRE,"45,000,000.00",2.80,2.8
28/05/2024,AECI,"20,406,600.00",40.00,40
28/05/2024,BATA,"76,107,600.00",4.80,4.8
28/05/2024,CHIL,"200,039,904.00",16.50,16.5
29/05/2024,REIZ,"56,460,198.00",2.00,2
29/05/2024,ZMFA,"27,090,100.00",5.01,5.01
29/05/2024,ZNCO,"1,443,750,041.28",6.48,6.47
29/05/2024,ZCCM,"160,800,286.00",48.00,48
29/05/2024,ZFCO,"400,000,000.00",2.53,2.53
29/05/2024,BATZ,"212,456,304.00",2.47,2.5
29/05/2024,NATB,"63,000,000.00",4.10,4.1
29/05/2024,PUMA,"500,000,000.00",3.75,3.75
29/05/2024,SHOP,"2,700,000.00",64.00,64
29/05/2024,CCAF,"1,625,000,597.00",0.60,0.6
29/05/2024,PMDZ,"100,000,000.00",4.62,4.62
29/05/2024,ATEL,"104,000,000.00",43.50,43.5
29/05/2024,CECZ,"1,625,000,597.00",7.75,7.77
29/05/2024,ZABR,"546,000,000.00",7.00,7
29/05/2024,MAFS,"50,000,000.00",1.86,1.86
29/05/2024,ZMBF,"300,579,610.00",2.19,2.19
29/05/2024,SCBL,"1,666,980,000.00",3.50,3.5
29/05/2024,ZSUG,"316,571,385.40",35.00,35
29/05/2024,ZMRE,"45,000,000.00",2.80,2.8
29/05/2024,AECI,"20,406,600.00",40.00,40
29/05/2024,BATA,"76,107,600.00",4.80,4.8
29/05/2024,CHIL,"200,039,904.00",16.50,16.5
30/05/2024,REIZ,"56,460,198.00",2.00,2
30/05/2024,ZMFA,"27,090,100.00",5.01,5.01
30/05/2024,ZNCO,"1,443,750,041.28",6.47,6.47
30/05/2024,ZCCM,"160,800,286.00",48.00,48
30/05/2024,ZFCO,"400,000,000.00",2.53,2.53
30/05/2024,BATZ,"212,456,304.00",2.50,2.5
30/05/2024,NATB,"63,000,000.00",4.10,4.1
30/05/2024,PUMA,"500,000,000.00",3.75,3.75
30/05/2024,SHOP,"2,700,000.00",64.00,64
30/05/2024,CCAF,"1,625,000,597.00",0.60,0.58
30/05/2024,PMDZ,"100,000,000.00",4.62,4.62
30/05/2024,ATEL,"104,000,000.00",43.50,43.5
30/05/2024,CECZ,"1,625,000,597.00",7.75,7.77
30/05/2024,ZABR,"546,000,000.00",7.00,7
30/05/2024,MAFS,"50,000,000.00",1.86,1.86
30/05/2024,ZMBF,"300,579,610.00",2.19,2.19
30/05/2024,SCBL,"1,666,980,000.00",3.50,3.5
30/05/2024,ZSUG,"316,571,385.40",35.00,35
30/05/2024,ZMRE,"45,000,000.00",2.80,2.8
30/05/2024,AECI,"20,406,600.00",40.00,40
30/05/2024,BATA,"76,107,600.00",4.87,4.88
30/05/2024,CHIL,"200,039,904.00",16.50,16.5
31/05/2024,REIZ,"56,460,198.00",2.00,2
31/05/2024,ZMFA,"27,090,100.00",5.01,5.01
31/05/2024,ZNCO,"1,443,750,041.28",6.49,6.47
31/05/2024,ZCCM,"160,800,286.00",48.00,48
31/05/2024,ZFCO,"400,000,000.00",2.53,2.53
31/05/2024,BATZ,"212,456,304.00",2.50,2.5
31/05/2024,NATB,"63,000,000.00",4.10,4.1
31/05/2024,PUMA,"500,000,000.00",3.75,3.75
31/05/2024,SHOP,"2,700,000.00",64.00,64
31/05/2024,CCAF,"1,625,000,597.00",0.59,0.6
31/05/2024,PMDZ,"100,000,000.00",4.62,4.62
31/05/2024,ATEL,"104,000,000.00",43.50,43.5
31/05/2024,CECZ,"1,625,000,597.00",7.77,7.77
31/05/2024,ZABR,"546,000,000.00",7.00,7
31/05/2024,MAFS,"50,000,000.00",1.86,1.86
31/05/2024,ZMBF,"300,579,610.00",2.19,2.19
31/05/2024,SCBL,"1,666,980,000.00",3.50,3.5
31/05/2024,ZSUG,"316,571,385.40",35.00,35
31/05/2024,ZMRE,"45,000,000.00",2.80,2.8
31/05/2024,AECI,"20,406,600.00",40.00,40
31/05/2024,BATA,"76,107,600.00",4.88,4.88
31/05/2024,CHIL,"200,039,904.00",16.50,16.5
03/06/2024,REIZ,"56,460,198.00",2.00,2
03/06/2024,ZMFA,"27,090,100.00",5.01,5.01
03/06/2024,ZNCO,"1,443,750,041.28",6.47,6.47
03/06/2024,ZCCM,"160,800,286.00",48.00,48
03/06/2024,ZFCO,"400,000,000.00",2.53,2.53
03/06/2024,BATZ,"212,456,304.00",2.50,2.5
03/06/2024,NATB,"63,000,000.00",4.10,4.1
03/06/2024,PUMA,"500,000,000.00",3.75,3.75
03/06/2024,SHOP,"2,700,000.00",64.00,64
03/06/2024,CCAF,"1,625,000,597.00",0.60,0.6
03/06/2024,PMDZ,"100,000,000.00",4.62,4.62
03/06/2024,ATEL,"104,000,000.00",43.50,43.5
03/06/2024,CECZ,"1,625,000,597.00",7.77,7.78
03/06/2024,ZABR,"546,000,000.00",7.00,7
03/06/2024,MAFS,"50,000,000.00",1.86,1.86
03/06/2024,ZMBF,"300,579,610.00",2.19,2.19
03/06/2024,SCBL,"1,666,980,000.00",3.50,3.5
03/06/2024,ZSUG,"316,571,385.40",35.00,35
03/06/2024,ZMRE,"45,000,000.00",2.80,2.8
03/06/2024,AECI,"20,406,600.00",40.00,40
03/06/2024,BATA,"76,107,600.00",4.88,4.88
03/06/2024,CHIL,"200,039,904.00",16.50,16.5
04/06/2024,REIZ,"56,460,198.00",2.00,2
04/06/2024,ZMFA,"27,090,100.00",5.01,5.01
04/06/2024,ZNCO,"1,443,750,041.28",6.47,6.46
04/06/2024,ZCCM,"160,800,286.00",48.00,48
04/06/2024,ZFCO,"400,000,000.00",2.53,2.53
04/06/2024,BATZ,"212,456,804.00",2.50,2.5
04/06/2024,NATB,"63,000,000.00",4.10,4.1
04/06/2024,PUMA,"500,000,000.00",3.75,3.75
04/06/2024,SHOP,"2,700,000.00",64.00,64
04/06/2024,CCAF,"1,625,000,597.00",0.60,0.6
04/06/2024,PMDZ,"100,000,000.00",4.62,4.62
04/06/2024,ATEL,"104,000,000.00",43.50,43.5
04/06/2024,CECZ,"1,625,000,597.00",7.79,7.81
04/06/2024,ZABR,"546,000,000.00",7.00,7
04/06/2024,MAFS,"50,000,000.00",1.86,1.86
04/06/2024,ZMBF,"300,579,610.00",2.19,2.19
04/06/2024,SCBL,"1,666,980,000.00",3.50,3.5
04/06/2024,ZSUG,"316,571,385.40",35.00,35
04/06/2024,ZMRE,"45,000,000.00",2.80,2.8
04/06/2024,AECI,"20,406,600.00",40.00,40
04/06/2024,BATA,"76,107,600.00",4.88,4.88
04/06/2024,CHIL,"200,039,904.00",16.50,16.5
05/06/2024,REIZ,"56,460,198.00",2.00,2
05/06/2024,ZMFA,"27,090,100.00",5.01,5.01
05/06/2024,ZNCO,"1,443,750,041.28",6.46,6.47
05/06/2024,ZCCM,"160,800,286.00",48.00,48
05/06/2024,ZFCO,"400,000,000.00",2.53,2.53
05/06/2024,BATZ,"212,456,804.00",2.50,2.5
05/06/2024,NATB,"63,000,000.00",4.10,4.1
05/06/2024,PUMA,"500,000,000.00",3.75,3.75
05/06/2024,SHOP,"2,700,000.00",64.00,64
05/06/2024,CCAF,"1,625,000,597.00",0.60,0.6
05/06/2024,PMDZ,"100,000,000.00",4.62,4.62
05/06/2024,ATEL,"104,000,000.00",43.50,43.5
05/06/2024,CECZ,"1,625,000,597.00",7.81,7.81
05/06/2024,ZABR,"546,000,000.00",7.00,7
05/06/2024,MAFS,"50,000,000.00",1.86,1.86
05/06/2024,ZMBF,"300,579,610.00",2.19,2.15
05/06/2024,SCBL,"1,666,980,000.00",3.50,3.5
05/06/2024,ZSUG,"316,571,385.40",35.00,35
05/06/2024,ZMRE,"45,000,000.00",2.80,2.8
05/06/2024,AECI,"20,406,600.00",40.00,40
05/06/2024,BATA,"76,107,600.00",4.88,4.88
05/06/2024,CHIL,"200,039,904.00",16.50,16.5
06/06/2024,REIZ,"56,460,198.00",2.00,2
06/06/2024,ZMFA,"27,090,100.00",5.01,5.01
06/06/2024,ZNCO,"1,443,750,041.28",6.46,6.46
06/06/2024,ZCCM,"160,800,286.00",48.00,48
06/06/2024,ZFCO,"400,000,000.00",2.53,2.4
06/06/2024,BATZ,"212,456,804.00",2.50,2.5
06/06/2024,NATB,"63,000,000.00",4.10,4.1
06/06/2024,PUMA,"500,000,000.00",3.75,3.75
06/06/2024,SHOP,"2,700,000.00",64.00,64
06/06/2024,CCAF,"1,625,000,597.00",0.60,0.6
06/06/2024,PMDZ,"100,000,000.00",4.62,4.62
06/06/2024,ATEL,"104,000,000.00",43.50,43.5
06/06/2024,CECZ,"1,625,000,597.00",7.83,7.83
06/06/2024,ZABR,"546,000,000.00",7.00,7
06/06/2024,MAFS,"50,000,000.00",1.86,1.86
06/06/2024,ZMBF,"300,579,610.00",2.15,2.15
06/06/2024,SCBL,"1,666,980,000.00",3.50,3.5
06/06/2024,ZSUG,"316,571,385.40",35.00,35
06/06/2024,ZMRE,"45,000,000.00",2.80,2.8
06/06/2024,AECI,"20,406,600.00",40.00,40
06/06/2024,BATA,"76,107,600.00",4.88,4.88
06/06/2024,CHIL,"200,039,904.00",16.50,16.5
07/06/2024,REIZ,"56,460,198.00",2.00,2
07/06/2024,ZMFA,"27,090,100.00",5.01,5.01
07/06/2024,ZNCO,"1,443,750,041.28",6.46,6.45
07/06/2024,ZCCM,"160,800,286.00",48.00,48
07/06/2024,ZFCO,"400,000,000.00",2.40,2.4
07/06/2024,BATZ,"212,456,804.00",2.50,2.5
07/06/2024,NATB,"63,000,000.00",4.10,4.1
07/06/2024,PUMA,"500,000,000.00",3.75,3.75
07/06/2024,SHOP,"2,700,000.00",64.00,64
07/06/2024,CCAF,"1,625,000,597.00",0.60,0.59
07/06/2024,PMDZ,"100,000,000.00",4.62,4.62
07/06/2024,ATEL,"104,000,000.00",43.50,43.5
07/06/2024,CECZ,"1,625,000,597.00",7.83,7.87
07/06/2024,ZABR,"546,000,000.00",7.00,7
07/06/2024,MAFS,"50,000,000.00",1.86,1.86
07/06/2024,ZMBF,"300,579,610.00",2.15,2.15
07/06/2024,SCBL,"1,666,980,000.00",3.50,3.5
07/06/2024,ZSUG,"316,571,385.40",35.00,35
07/06/2024,ZMRE,"45,000,000.00",2.80,2.8
07/06/2024,AECI,"20,406,600.00",40.00,40
07/06/2024,BATA,"76,107,600.00",4.88,4.88
07/06/2024,CHIL,"200,039,904.00",16.50,16.5
10/06/2024,REIZ,"56,460,198.00",2.00,2
10/06/2024,ZMFA,"27,090,100.00",5.01,5.01
10/06/2024,ZNCO,"1,443,750,041.28",6.41,6.35
10/06/2024,ZCCM,"160,800,286.00",48.00,48
10/06/2024,ZFCO,"400,000,000.00",2.40,2.4
10/06/2024,BATZ,"212,456,804.00",2.50,2.5
10/06/2024,NATB,"63,000,000.00",4.10,4.1
10/06/2024,PUMA,"500,000,000.00",3.75,3.75
10/06/2024,SHOP,"2,700,000.00",64.00,64
10/06/2024,CCAF,"1,625,000,597.00",0.60,0.6
10/06/2024,PMDZ,"100,000,000.00",4.62,4.62
10/06/2024,ATEL,"104,000,000.00",43.50,43.5
10/06/2024,CECZ,"1,625,000,597.00",7.87,8
10/06/2024,ZABR,"546,000,000.00",7.00,7
10/06/2024,MAFS,"50,000,000.00",1.86,1.86
10/06/2024,ZMBF,"300,579,610.00",2.15,2.15
10/06/2024,SCBL,"1,666,980,000.00",3.50,3.5
10/06/2024,ZSUG,"316,571,385.40",35.00,35
10/06/2024,ZMRE,"45,000,000.00",2.80,2.8
10/06/2024,AECI,"20,406,600.00",40.00,40
10/06/2024,BATA,"76,107,600.00",4.88,4.88
10/06/2024,CHIL,"200,039,904.00",16.50,16.5
11/06/2024,REIZ,"56,460,198.00",2.00,2
11/06/2024,ZMFA,"27,090,100.00",5.01,5.01
11/06/2024,ZNCO,"1,443,750,041.28",6.42,6.4
11/06/2024,ZCCM,"160,800,286.00",48.00,48
11/06/2024,ZFCO,"400,000,000.00",2.40,2.4
11/06/2024,BATZ,"212,456,804.00",2.50,2.5
11/06/2024,NATB,"63,000,000.00",4.10,4.1
11/06/2024,PUMA,"500,000,000.00",3.75,3.75
11/06/2024,SHOP,"2,700,000.00",64.00,64
11/06/2024,CCAF,"1,625,000,597.00",0.60,0.6
11/06/2024,PMDZ,"100,000,000.00",4.62,4.62
11/06/2024,ATEL,"104,000,000.00",43.50,43.5
11/06/2024,CECZ,"1,625,000,597.00",8.01,8.01
11/06/2024,ZABR,"546,000,000.00",7.00,7
11/06/2024,MAFS,"50,000,000.00",1.86,1.86
11/06/2024,ZMBF,"300,579,610.00",2.15,2.15
11/06/2024,SCBL,"1,666,980,000.00",3.50,3.5
11/06/2024,ZSUG,"316,571,385.40",35.00,35
11/06/2024,ZMRE,"45,000,000.00",2.80,2.8
11/06/2024,AECI,"20,406,600.00",40.00,40
11/06/2024,BATA,"76,107,600.00",4.88,4.88
11/06/2024,CHIL,"200,039,904.00",16.50,16.5
12/06/2024,REIZ,"56,460,198.00",2.00,2
12/06/2024,ZMFA,"27,090,100.00",5.01,5.01
12/06/2024,ZNCO,"1,443,750,041.28",6.40,6.39
12/06/2024,ZCCM,"160,800,286.00",48.00,48
12/06/2024,ZFCO,"400,000,000.00",2.40,2.53
12/06/2024,BATZ,"212,456,804.00",2.50,2.5
12/06/2024,NATB,"63,000,000.00",4.10,4.1
12/06/2024,PUMA,"500,000,000.00",3.75,3.75
12/06/2024,SHOP,"2,700,000.00",64.00,64
12/06/2024,CCAF,"1,625,000,597.00",0.60,0.6
12/06/2024,PMDZ,"100,000,000.00",4.62,4.62
12/06/2024,ATEL,"104,000,000.00",43.50,43.5
12/06/2024,CECZ,"1,625,000,597.00",8.01,8.02
12/06/2024,ZABR,"546,000,000.00",7.00,7
12/06/2024,MAFS,"50,000,000.00",1.86,1.86
12/06/2024,ZMBF,"300,579,610.00",2.15,2.15
12/06/2024,SCBL,"1,666,980,000.00",3.50,3.5
12/06/2024,ZSUG,"316,571,385.40",35.00,35
12/06/2024,ZMRE,"45,000,000.00",2.80,2.8
12/06/2024,AECI,"20,406,600.00",40.00,40
12/06/2024,BATA,"76,107,600.00",4.88,4.88
12/06/2024,CHIL,"200,039,904.00",16.50,16.5
13/06/2024,REIZ,"56,460,198.00",2.00,2
13/06/2024,ZMFA,"27,090,100.00",5.01,5.01
13/06/2024,ZNCO,"1,443,750,041.28",6.40,6.4
13/06/2024,ZCCM,"160,800,286.00",48.00,48
13/06/2024,ZFCO,"400,000,000.00",2.53,2.25
13/06/2024,BATZ,"212,456,804.00",2.50,2.5
13/06/2024,NATB,"63,000,000.00",4.10,4.1
13/06/2024,PUMA,"500,000,000.00",3.75,3.75
13/06/2024,SHOP,"2,700,000.00",64.00,64
13/06/2024,CCAF,"1,625,000,597.00",0.60,0.6
13/06/2024,PMDZ,"100,000,000.00",4.62,4.62
13/06/2024,ATEL,"104,000,000.00",43.50,43.5
13/06/2024,CECZ,"1,625,000,597.00",8.02,8.02
13/06/2024,ZABR,"546,000,000.00",7.00,7
13/06/2024,MAFS,"50,000,000.00",1.86,1.86
13/06/2024,ZMBF,"300,579,610.00",2.15,2.12
13/06/2024,SCBL,"1,666,980,000.00",3.50,3.5
13/06/2024,ZSUG,"316,571,385.40",35.00,35
13/06/2024,ZMRE,"45,000,000.00",2.80,2.8
13/06/2024,AECI,"20,406,600.00",40.00,40
13/06/2024,BATA,"76,107,600.00",4.88,4.88
13/06/2024,CHIL,"200,039,904.00",16.50,16.5
14/06/2024,REIZ,"56,460,198.00",2.00,2
14/06/2024,ZMFA,"27,090,100.00",5.01,5.01
14/06/2024,ZNCO,"1,443,750,041.28",6.40,6.4
14/06/2024,ZCCM,"160,800,286.00",48.00,48
14/06/2024,ZFCO,"400,000,000.00",2.25,2.53
14/06/2024,BATZ,"212,456,804.00",2.53,2.53
14/06/2024,NATB,"63,000,000.00",4.10,4.1
14/06/2024,PUMA,"500,000,000.00",3.75,3.75
14/06/2024,SHOP,"2,700,000.00",64.00,64
14/06/2024,CCAF,"1,625,000,597.00",0.60,0.6
14/06/2024,PMDZ,"100,000,000.00",4.62,4.62
14/06/2024,ATEL,"104,000,000.00",43.50,43.5
14/06/2024,CECZ,"1,625,000,597.00",8.13,8.13
14/06/2024,ZABR,"546,000,000.00",7.00,7
14/06/2024,MAFS,"50,000,000.00",1.86,1.86
14/06/2024,ZMBF,"300,579,610.00",2.12,2.15
14/06/2024,SCBL,"1,666,980,000.00",3.50,3.5
14/06/2024,ZSUG,"316,571,385.40",35.00,35
14/06/2024,ZMRE,"45,000,000.00",2.80,2.8
14/06/2024,AECI,"20,406,600.00",40.00,40
14/06/2024,BATA,"76,107,600.00",4.88,4.88
14/06/2024,CHIL,"200,039,904.00",16.50,16.5
17/06/2024,REIZ,"56,460,198.00",2.00,2
17/06/2024,ZMFA,"27,090,100.00",5.01,5.01
17/06/2024,ZNCO,"1,443,750,041.28",6.40,6.4
17/06/2024,ZCCM,"160,800,286.00",48.00,48
17/06/2024,ZFCO,"400,000,000.00",2.53,2.53
17/06/2024,BATZ,"212,456,804.00",2.53,2.53
17/06/2024,NATB,"63,000,000.00",4.10,4.1
17/06/2024,PUMA,"500,000,000.00",3.75,3.75
17/06/2024,SHOP,"2,700,000.00",64.00,64
17/06/2024,CCAF,"1,625,000,597.00",0.60,0.6
17/06/2024,PMDZ,"100,000,000.00",4.62,4.62
17/06/2024,ATEL,"104,000,000.00",43.50,43.5
17/06/2024,CECZ,"1,625,000,597.00",8.13,8.13
17/06/2024,ZABR,"546,000,000.00",7.00,7
17/06/2024,MAFS,"50,000,000.00",1.86,1.86
17/06/2024,ZMBF,"300,579,610.00",2.15,2.15
17/06/2024,SCBL,"1,666,980,000.00",3.50,3.5
17/06/2024,ZSUG,"316,571,385.40",35.00,35
17/06/2024,ZMRE,"45,000,000.00",2.80,2.8
17/06/2024,AECI,"20,406,600.00",40.00,40
17/06/2024,BATA,"76,107,600.00",4.88,4.88
17/06/2024,CHIL,"200,039,904.00",16.50,16.5
18/06/2024,REIZ,"56,460,198.00",2.00,2
18/06/2024,ZMFA,"27,090,100.00",5.01,5.01
18/06/2024,ZNCO,"1,443,750,041.28",6.40,6.4
18/06/2024,ZCCM,"160,800,286.00",48.00,48
18/06/2024,ZFCO,"400,000,000.00",2.53,2.53
18/06/2024,BATZ,"212,456,804.00",2.53,2.53
18/06/2024,NATB,"63,000,000.00",4.10,4.1
18/06/2024,PUMA,"500,000,000.00",3.75,3.8
18/06/2024,SHOP,"2,700,000.00",64.00,64
18/06/2024,CCAF,"1,625,000,597.00",0.60,0.6
18/06/2024,PMDZ,"100,000,000.00",4.62,4.62
18/06/2024,ATEL,"104,000,000.00",43.50,43.5
18/06/2024,CECZ,"1,625,000,597.00",8.13,10
18/06/2024,ZABR,"546,000,000.00",7.00,7
18/06/2024,MAFS,"50,000,000.00",1.86,1.86
18/06/2024,ZMBF,"300,579,610.00",2.15,2.15
18/06/2024,SCBL,"1,666,980,000.00",3.50,3.5
18/06/2024,ZSUG,"316,571,385.40",35.00,35
18/06/2024,ZMRE,"45,000,000.00",2.80,2.8
18/06/2024,AECI,"20,406,600.00",40.00,40
18/06/2024,BATA,"76,107,600.00",4.88,4.88
18/06/2024,CHIL,"200,039,904.00",16.50,16.5
19/06/2024,REIZ,"56,460,198.00",2.00,2
19/06/2024,ZMFA,"27,090,100.00",5.01,5.01
19/06/2024,ZNCO,"1,443,750,041.28",6.38,6.3
19/06/2024,ZCCM,"160,800,286.00",48.00,48
19/06/2024,ZFCO,"400,000,000.00",2.53,2.53
19/06/2024,BATZ,"212,456,804.00",2.53,2.53
19/06/2024,NATB,"63,000,000.00",4.10,4.1
19/06/2024,PUMA,"500,000,000.00",3.95,3.95
19/06/2024,SHOP,"2,700,000.00",64.00,80
19/06/2024,CCAF,"1,625,000,597.00",0.60,0.6
19/06/2024,PMDZ,"100,000,000.00",4.62,4.62
19/06/2024,ATEL,"104,000,000.00",43.50,43.5
19/06/2024,CECZ,"1,625,000,597.00",8.46,8.47
19/06/2024,ZABR,"546,000,000.00",7.00,7
19/06/2024,MAFS,"50,000,000.00",1.86,1.86
19/06/2024,ZMBF,"300,579,610.00",2.15,2.15
19/06/2024,SCBL,"1,666,980,000.00",3.50,3.5
19/06/2024,ZSUG,"316,571,385.40",35.00,35
19/06/2024,ZMRE,"45,000,000.00",2.80,2.8
19/06/2024,AECI,"20,406,600.00",40.00,40
19/06/2024,BATA,"76,107,600.00",4.88,4.88
19/06/2024,CHIL,"200,039,904.00",16.50,16.5
20/06/2024,REIZ,"56,460,198.00",2.00,2
20/06/2024,ZMFA,"27,090,100.00",5.01,5.01
20/06/2024,ZNCO,"1,443,750,041.28",6.30,6.3
20/06/2024,ZCCM,"160,800,286.00",48.00,48
20/06/2024,ZFCO,"400,000,000.00",2.53,2.53
20/06/2024,BATZ,"212,456,804.00",2.53,2.53
20/06/2024,NATB,"63,000,000.00",4.10,4.1
20/06/2024,PUMA,"500,000,000.00",3.95,3.95
20/06/2024,SHOP,"2,700,000.00",80.00,80
20/06/2024,CCAF,"1,625,000,597.00",0.60,0.6
20/06/2024,PMDZ,"100,000,000.00",4.62,4.62
20/06/2024,ATEL,"104,000,000.00",43.50,43.5
20/06/2024,CECZ,"1,625,000,597.00",8.59,8.59
20/06/2024,ZABR,"546,000,000.00",7.00,7
20/06/2024,MAFS,"50,000,000.00",1.86,1.86
20/06/2024,ZMBF,"300,579,610.00",2.15,2.15
20/06/2024,SCBL,"1,666,980,000.00",3.50,3.5
20/06/2024,ZSUG,"316,571,385.40",35.00,35
20/06/2024,ZMRE,"45,000,000.00",2.80,2.8
20/06/2024,AECI,"20,406,600.00",40.00,40
20/06/2024,BATA,"76,107,600.00",4.88,4.88
20/06/2024,CHIL,"200,039,904.00",16.50,16.5
21/06/2024,REIZ,"56,460,198.00",2.00,2
21/06/2024,ZMFA,"27,090,100.00",5.01,5.01
21/06/2024,ZNCO,"1,443,750,041.28",6.30,6.29
21/06/2024,ZCCM,"160,800,286.00",48.00,48
21/06/2024,ZFCO,"400,000,000.00",2.53,2.53
21/06/2024,BATZ,"212,456,804.00",2.53,2.53
21/06/2024,NATB,"63,000,000.00",4.10,4.1
21/06/2024,PUMA,"500,000,000.00",3.95,3.95
21/06/2024,SHOP,"2,700,000.00",80.00,80
21/06/2024,CCAF,"1,625,000,597.00",0.60,0.6
21/06/2024,PMDZ,"100,000,000.00",4.62,4.62
21/06/2024,ATEL,"104,000,000.00",43.50,43.5
21/06/2024,CECZ,"1,625,000,597.00",8.59,9.01
21/06/2024,ZABR,"546,000,000.00",7.00,7
21/06/2024,MAFS,"50,000,000.00",1.86,1.86
21/06/2024,ZMBF,"300,579,610.00",2.15,2.15
21/06/2024,SCBL,"1,666,980,000.00",3.50,3.5
21/06/2024,ZSUG,"316,571,385.40",35.00,35
21/06/2024,ZMRE,"45,000,000.00",2.80,2.8
21/06/2024,AECI,"20,406,600.00",40.00,40
21/06/2024,BATA,"76,107,600.00",4.88,4.89
21/06/2024,CHIL,"200,039,904.00",16.50,16.6
24/06/2024,REIZ,"56,460,198.00",2.00,2
24/06/2024,ZMFA,"27,090,100.00",5.01,5.01
24/06/2024,ZNCO,"1,443,750,041.28",6.30,6
24/06/2024,ZCCM,"160,800,286.00",48.00,48
24/06/2024,ZFCO,"400,000,000.00",2.53,2.53
24/06/2024,BATZ,"212,456,804.00",2.53,2.53
24/06/2024,NATB,"63,000,000.00",4.10,4.1
24/06/2024,PUMA,"500,000,000.00",3.95,3.95
24/06/2024,SHOP,"2,700,000.00",80.00,80
24/06/2024,CCAF,"1,625,000,597.00",0.60,0.6
24/06/2024,PMDZ,"100,000,000.00",4.62,4.62
24/06/2024,ATEL,"104,000,000.00",43.50,43.5
24/06/2024,CECZ,"1,625,000,597.00",9.01,10
24/06/2024,ZABR,"546,000,000.00",7.00,7
24/06/2024,MAFS,"50,000,000.00",1.86,1.86
24/06/2024,ZMBF,"300,579,610.00",2.15,2.19
24/06/2024,SCBL,"1,666,980,000.00",3.50,3.5
24/06/2024,ZSUG,"316,571,385.40",35.00,35
24/06/2024,ZMRE,"45,000,000.00",2.80,2.8
24/06/2024,AECI,"20,406,600.00",40.00,40
24/06/2024,BATA,"76,107,600.00",4.89,4.89
24/06/2024,CHIL,"200,039,904.00",16.56,16.56
25/06/2024,REIZ,"56,460,198.00",2.00,2
25/06/2024,ZMFA,"27,090,100.00",5.01,5.01
25/06/2024,ZNCO,"1,443,750,041.28",6.25,6.25
25/06/2024,ZCCM,"160,800,286.00",48.00,48
25/06/2024,ZFCO,"400,000,000.00",2.53,2.53
25/06/2024,BATZ,"212,456,804.00",2.53,2.53
25/06/2024,NATB,"63,000,000.00",4.10,4.1
25/06/2024,PUMA,"500,000,000.00",3.95,3.95
25/06/2024,SHOP,"2,700,000.00",80.00,80
25/06/2024,CCAF,"1,625,000,597.00",0.60,0.6
25/06/2024,PMDZ,"100,000,000.00",4.62,4.62
25/06/2024,ATEL,"104,000,000.00",43.50,43.5
25/06/2024,CECZ,"1,625,000,597.00",9.95,10
25/06/2024,ZABR,"546,000,000.00",7.00,7
25/06/2024,MAFS,"50,000,000.00",1.86,1.86
25/06/2024,ZMBF,"300,579,610.00",2.18,2.19
25/06/2024,SCBL,"1,666,980,000.00",3.50,3.5
25/06/2024,ZSUG,"316,571,385.40",35.00,35
25/06/2024,ZMRE,"45,000,000.00",2.80,2.8
25/06/2024,AECI,"20,406,600.00",40.00,40
25/06/2024,BATA,"76,107,600.00",4.89,4.89
25/06/2024,CHIL,"200,039,904.00",16.56,16.56
26/06/2024,REIZ,"56,460,198.00",2.00,2
26/06/2024,ZMFA,"27,090,100.00",5.01,5.01
26/06/2024,ZNCO,"1,443,750,041.28",6.28,6.28
26/06/2024,ZCCM,"160,800,286.00",48.00,48
26/06/2024,ZFCO,"400,000,000.00",2.53,2.53
26/06/2024,BATZ,"212,456,804.00",2.53,2.53
26/06/2024,NATB,"63,000,000.00",4.10,4.1
26/06/2024,PUMA,"500,000,000.00",3.95,3.95
26/06/2024,SHOP,"2,700,000.00",80.00,80
26/06/2024,CCAF,"1,625,000,597.00",0.60,0.6
26/06/2024,PMDZ,"100,000,000.00",4.62,4.62
26/06/2024,ATEL,"104,000,000.00",43.50,43.5
26/06/2024,CECZ,"1,625,000,597.00",10.00,10
26/06/2024,ZABR,"546,000,000.00",7.00,7
26/06/2024,MAFS,"50,000,000.00",1.86,1.86
26/06/2024,ZMBF,"300,579,610.00",2.19,2.19
26/06/2024,SCBL,"1,666,980,000.00",3.50,3.5
26/06/2024,ZSUG,"316,571,385.40",35.00,35
26/06/2024,ZMRE,"45,000,000.00",2.80,2.8
26/06/2024,AECI,"20,406,600.00",40.00,40
26/06/2024,BATA,"76,107,600.00",4.89,4.89
26/06/2024,CHIL,"200,039,904.00",16.56,16.56
27/06/2024,REIZ,"56,460,198.00",2.00,2
27/06/2024,ZMFA,"27,090,100.00",5.01,5.01
27/06/2024,ZNCO,"1,443,750,041.28",6.28,6.28
27/06/2024,ZCCM,"160,800,286.00",48.00,48
27/06/2024,ZFCO,"400,000,000.00",2.53,2.53
27/06/2024,BATZ,"212,456,804.00",2.53,2.53
27/06/2024,NATB,"63,000,000.00",4.10,4.1
27/06/2024,PUMA,"500,000,000.00",3.95,3.95
27/06/2024,SHOP,"2,700,000.00",80.00,80
27/06/2024,CCAF,"1,625,000,597.00",0.60,0.6
27/06/2024,PMDZ,"100,000,000.00",4.62,4.62
27/06/2024,ATEL,"104,000,000.00",43.50,43.5
27/06/2024,CECZ,"1,625,000,597.00",10.00,10
27/06/2024,ZABR,"546,000,000.00",7.00,7
27/06/2024,MAFS,"50,000,000.00",1.86,1.86
27/06/2024,ZMBF,"300,579,610.00",2.19,2.19
27/06/2024,SCBL,"1,666,980,000.00",3.50,3.5
27/06/2024,ZSUG,"316,571,385.40",35.00,35
27/06/2024,ZMRE,"45,000,000.00",2.80,2.8
27/06/2024,AECI,"20,406,600.00",40.00,40
27/06/2024,BATA,"76,107,600.00",4.89,4.89
27/06/2024,CHIL,"200,039,904.00",16.56,16.5
28/06/2024,REIZ,"56,460,198.00",2.00,2
28/06/2024,ZMFA,"27,090,100.00",5.01,5.01
28/06/2024,ZNCO,"1,443,750,041.28",6.28,6.28
28/06/2024,ZCCM,"160,800,286.00",48.00,54
28/06/2024,ZFCO,"400,000,000.00",2.53,2.53
28/06/2024,BATZ,"212,456,804.00",2.53,2.53
28/06/2024,NATB,"63,000,000.00",4.10,4.1
28/06/2024,PUMA,"500,000,000.00",3.97,3.97
28/06/2024,SHOP,"2,700,000.00",80.00,80
28/06/2024,CCAF,"1,625,000,597.00",0.60,0.6
28/06/2024,PMDZ,"100,000,000.00",4.62,4.62
28/06/2024,ATEL,"104,000,000.00",43.50,43.5
28/06/2024,CECZ,"1,625,000,597.00",10.00,10
28/06/2024,ZABR,"546,000,000.00",7.00,7
28/06/2024,MAFS,"50,000,000.00",1.86,1.86
28/06/2024,ZMBF,"300,579,610.00",2.19,2.19
28/06/2024,SCBL,"1,666,980,000.00",3.50,3.5
28/06/2024,ZSUG,"316,571,385.40",35.00,35
28/06/2024,ZMRE,"45,000,000.00",2.80,2.8
28/06/2024,AECI,"20,406,600.00",40.00,40
28/06/2024,BATA,"76,107,600.00",4.89,4.89
28/06/2024,CHIL,"200,039,904.00",16.50,16.5
03/07/2024,REIZ,"56,460,198.00",2.00,2
03/07/2024,ZMFA,"27,090,100.00",5.01,5.01
03/07/2024,ZNCO,"1,443,750,041.28",6.28,6.28
03/07/2024,ZCCM,"160,800,286.00",54.00,54
03/07/2024,ZFCO,"400,000,000.00",2.53,2.53
03/07/2024,BATZ,"212,456,804.00",2.53,2.53
03/07/2024,NATB,"63,000,000.00",4.10,4.1
03/07/2024,PUMA,"500,000,000.00",3.99,3.99
03/07/2024,SHOP,"2,700,000.00",80.00,80
03/07/2024,CCAF,"1,625,000,597.00",0.60,0.6
03/07/2024,PMDZ,"100,000,000.00",4.62,4.62
03/07/2024,ATEL,"104,000,000.00",43.50,43.5
03/07/2024,CECZ,"1,625,000,597.00",10.00,10
03/07/2024,ZABR,"546,000,000.00",7.00,7
03/07/2024,MAFS,"50,000,000.00",1.86,1.86
03/07/2024,ZMBF,"300,579,610.00",2.19,2.19
03/07/2024,SCBL,"1,666,980,000.00",3.50,3.5
03/07/2024,ZSUG,"316,571,385.40",35.00,35
03/07/2024,ZMRE,"45,000,000.00",2.80,2.8
03/07/2024,AECI,"20,406,600.00",40.00,40
03/07/2024,BATA,"76,107,600.00",4.89,4.89
03/07/2024,CHIL,"200,039,904.00",16.50,16.5
04/07/2024,REIZ,"56,460,198.00",2.00,2
04/07/2024,ZMFA,"27,090,100.00",5.01,5.01
04/07/2024,ZNCO,"1,443,750,041.28",6.28,6.25
04/07/2024,ZCCM,"160,800,286.00",54.00,54
04/07/2024,ZFCO,"400,000,000.00",2.53,2.53
04/07/2024,BATZ,"212,456,804.00",2.53,3
04/07/2024,NATB,"63,000,000.00",4.10,4.1
04/07/2024,PUMA,"500,000,000.00",3.99,3.99
04/07/2024,SHOP,"2,700,000.00",80.00,80
04/07/2024,CCAF,"1,625,000,597.00",0.60,0.6
04/07/2024,PMDZ,"100,000,000.00",4.62,4.62
04/07/2024,ATEL,"104,000,000.00",43.50,43.5
04/07/2024,CECZ,"1,625,000,597.00",10.00,10
04/07/2024,ZABR,"546,000,000.00",7.00,7
04/07/2024,MAFS,"50,000,000.00",1.86,1.86
04/07/2024,ZMBF,"300,579,610.00",2.19,2.19
04/07/2024,SCBL,"1,666,980,000.00",3.50,3.5
04/07/2024,ZSUG,"316,571,385.40",35.00,35
04/07/2024,ZMRE,"45,000,000.00",2.80,2.8
04/07/2024,AECI,"20,406,600.00",40.00,40
04/07/2024,BATA,"76,107,600.00",4.89,4.89
04/07/2024,CHIL,"200,039,904.00",16.50,16.5
05/07/2024,REIZ,"56,460,198.00",2.00,2
05/07/2024,ZMFA,"27,090,100.00",5.01,5.01
05/07/2024,ZNCO,"1,443,750,041.28",6.26,6.24
05/07/2024,ZCCM,"160,800,286.00",54.00,54
05/07/2024,ZFCO,"400,000,000.00",2.53,2.53
05/07/2024,BATZ,"212,456,804.00",3.00,3
05/07/2024,NATB,"63,000,000.00",4.10,4.1
05/07/2024,PUMA,"500,000,000.00",3.99,4.2
05/07/2024,SHOP,"2,700,000.00",80.00,80
05/07/2024,CCAF,"1,625,000,597.00",0.60,0.6
05/07/2024,PMDZ,"100,000,000.00",4.62,4.62
05/07/2024,ATEL,"104,000,000.00",43.50,43.5
05/07/2024,CECZ,"1,625,000,597.00",10.00,10
05/07/2024,ZABR,"546,000,000.00",7.00,7
05/07/2024,MAFS,"50,000,000.00",1.86,1.86
05/07/2024,ZMBF,"300,579,610.00",2.19,2.19
05/07/2024,SCBL,"1,666,980,000.00",3.50,3.5
05/07/2024,ZSUG,"316,571,385.40",35.00,35
05/07/2024,ZMRE,"45,000,000.00",2.80,2.8
05/07/2024,AECI,"20,406,600.00",40.00,40
05/07/2024,BATA,"76,107,600.00",4.89,4.89
05/07/2024,CHIL,"200,039,904.00",16.50,17.5
08/07/2024,REIZ,"56,460,198.00",1.86,2
08/07/2024,ZMFA,"27,090,100.00",5.01,5.01
08/07/2024,ZNCO,"1,443,750,041.28",6.25,6.24
08/07/2024,ZCCM,"160,800,286.00",54.00,54
08/07/2024,ZFCO,"400,000,000.00",2.53,2.53
08/07/2024,BATZ,"212,456,804.00",3.00,3
08/07/2024,NATB,"63,000,000.00",4.10,4.1
08/07/2024,PUMA,"500,000,000.00",4.20,4.2
08/07/2024,SHOP,"2,700,000.00",80.00,80
08/07/2024,CCAF,"1,625,000,597.00",0.60,0.6
08/07/2024,PMDZ,"100,000,000.00",4.62,4.62
08/07/2024,ATEL,"104,000,000.00",43.50,43.5
08/07/2024,CECZ,"1,625,000,597.00",10.00,10
08/07/2024,ZABR,"546,000,000.00",7.00,7
08/07/2024,MAFS,"50,000,000.00",1.86,1.86
08/07/2024,ZMBF,"300,579,610.00",2.19,2.19
08/07/2024,SCBL,"1,666,980,000.00",3.50,3.5
08/07/2024,ZSUG,"316,571,385.40",35.00,35
08/07/2024,ZMRE,"45,000,000.00",2.80,2.8
08/07/2024,AECI,"20,406,600.00",40.00,40
08/07/2024,BATA,"76,107,600.00",4.89,4.89
08/07/2024,CHIL,"200,039,904.00",17.00,17
09/07/2024,REIZ,"56,460,198.00",2.00,2
09/07/2024,ZMFA,"27,090,100.00",5.01,5.01
09/07/2024,ZNCO,"1,443,750,041.28",6.24,6.21
09/07/2024,ZCCM,"160,800,286.00",54.00,54
09/07/2024,ZFCO,"400,000,000.00",2.53,2.53
09/07/2024,BATZ,"212,456,804.00",3.00,3
09/07/2024,NATB,"63,000,000.00",4.10,4.1
09/07/2024,PUMA,"500,000,000.00",4.20,4.4
09/07/2024,SHOP,"2,700,000.00",80.00,80
09/07/2024,CCAF,"1,625,000,597.00",0.60,0.6
09/07/2024,PMDZ,"100,000,000.00",4.62,4.62
09/07/2024,ATEL,"104,000,000.00",43.50,43.5
09/07/2024,CECZ,"1,625,000,597.00",10.00,10
09/07/2024,ZABR,"546,000,000.00",7.00,7
09/07/2024,MAFS,"50,000,000.00",1.86,1.86
09/07/2024,ZMBF,"300,579,610.00",2.19,2.19
09/07/2024,SCBL,"1,666,980,000.00",3.50,3
09/07/2024,ZSUG,"316,571,385.40",35.00,35
09/07/2024,ZMRE,"45,000,000.00",2.80,2.8
09/07/2024,AECI,"20,406,600.00",40.00,40
09/07/2024,BATA,"76,107,600.00",4.89,4.89
09/07/2024,CHIL,"200,039,904.00",17.00,17
10/07/2024,REIZ,"56,460,198.00",2.00,2
10/07/2024,ZMFA,"27,090,100.00",5.01,5.01
10/07/2024,ZNCO,"1,443,750,041.28",6.21,6.2
10/07/2024,ZCCM,"160,800,286.00",54.00,54
10/07/2024,ZFCO,"400,000,000.00",2.53,2.53
10/07/2024,BATZ,"212,456,804.00",3.00,3
10/07/2024,NATB,"63,000,000.00",4.10,4.1
10/07/2024,PUMA,"500,000,000.00",4.40,5
10/07/2024,SHOP,"2,700,000.00",80.00,80
10/07/2024,CCAF,"1,625,000,597.00",0.60,0.6
10/07/2024,PMDZ,"100,000,000.00",4.62,4.62
10/07/2024,ATEL,"104,000,000.00",43.50,43.5
10/07/2024,CECZ,"1,625,000,597.00",10.00,11.5
10/07/2024,ZABR,"546,000,000.00",7.00,7
10/07/2024,MAFS,"50,000,000.00",1.86,1.86
10/07/2024,ZMBF,"300,579,610.00",2.19,2.19
10/07/2024,SCBL,"1,666,980,000.00",3.16,3.16
10/07/2024,ZSUG,"316,571,385.40",35.00,35
10/07/2024,ZMRE,"45,000,000.00",2.80,2.8
10/07/2024,AECI,"20,406,600.00",40.00,40
10/07/2024,BATA,"76,107,600.00",4.89,4.89
10/07/2024,CHIL,"200,039,904.00",17.00,17
11/07/2024,REIZ,"56,460,198.00",2.00,2
11/07/2024,ZMFA,"27,090,100.00",5.01,5.01
11/07/2024,ZNCO,"1,443,750,041.28",6.20,6.2
11/07/2024,ZCCM,"160,800,286.00",54.00,54
11/07/2024,ZFCO,"400,000,000.00",2.53,2.53
11/07/2024,BATZ,"212,456,804.00",3.00,3
11/07/2024,NATB,"63,000,000.00",4.10,4.1
11/07/2024,PUMA,"500,000,000.00",5.00,5
11/07/2024,SHOP,"2,700,000.00",80.00,80
11/07/2024,CCAF,"1,625,000,597.00",0.60,0.6
11/07/2024,PMDZ,"100,000,000.00",4.62,4.62
11/07/2024,ATEL,"104,000,000.00",43.50,43.5
11/07/2024,CECZ,"1,625,000,597.00",11.50,11.5
11/07/2024,ZABR,"546,000,000.00",7.00,7
11/07/2024,MAFS,"50,000,000.00",1.86,1.86
11/07/2024,ZMBF,"300,579,610.00",2.19,2.19
11/07/2024,SCBL,"1,666,980,000.00",3.01,3.5
11/07/2024,ZSUG,"316,571,385.40",35.00,35
11/07/2024,ZMRE,"45,000,000.00",2.80,2.8
11/07/2024,AECI,"20,406,600.00",40.00,40
11/07/2024,BATA,"76,107,600.00",4.89,5
11/07/2024,CHIL,"200,039,904.00",17.00,17
12/07/2024,REIZ,"56,460,198.00",2.00,2
12/07/2024,ZMFA,"27,090,100.00",5.01,5.01
12/07/2024,ZNCO,"1,443,750,041.28",6.20,6.2
12/07/2024,ZCCM,"160,800,286.00",54.00,54
12/07/2024,ZFCO,"400,000,000.00",2.53,2.53
12/07/2024,BATZ,"212,456,804.00",3.00,3
12/07/2024,NATB,"63,000,000.00",4.10,4.1
12/07/2024,PUMA,"500,000,000.00",5.00,4.99
12/07/2024,SHOP,"2,700,000.00",80.00,80
12/07/2024,CCAF,"1,625,000,597.00",0.60,0.6
12/07/2024,PMDZ,"100,000,000.00",4.62,4.62
12/07/2024,ATEL,"104,000,000.00",43.50,43.5
12/07/2024,CECZ,"1,625,000,597.00",11.50,11.5
12/07/2024,ZABR,"546,000,000.00",7.00,7
12/07/2024,MAFS,"50,000,000.00",1.86,1.86
12/07/2024,ZMBF,"300,579,610.00",2.19,2.19
12/07/2024,SCBL,"1,666,980,000.00",3.50,3.49
12/07/2024,ZSUG,"316,571,385.40",35.00,35
12/07/2024,ZMRE,"45,000,000.00",2.80,2.8
12/07/2024,AECI,"20,406,600.00",40.00,40
12/07/2024,BATA,"76,107,600.00",5.00,5
12/07/2024,CHIL,"200,039,904.00",17.00,17.01
15/07/2024,REIZ,"56,460,198.00",2.00,2
15/07/2024,ZMFA,"27,090,100.00",5.01,5.01
15/07/2024,ZNCO,"1,443,750,041.28",6.20,6.2
15/07/2024,ZCCM,"160,800,286.00",54.00,54
15/07/2024,ZFCO,"400,000,000.00",2.53,2.53
15/07/2024,BATZ,"212,456,804.00",3.00,3
15/07/2024,NATB,"63,000,000.00",4.10,4.1
15/07/2024,PUMA,"500,000,000.00",5.00,5
15/07/2024,SHOP,"2,700,000.00",80.00,80
15/07/2024,CCAF,"1,625,000,597.00",0.60,0.6
15/07/2024,PMDZ,"100,000,000.00",4.62,4.62
15/07/2024,ATEL,"104,000,000.00",43.50,43.5
15/07/2024,CECZ,"1,625,000,597.00",11.50,11.5
15/07/2024,ZABR,"546,000,000.00",7.00,7
15/07/2024,MAFS,"50,000,000.00",1.86,1.86
15/07/2024,ZMBF,"300,579,610.00",2.19,2.19
15/07/2024,SCBL,"1,666,980,000.00",3.49,3.49
15/07/2024,ZSUG,"316,571,385.40",35.00,35
15/07/2024,ZMRE,"45,000,000.00",2.80,2.8
15/07/2024,AECI,"20,406,600.00",40.00,40
15/07/2024,BATA,"76,107,600.00",5.00,5
15/07/2024,CHIL,"200,039,904.00",17.01,17.01
16/07/2024,REIZ,"56,460,198.00",2.00,2
16/07/2024,ZMFA,"27,090,100.00",5.01,5.01
16/07/2024,ZNCO,"1,443,750,041.28",6.20,6.18
16/07/2024,ZCCM,"160,800,286.00",54.00,54
16/07/2024,ZFCO,"400,000,000.00",2.53,2.53
16/07/2024,BATZ,"212,456,804.00",3.00,3
16/07/2024,NATB,"63,000,000.00",4.10,4.1
16/07/2024,PUMA,"500,000,000.00",5.00,5
16/07/2024,SHOP,"2,700,000.00",80.00,80
16/07/2024,CCAF,"1,625,000,597.00",0.60,0.6
16/07/2024,PMDZ,"100,000,000.00",4.62,4.62
16/07/2024,ATEL,"104,000,000.00",43.50,43.5
16/07/2024,CECZ,"1,625,000,597.00",11.39,11.39
16/07/2024,ZABR,"546,000,000.00",7.00,7
16/07/2024,MAFS,"50,000,000.00",1.86,1.86
16/07/2024,ZMBF,"300,579,610.00",2.16,2.16
16/07/2024,SCBL,"1,666,980,000.00",3.49,3.49
16/07/2024,ZSUG,"316,571,385.40",35.00,35
16/07/2024,ZMRE,"45,000,000.00",2.80,2.8
16/07/2024,AECI,"20,406,600.00",40.00,40
16/07/2024,BATA,"76,107,600.00",5.00,5
16/07/2024,CHIL,"200,039,904.00",17.01,17.01
17/07/2024,REIZ,"56,460,198.00",2.00,2
17/07/2024,ZMFA,"27,090,100.00",5.01,5.01
17/07/2024,ZNCO,"1,443,750,041.28",6.18,6.18
17/07/2024,ZCCM,"160,800,286.00",54.00,54
17/07/2024,ZFCO,"400,000,000.00",2.53,2.53
17/07/2024,BATZ,"212,456,804.00",3.00,3
17/07/2024,NATB,"63,000,000.00",4.10,4.1
17/07/2024,PUMA,"500,000,000.00",5.00,5
17/07/2024,SHOP,"2,700,000.00",80.00,80
17/07/2024,CCAF,"1,625,000,597.00",0.60,0.6
17/07/2024,PMDZ,"100,000,000.00",4.62,4.62
17/07/2024,ATEL,"104,000,000.00",43.50,43.5
17/07/2024,CECZ,"1,625,000,597.00",11.39,11.39
17/07/2024,ZABR,"546,000,000.00",7.00,7
17/07/2024,MAFS,"50,000,000.00",1.86,1.84
17/07/2024,ZMBF,"300,579,610.00",2.16,2.16
17/07/2024,SCBL,"1,666,980,000.00",3.49,3.48
17/07/2024,ZSUG,"316,571,385.40",35.00,35
17/07/2024,ZMRE,"45,000,000.00",2.80,2.8
17/07/2024,AECI,"20,406,600.00",40.00,40
17/07/2024,BATA,"76,107,600.00",5.00,5
17/07/2024,CHIL,"200,039,904.00",17.01,17.01
18/07/2024,REIZ,"56,460,198.00",2.00,2
18/07/2024,ZMFA,"27,090,100.00",5.01,5.01
18/07/2024,ZNCO,"1,443,750,041.28",6.18,6.17
18/07/2024,ZCCM,"160,800,286.00",54.00,54
18/07/2024,ZFCO,"400,000,000.00",2.53,2.53
18/07/2024,BATZ,"212,456,804.00",3.00,3
18/07/2024,NATB,"63,000,000.00",4.10,4.1
18/07/2024,PUMA,"500,000,000.00",5.00,5
18/07/2024,SHOP,"2,700,000.00",80.00,80
18/07/2024,CCAF,"1,625,000,597.00",0.60,0.6
18/07/2024,PMDZ,"100,000,000.00",4.62,4.62
18/07/2024,ATEL,"104,000,000.00",43.50,43.5
18/07/2024,CECZ,"1,625,000,597.00",11.39,11.39
18/07/2024,ZABR,"546,000,000.00",7.00,7
18/07/2024,MAFS,"50,000,000.00",1.84,1.84
18/07/2024,ZMBF,"300,579,610.00",2.16,2.18
18/07/2024,SCBL,"1,666,980,000.00",3.48,3.48
18/07/2024,ZSUG,"316,571,385.40",35.00,35
18/07/2024,ZMRE,"45,000,000.00",2.80,2.8
18/07/2024,AECI,"20,406,600.00",40.00,40
18/07/2024,BATA,"76,107,600.00",5.00,5
18/07/2024,CHIL,"200,039,904.00",17.01,17
19/07/2024,REIZ,"56,460,198.00",2.00,2
19/07/2024,ZMFA,"27,090,100.00",5.01,5.01
19/07/2024,ZNCO,"1,443,750,041.28",6.17,6.17
19/07/2024,ZCCM,"160,800,286.00",54.00,64
19/07/2024,ZFCO,"400,000,000.00",2.53,2.53
19/07/2024,BATZ,"212,456,804.00",3.00,3
19/07/2024,NATB,"63,000,000.00",4.10,4.1
19/07/2024,PUMA,"500,000,000.00",5.00,5
19/07/2024,SHOP,"2,700,000.00",80.00,80
19/07/2024,CCAF,"1,625,000,597.00",0.60,0.6
19/07/2024,PMDZ,"100,000,000.00",4.62,4.62
19/07/2024,ATEL,"104,000,000.00",43.50,43.5
19/07/2024,CECZ,"1,625,000,597.00",11.39,11.4
19/07/2024,ZABR,"546,000,000.00",7.00,7
19/07/2024,MAFS,"50,000,000.00",1.84,1.84
19/07/2024,ZMBF,"300,579,610.00",2.18,2.18
19/07/2024,SCBL,"1,666,980,000.00",3.48,3.48
19/07/2024,ZSUG,"316,571,385.40",35.00,35
19/07/2024,ZMRE,"45,000,000.00",2.80,2.8
19/07/2024,AECI,"20,406,600.00",40.00,40
19/07/2024,BATA,"76,107,600.00",5.00,5
19/07/2024,CHIL,"200,039,904.00",17.00,17
22/07/2024,REIZ,"56,460,198.00",2.00,2
22/07/2024,ZMFA,"27,090,100.00",5.01,5.01
22/07/2024,ZNCO,"1,443,750,041.28",6.17,6.17
22/07/2024,ZCCM,"160,800,286.00",64.00,64
22/07/2024,ZFCO,"400,000,000.00",2.53,2.53
22/07/2024,BATZ,"212,456,804.00",3.00,3
22/07/2024,NATB,"63,000,000.00",4.10,4.1
22/07/2024,PUMA,"500,000,000.00",5.00,5
22/07/2024,SHOP,"2,700,000.00",80.00,80
22/07/2024,CCAF,"1,625,000,597.00",0.60,0.6
22/07/2024,PMDZ,"100,000,000.00",4.62,4.62
22/07/2024,ATEL,"104,000,000.00",43.50,43.5
22/07/2024,CECZ,"1,625,000,597.00",11.40,11.39
22/07/2024,ZABR,"546,000,000.00",7.00,7
22/07/2024,MAFS,"50,000,000.00",1.84,1.83
22/07/2024,ZMBF,"300,579,610.00",2.18,2.18
22/07/2024,SCBL,"1,666,980,000.00",3.48,3.48
22/07/2024,ZSUG,"316,571,385.40",35.00,35
22/07/2024,ZMRE,"45,000,000.00",2.80,2.8
22/07/2024,AECI,"20,406,600.00",40.00,40
22/07/2024,BATA,"76,107,600.00",5.00,5
22/07/2024,CHIL,"200,039,904.00",17.00,17
23/07/2024,REIZ,"56,460,198.00",2.00,2
23/07/2024,ZMFA,"27,090,100.00",5.01,5.01
23/07/2024,ZNCO,"1,443,750,041.28",6.17,6.15
23/07/2024,ZCCM,"160,800,286.00",64.00,64
23/07/2024,ZFCO,"400,000,000.00",2.53,2.53
23/07/2024,BATZ,"212,456,804.00",3.00,3
23/07/2024,NATB,"63,000,000.00",4.10,4.1
23/07/2024,PUMA,"500,000,000.00",5.17,5
23/07/2024,SHOP,"2,700,000.00",80.00,80
23/07/2024,CCAF,"1,625,000,597.00",0.60,0.6
23/07/2024,PMDZ,"100,000,000.00",4.62,4.62
23/07/2024,ATEL,"104,000,000.00",43.50,43.5
23/07/2024,CECZ,"1,625,000,597.00",11.39,11.39
23/07/2024,ZABR,"546,000,000.00",7.00,7
23/07/2024,MAFS,"50,000,000.00",1.83,1.83
23/07/2024,ZMBF,"300,579,610.00",2.18,2.18
23/07/2024,SCBL,"1,666,980,000.00",3.48,3.47
23/07/2024,ZSUG,"316,571,385.40",35.00,35
23/07/2024,ZMRE,"45,000,000.00",2.80,2.8
23/07/2024,AECI,"20,406,600.00",40.00,40
23/07/2024,BATA,"76,107,600.00",5.00,5
23/07/2024,CHIL,"200,039,904.00",17.00,17
24/07/2024,REIZ,"56,460,198.00",2.00,1.98
24/07/2024,ZMFA,"27,090,100.00",5.01,5.01
24/07/2024,ZNCO,"1,443,750,041.28",6.15,6.1
24/07/2024,ZCCM,"160,800,286.00",64.00,64
24/07/2024,ZFCO,"400,000,000.00",2.53,2.53
24/07/2024,BATZ,"212,456,804.00",3.00,3
24/07/2024,NATB,"63,000,000.00",4.10,4.1
24/07/2024,PUMA,"500,000,000.00",5.00,5
24/07/2024,SHOP,"2,700,000.00",80.00,80
24/07/2024,CCAF,"1,625,000,597.00",0.60,0.6
24/07/2024,PMDZ,"100,000,000.00",4.62,4.62
24/07/2024,ATEL,"104,000,000.00",43.50,43.5
24/07/2024,CECZ,"1,625,000,597.00",11.39,11.39
24/07/2024,ZABR,"546,000,000.00",7.00,7
24/07/2024,MAFS,"50,000,000.00",1.83,1.83
24/07/2024,ZMBF,"300,579,610.00",2.16,2.16
24/07/2024,SCBL,"1,666,980,000.00",3.47,3.47
24/07/2024,ZSUG,"316,571,385.40",35.00,35
24/07/2024,ZMRE,"45,000,000.00",2.80,2.8
24/07/2024,AECI,"20,406,600.00",40.00,40
24/07/2024,BATA,"76,107,600.00",5.00,5
24/07/2024,CHIL,"200,039,904.00",17.00,17
25/07/2024,REIZ,"56,460,198.00",1.98,1.98
25/07/2024,ZMFA,"27,090,100.00",5.01,5.01
25/07/2024,ZNCO,"1,443,750,041.28",6.10,6.1
25/07/2024,ZCCM,"160,800,286.00",64.00,64
25/07/2024,ZFCO,"400,000,000.00",2.53,2.53
25/07/2024,BATZ,"212,456,804.00",3.00,3
25/07/2024,NATB,"63,000,000.00",4.10,4.1
25/07/2024,PUMA,"500,000,000.00",5.00,5
25/07/2024,SHOP,"2,700,000.00",80.00,80
25/07/2024,CCAF,"1,625,000,597.00",0.60,0.6
25/07/2024,PMDZ,"100,000,000.00",4.62,4.62
25/07/2024,ATEL,"104,000,000.00",43.50,43.5
25/07/2024,CECZ,"1,625,000,597.00",11.39,11.39
25/07/2024,ZABR,"546,000,000.00",7.00,7
25/07/2024,MAFS,"50,000,000.00",1.83,1.83
25/07/2024,ZMBF,"300,579,610.00",2.18,2.18
25/07/2024,SCBL,"1,666,980,000.00",3.47,3.47
25/07/2024,ZSUG,"316,571,385.40",35.00,35
25/07/2024,ZMRE,"45,000,000.00",2.80,2.8
25/07/2024,AECI,"20,406,600.00",40.00,40
25/07/2024,BATA,"76,107,600.00",5.00,5
25/07/2024,CHIL,"200,039,904.00",17.00,17
26/07/2024,REIZ,"56,460,198.00",1.98,1.98
26/07/2024,ZMFA,"27,090,100.00",5.01,5.01
26/07/2024,ZNCO,"1,443,750,041.28",6.10,6.1
26/07/2024,ZCCM,"160,800,286.00",64.00,64
26/07/2024,ZFCO,"400,000,000.00",2.53,2.53
26/07/2024,BATZ,"212,456,804.00",3.00,3
26/07/2024,NATB,"63,000,000.00",4.10,4.1
26/07/2024,PUMA,"500,000,000.00",5.00,5.15
26/07/2024,SHOP,"2,700,000.00",80.00,80
26/07/2024,CCAF,"1,625,000,597.00",0.60,0.6
26/07/2024,PMDZ,"100,000,000.00",4.62,4.62
26/07/2024,ATEL,"104,000,000.00",43.50,43.5
26/07/2024,CECZ,"1,625,000,597.00",11.39,11.39
26/07/2024,ZABR,"546,000,000.00",7.00,7
26/07/2024,MAFS,"50,000,000.00",1.83,1.83
26/07/2024,ZMBF,"300,579,610.00",2.18,2.18
26/07/2024,SCBL,"1,666,980,000.00",3.47,3.47
26/07/2024,ZSUG,"316,571,385.40",35.00,35
26/07/2024,ZMRE,"45,000,000.00",2.80,2.8
26/07/2024,AECI,"20,406,600.00",40.00,40
26/07/2024,BATA,"76,107,600.00",5.00,5
26/07/2024,CHIL,"200,039,904.00",17.00,17
29/07/2024,REIZ,"56,460,198.00",1.98,1.98
29/07/2024,ZMFA,"27,090,100.00",5.01,5.01
29/07/2024,ZNCO,"1,443,750,041.28",6.10,6.1
29/07/2024,ZCCM,"160,800,286.00",64.00,64
29/07/2024,ZFCO,"400,000,000.00",2.53,2.53
29/07/2024,BATZ,"212,456,804.00",3.00,3
29/07/2024,NATB,"63,000,000.00",4.10,4.1
29/07/2024,PUMA,"500,000,000.00",5.00,5
29/07/2024,SHOP,"2,700,000.00",80.00,80
29/07/2024,CCAF,"1,625,000,597.00",0.60,0.6
29/07/2024,PMDZ,"100,000,000.00",4.62,4.62
29/07/2024,ATEL,"104,000,000.00",43.50,43.5
29/07/2024,CECZ,"1,625,000,597.00",11.39,11.39
29/07/2024,ZABR,"546,000,000.00",7.00,7
29/07/2024,MAFS,"50,000,000.00",1.83,1.83
29/07/2024,ZMBF,"300,579,610.00",2.18,2.18
29/07/2024,SCBL,"1,666,980,000.00",3.46,3.47
29/07/2024,ZSUG,"316,571,385.40",35.00,35
29/07/2024,ZMRE,"45,000,000.00",2.80,2.8
29/07/2024,AECI,"20,406,600.00",40.00,40
29/07/2024,BATA,"76,107,600.00",5.00,5
29/07/2024,CHIL,"200,039,904.00",17.00,17
30/07/2024,REIZ,"56,460,198.00",1.98,1.98
30/07/2024,ZMFA,"27,090,100.00",5.01,5.01
30/07/2024,ZNCO,"1,443,750,041.28",6.10,6.1
30/07/2024,ZCCM,"160,800,286.00",64.00,64
30/07/2024,ZFCO,"400,000,000.00",2.53,2.53
30/07/2024,BATZ,"212,456,804.00",3.00,3
30/07/2024,NATB,"63,000,000.00",4.10,4.1
30/07/2024,PUMA,"500,000,000.00",5.00,5
30/07/2024,SHOP,"2,700,000.00",80.00,80
30/07/2024,CCAF,"1,625,000,597.00",0.60,0.6
30/07/2024,PMDZ,"100,000,000.00",4.62,4.62
30/07/2024,ATEL,"104,000,000.00",43.50,43.5
30/07/2024,CECZ,"1,625,000,597.00",11.39,11.39
30/07/2024,ZABR,"546,000,000.00",7.00,7
30/07/2024,MAFS,"50,000,000.00",1.83,1.83
30/07/2024,ZMBF,"300,579,610.00",2.18,2.18
30/07/2024,SCBL,"1,666,980,000.00",3.47,3.47
30/07/2024,ZSUG,"316,571,385.40",35.00,35
30/07/2024,ZMRE,"45,000,000.00",2.80,2.8
30/07/2024,AECI,"20,406,600.00",40.00,40
30/07/2024,BATA,"76,107,600.00",5.00,5
30/07/2024,CHIL,"200,039,904.00",17.00,17
31/07/2024,REIZ,"56,460,198.00",1.98,1.98
31/07/2024,ZMFA,"27,090,100.00",5.01,5.01
31/07/2024,ZNCO,"1,443,750,041.28",6.10,6.1
31/07/2024,ZCCM,"160,800,286.00",64.00,64
31/07/2024,ZFCO,"400,000,000.00",2.53,2.53
31/07/2024,BATZ,"212,456,804.00",3.00,3
31/07/2024,NATB,"63,000,000.00",4.10,4.1
31/07/2024,PUMA,"500,000,000.00",5.00,5.15
31/07/2024,SHOP,"2,700,000.00",80.00,80
31/07/2024,CCAF,"1,625,000,597.00",0.60,0.6
31/07/2024,PMDZ,"100,000,000.00",4.62,4.62
31/07/2024,ATEL,"104,000,000.00",43.50,43.5
31/07/2024,CECZ,"1,625,000,597.00",11.39,11.39
31/07/2024,ZABR,"546,000,000.00",7.00,7
31/07/2024,MAFS,"50,000,000.00",1.83,1.83
31/07/2024,ZMBF,"300,579,610.00",2.18,2.18
31/07/2024,SCBL,"1,666,980,000.00",3.47,3.47
31/07/2024,ZSUG,"316,571,385.40",35.00,35
31/07/2024,ZMRE,"45,000,000.00",2.80,2.8
31/07/2024,AECI,"20,406,600.00",40.00,40
31/07/2024,BATA,"76,107,600.00",5.00,5
31/07/2024,CHIL,"200,039,904.00",17.00,17
01/08/2024,REIZ,"56,460,198.00",1.98,1.98
01/08/2024,ZMFA,"27,090,100.00",5.01,5.01
01/08/2024,ZNCO,"1,443,750,041.28",6.10,6.1
01/08/2024,ZCCM,"160,800,286.00",64.00,64
01/08/2024,ZFCO,"400,000,000.00",2.53,2.53
01/08/2024,BATZ,"212,456,804.00",3.00,3
01/08/2024,NATB,"63,000,000.00",4.10,4.1
01/08/2024,PUMA,"500,000,000.00",5.15,5.15
01/08/2024,SHOP,"2,700,000.00",80.00,80
01/08/2024,CCAF,"1,625,000,597.00",0.60,0.6
01/08/2024,PMDZ,"100,000,000.00",4.62,4.62
01/08/2024,ATEL,"104,000,000.00",43.50,43.5
01/08/2024,CECZ,"1,625,000,597.00",11.39,11.39
01/08/2024,ZABR,"546,000,000.00",7.00,7
01/08/2024,MAFS,"50,000,000.00",1.83,1.83
01/08/2024,ZMBF,"300,579,610.00",2.18,2.18
01/08/2024,SCBL,"1,666,980,000.00",3.47,3.46
01/08/2024,ZSUG,"316,571,385.40",35.00,35
01/08/2024,ZMRE,"45,000,000.00",2.80,2.8
01/08/2024,AECI,"20,406,600.00",40.00,40
01/08/2024,BATA,"76,107,600.00",5.00,5
01/08/2024,CHIL,"200,039,904.00",17.00,17
02/08/2024,REIZ,"56,460,198.00",1.98,1.98
02/08/2024,ZMFA,"27,090,100.00",5.01,5.01
02/08/2024,ZNCO,"1,443,750,041.28",6.10,6.1
02/08/2024,ZCCM,"160,800,286.00",64.00,64
02/08/2024,ZFCO,"400,000,000.00",2.53,2.53
02/08/2024,BATZ,"212,456,804.00",3.00,3
02/08/2024,NATB,"63,000,000.00",4.10,4.1
02/08/2024,PUMA,"500,000,000.00",5.15,5.15
02/08/2024,SHOP,"2,700,000.00",80.00,80
02/08/2024,CCAF,"1,625,000,597.00",0.60,0.6
02/08/2024,PMDZ,"100,000,000.00",4.62,4.62
02/08/2024,ATEL,"104,000,000.00",43.50,43.5
02/08/2024,CECZ,"1,625,000,597.00",11.39,11.39
02/08/2024,ZABR,"546,000,000.00",7.00,7
02/08/2024,MAFS,"50,000,000.00",1.83,1.83
02/08/2024,ZMBF,"300,579,610.00",2.18,2.18
02/08/2024,SCBL,"1,666,980,000.00",3.46,3.47
02/08/2024,ZSUG,"316,571,385.40",35.00,35
02/08/2024,ZMRE,"45,000,000.00",2.80,2.8
02/08/2024,AECI,"20,406,600.00",40.00,40
02/08/2024,BATA,"76,107,600.00",5.00,5
02/08/2024,CHIL,"200,039,904.00",17.00,17
06/08/2024,REIZ,"56,460,198.00",1.98,1.98
06/08/2024,ZMFA,"27,090,100.00",5.01,5.01
06/08/2024,ZNCO,"1,443,750,041.28",6.10,6.09
06/08/2024,ZCCM,"160,800,286.00",64.00,64
06/08/2024,ZFCO,"400,000,000.00",2.53,2.53
06/08/2024,BATZ,"212,456,804.00",3.00,3
06/08/2024,NATB,"63,000,000.00",4.10,4.1
06/08/2024,PUMA,"500,000,000.00",5.15,5.5
06/08/2024,SHOP,"2,700,000.00",80.00,80
06/08/2024,CCAF,"1,625,000,597.00",0.60,0.6
06/08/2024,PMDZ,"100,000,000.00",4.62,4.62
06/08/2024,ATEL,"104,000,000.00",43.57,43.5
06/08/2024,CECZ,"1,625,000,597.00",11.39,11.37
06/08/2024,ZABR,"546,000,000.00",7.00,7
06/08/2024,MAFS,"50,000,000.00",1.83,1.83
06/08/2024,ZMBF,"300,579,610.00",2.18,2.18
06/08/2024,SCBL,"1,666,980,000.00",3.47,3.46
06/08/2024,ZSUG,"316,571,385.40",35.00,35
06/08/2024,ZMRE,"45,000,000.00",2.80,2.8
06/08/2024,AECI,"20,406,600.00",40.00,40
06/08/2024,BATA,"76,107,600.00",5.00,5
06/08/2024,CHIL,"200,039,904.00",17.00,17
07/08/2024,REIZ,"56,460,198.00",1.98,1.98
07/08/2024,ZMFA,"27,090,100.00",5.01,5.01
07/08/2024,ZNCO,"1,443,750,041.28",6.09,6.08
07/08/2024,ZCCM,"160,800,286.00",64.00,64
07/08/2024,ZFCO,"400,000,000.00",2.53,2.53
07/08/2024,BATZ,"212,456,804.00",3.00,3
07/08/2024,NATB,"63,000,000.00",4.10,4.1
07/08/2024,PUMA,"500,000,000.00",5.50,5.5
07/08/2024,SHOP,"2,700,000.00",80.00,80
07/08/2024,CCAF,"1,625,000,597.00",0.60,0.6
07/08/2024,PMDZ,"100,000,000.00",4.62,4.62
07/08/2024,ATEL,"104,000,000.00",43.50,43.5
07/08/2024,CECZ,"1,625,000,597.00",11.38,11.37
07/08/2024,ZABR,"546,000,000.00",7.00,7
07/08/2024,MAFS,"50,000,000.00",1.83,1.83
07/08/2024,ZMBF,"300,579,610.00",2.18,2.16
07/08/2024,SCBL,"1,666,980,000.00",3.46,3.01
07/08/2024,ZSUG,"316,571,385.40",35.00,35
07/08/2024,ZMRE,"45,000,000.00",2.80,2.8
07/08/2024,AECI,"20,406,600.00",40.00,40
07/08/2024,BATA,"76,107,600.00",5.00,5
07/08/2024,CHIL,"200,039,904.00",17.00,17
08/08/2024,REIZ,"56,460,198.00",1.98,1.98
08/08/2024,ZMFA,"27,090,100.00",5.01,5.01
08/08/2024,ZNCO,"1,443,750,041.28",6.08,6.08
08/08/2024,ZCCM,"160,800,286.00",64.00,64
08/08/2024,ZFCO,"400,000,000.00",2.53,2.53
08/08/2024,BATZ,"212,456,804.00",3.00,3
08/08/2024,NATB,"63,000,000.00",4.10,4.1
08/08/2024,PUMA,"500,000,000.00",5.50,5.5
08/08/2024,SHOP,"2,700,000.00",80.00,80
08/08/2024,CCAF,"1,625,000,597.00",0.60,0.6
08/08/2024,PMDZ,"100,000,000.00",4.62,4.62
08/08/2024,ATEL,"104,000,000.00",43.50,43.5
08/08/2024,CECZ,"1,625,000,597.00",11.37,11.36
08/08/2024,ZABR,"546,000,000.00",7.00,7
08/08/2024,MAFS,"50,000,000.00",1.83,1.83
08/08/2024,ZMBF,"300,579,610.00",2.16,2.18
08/08/2024,SCBL,"1,666,980,000.00",3.01,3.05
08/08/2024,ZSUG,"316,571,385.40",35.00,35
08/08/2024,ZMRE,"45,000,000.00",2.80,2.8
08/08/2024,AECI,"20,406,600.00",40.00,37.98
08/08/2024,BATA,"76,107,600.00",5.00,5
08/08/2024,CHIL,"200,039,904.00",17.00,17
09/08/2024,REIZ,"56,460,198.00",1.98,1.98
09/08/2024,ZMFA,"27,090,100.00",5.01,5.01
09/08/2024,ZNCO,"1,443,750,041.28",6.08,6.08
09/08/2024,ZCCM,"160,800,286.00",64.00,64
09/08/2024,ZFCO,"400,000,000.00",2.53,2.53
09/08/2024,BATZ,"212,456,804.00",3.00,3
09/08/2024,NATB,"63,000,000.00",4.10,4.1
09/08/2024,PUMA,"500,000,000.00",5.58,5.58
09/08/2024,SHOP,"2,700,000.00",80.00,80
09/08/2024,CCAF,"1,625,000,597.00",0.60,0.6
09/08/2024,PMDZ,"100,000,000.00",4.62,4.62
09/08/2024,ATEL,"104,000,000.00",43.50,43.5
09/08/2024,CECZ,"1,625,000,597.00",11.37,11.37
09/08/2024,ZABR,"546,000,000.00",7.00,7
09/08/2024,MAFS,"50,000,000.00",1.83,1.83
09/08/2024,ZMBF,"300,579,610.00",2.18,2.18
09/08/2024,SCBL,"1,666,980,000.00",3.36,3.05
09/08/2024,ZSUG,"316,571,385.40",35.00,35
09/08/2024,ZMRE,"45,000,000.00",2.80,2.8
09/08/2024,AECI,"20,406,600.00",37.98,37.98
09/08/2024,BATA,"76,107,600.00",5.00,5
09/08/2024,CHIL,"200,039,904.00",17.00,17
12/08/2024,REIZ,"56,460,198.00",1.98,1.98
12/08/2024,ZMFA,"27,090,100.00",5.01,5.01
12/08/2024,ZNCO,"1,443,750,041.28",6.08,6.08
12/08/2024,ZCCM,"160,800,286.00",64.00,64
12/08/2024,ZFCO,"400,000,000.00",2.53,2.53
12/08/2024,BATZ,"212,456,804.00",3.00,3
12/08/2024,NATB,"63,000,000.00",4.10,4.1
12/08/2024,PUMA,"500,000,000.00",5.58,5.58
12/08/2024,SHOP,"2,700,000.00",80.00,80
12/08/2024,CCAF,"1,625,000,597.00",0.60,0.6
12/08/2024,PMDZ,"100,000,000.00",4.62,4.62
12/08/2024,ATEL,"104,000,000.00",43.50,43.5
12/08/2024,CECZ,"1,625,000,597.00",11.37,11.37
12/08/2024,ZABR,"546,000,000.00",7.00,7
12/08/2024,MAFS,"50,000,000.00",1.83,1.83
12/08/2024,ZMBF,"300,579,610.00",2.18,2.18
12/08/2024,SCBL,"1,666,980,000.00",3.09,3.09
12/08/2024,ZSUG,"316,571,385.40",35.00,35
12/08/2024,ZMRE,"45,000,000.00",2.80,2.8
12/08/2024,AECI,"20,406,600.00",37.98,37.98
12/08/2024,BATA,"76,107,600.00",5.00,5
12/08/2024,CHIL,"200,039,904.00",17.36,17.36
13/08/2024,REIZ,"56,460,198.00",1.98,1.98
13/08/2024,ZMFA,"27,090,100.00",5.01,5.01
13/08/2024,ZNCO,"1,443,750,041.28",6.08,6
13/08/2024,ZCCM,"160,800,286.00",64.00,64
13/08/2024,ZFCO,"400,000,000.00",2.53,2.53
13/08/2024,BATZ,"212,456,804.00",3.00,3
13/08/2024,NATB,"63,000,000.00",4.10,4.1
13/08/2024,PUMA,"500,000,000.00",5.58,5.58
13/08/2024,SHOP,"2,700,000.00",80.00,80
13/08/2024,CCAF,"1,625,000,597.00",0.60,0.6
13/08/2024,PMDZ,"100,000,000.00",4.62,4.62
13/08/2024,ATEL,"104,000,000.00",43.50,43.5
13/08/2024,CECZ,"1,625,000,597.00",11.37,11.37
13/08/2024,ZABR,"546,000,000.00",7.00,7
13/08/2024,MAFS,"50,000,000.00",1.83,1.83
13/08/2024,ZMBF,"300,579,610.00",2.18,2.18
13/08/2024,SCBL,"1,666,980,000.00",3.37,3.09
13/08/2024,ZSUG,"316,571,385.40",35.00,35
13/08/2024,ZMRE,"45,000,000.00",2.80,2.8
13/08/2024,AECI,"20,406,600.00",37.98,37.98
13/08/2024,BATA,"76,107,600.00",5.00,5
13/08/2024,CHIL,"200,039,904.00",17.36,17.5
14/08/2024,REIZ,"56,460,198.00",1.98,1.98
14/08/2024,ZMFA,"27,090,100.00",5.01,5.01
14/08/2024,ZNCO,"1,443,750,041.28",6.00,6
14/08/2024,ZCCM,"160,800,286.00",64.00,64
14/08/2024,ZFCO,"400,000,000.00",2.53,2.53
14/08/2024,BATZ,"212,456,804.00",3.00,3
14/08/2024,NATB,"63,000,000.00",4.10,4.1
14/08/2024,PUMA,"500,000,000.00",5.58,5.58
14/08/2024,SHOP,"2,700,000.00",80.00,80
14/08/2024,CCAF,"1,625,000,597.00",0.62,0.62
14/08/2024,PMDZ,"100,000,000.00",4.62,4.62
14/08/2024,ATEL,"104,000,000.00",43.50,43.5
14/08/2024,CECZ,"1,625,000,597.00",11.37,11.37
14/08/2024,ZABR,"546,000,000.00",7.00,7
14/08/2024,MAFS,"50,000,000.00",1.83,1.83
14/08/2024,ZMBF,"300,579,610.00",2.18,2.18
14/08/2024,SCBL,"1,666,980,000.00",3.10,3.1
14/08/2024,ZSUG,"316,571,385.40",35.00,35
14/08/2024,ZMRE,"45,000,000.00",2.80,2.8
14/08/2024,AECI,"20,406,600.00",37.98,37.98
14/08/2024,BATA,"76,107,600.00",5.00,5
14/08/2024,CHIL,"200,039,904.00",17.50,17.5
15/08/2024,REIZ,"56,460,198.00",1.98,1.98
15/08/2024,ZMFA,"27,090,100.00",5.01,5.01
15/08/2024,ZNCO,"1,443,750,041.28",6.00,6
15/08/2024,ZCCM,"160,800,286.00",64.00,64
15/08/2024,ZFCO,"400,000,000.00",2.53,2.53
15/08/2024,BATZ,"212,456,804.00",3.00,3
15/08/2024,NATB,"63,000,000.00",4.10,4.1
15/08/2024,PUMA,"500,000,000.00",5.58,5.58
15/08/2024,SHOP,"2,700,000.00",80.00,80
15/08/2024,CCAF,"1,625,000,597.00",0.62,0.62
15/08/2024,PMDZ,"100,000,000.00",4.62,4.62
15/08/2024,ATEL,"104,000,000.00",43.50,43.5
15/08/2024,CECZ,"1,625,000,597.00",11.37,11.39
15/08/2024,ZABR,"546,000,000.00",7.00,7
15/08/2024,MAFS,"50,000,000.00",1.83,1.83
15/08/2024,ZMBF,"300,579,610.00",2.18,2.18
15/08/2024,SCBL,"1,666,980,000.00",3.09,3.1
15/08/2024,ZSUG,"316,571,385.40",35.00,35
15/08/2024,ZMRE,"45,000,000.00",2.80,2.8
15/08/2024,AECI,"20,406,600.00",37.98,37.98
15/08/2024,BATA,"76,107,600.00",5.00,5
15/08/2024,CHIL,"200,039,904.00",17.50,17.5
16/08/2024,REIZ,"56,460,198.00",1.98,1.98
16/08/2024,ZMFA,"27,090,100.00",5.01,5.01
16/08/2024,ZNCO,"1,443,750,041.28",6.00,6
16/08/2024,ZCCM,"160,800,286.00",64.00,64
16/08/2024,ZFCO,"400,000,000.00",2.53,2.53
16/08/2024,BATZ,"212,456,804.00",3.00,3
16/08/2024,NATB,"63,000,000.00",4.10,4.1
16/08/2024,PUMA,"500,000,000.00",5.58,6.05
16/08/2024,SHOP,"2,700,000.00",80.00,80
16/08/2024,CCAF,"1,625,000,597.00",0.62,0.62
16/08/2024,PMDZ,"100,000,000.00",4.62,4.62
16/08/2024,ATEL,"104,000,000.00",43.50,43.5
16/08/2024,CECZ,"1,625,000,597.00",11.39,11.39
16/08/2024,ZABR,"546,000,000.00",7.00,7
16/08/2024,MAFS,"50,000,000.00",1.83,1.83
16/08/2024,ZMBF,"300,579,610.00",2.18,2.18
16/08/2024,SCBL,"1,666,980,000.00",3.10,3.08
16/08/2024,ZSUG,"316,571,385.40",35.00,34.99
16/08/2024,ZMRE,"45,000,000.00",2.80,2.8
16/08/2024,AECI,"20,406,600.00",37.98,37.98
16/08/2024,BATA,"76,107,600.00",5.00,5
16/08/2024,CHIL,"200,039,904.00",17.50,17.5
19/08/2024,REIZ,"56,460,198.00",1.98,1.98
19/08/2024,ZMFA,"27,090,100.00",5.01,5.01
19/08/2024,ZNCO,"1,443,750,041.28",6.00,6
19/08/2024,ZCCM,"160,800,286.00",64.00,64
19/08/2024,ZFCO,"400,000,000.00",2.53,2.53
19/08/2024,BATZ,"212,456,804.00",3.00,3
19/08/2024,NATB,"63,000,000.00",4.10,4.1
19/08/2024,PUMA,"500,000,000.00",6.05,6.05
19/08/2024,SHOP,"2,700,000.00",80.00,80
19/08/2024,CCAF,"1,625,000,597.00",0.62,0.62
19/08/2024,PMDZ,"100,000,000.00",4.62,4.62
19/08/2024,ATEL,"104,000,000.00",43.50,43.5
19/08/2024,CECZ,"1,625,000,597.00",11.39,11.5
19/08/2024,ZABR,"546,000,000.00",7.00,7
19/08/2024,MAFS,"50,000,000.00",1.83,1.83
19/08/2024,ZMBF,"300,579,610.00",2.18,2.18
19/08/2024,SCBL,"1,666,980,000.00",3.08,3.1
19/08/2024,ZSUG,"316,571,385.40",34.99,34.99
19/08/2024,ZMRE,"45,000,000.00",2.80,2.8
19/08/2024,AECI,"20,406,600.00",37.98,37.98
19/08/2024,BATA,"76,107,600.00",5.00,5
19/08/2024,CHIL,"200,039,904.00",17.50,17.5
20/08/2024,REIZ,"56,460,198.00",1.98,1.98
20/08/2024,ZMFA,"27,090,100.00",5.01,5.01
20/08/2024,ZNCO,"1,443,750,041.28",6.00,5.99
20/08/2024,ZCCM,"160,800,286.00",64.00,54
20/08/2024,ZFCO,"400,000,000.00",2.53,2.53
20/08/2024,BATZ,"212,456,804.00",3.00,3
20/08/2024,NATB,"63,000,000.00",4.10,4.1
20/08/2024,PUMA,"500,000,000.00",6.05,6.05
20/08/2024,SHOP,"2,700,000.00",80.00,80
20/08/2024,CCAF,"1,625,000,597.00",0.62,0.62
20/08/2024,PMDZ,"100,000,000.00",4.62,4.62
20/08/2024,ATEL,"104,000,000.00",43.50,43.5
20/08/2024,CECZ,"1,625,000,597.00",11.40,11.4
20/08/2024,ZABR,"546,000,000.00",7.00,7
20/08/2024,MAFS,"50,000,000.00",1.83,1.83
20/08/2024,ZMBF,"300,579,610.00",2.18,2.18
20/08/2024,SCBL,"1,666,980,000.00",3.10,3
20/08/2024,ZSUG,"316,571,385.40",34.99,34.99
20/08/2024,ZMRE,"45,000,000.00",2.80,2.8
20/08/2024,AECI,"20,406,600.00",37.98,37.98
20/08/2024,BATA,"76,107,600.00",5.00,5
20/08/2024,CHIL,"200,039,904.00",17.50,20
21/08/2024,REIZ,"56,460,198.00",1.98,1.98
21/08/2024,ZMFA,"27,090,100.00",5.01,5.01
21/08/2024,ZNCO,"1,443,750,041.28",5.99,5.9
21/08/2024,ZCCM,"160,800,286.00",54.00,54
21/08/2024,ZFCO,"400,000,000.00",2.60,2.6
21/08/2024,BATZ,"212,456,804.00",3.00,3
21/08/2024,NATB,"63,000,000.00",4.10,4.1
21/08/2024,PUMA,"500,000,000.00",6.05,6.05
21/08/2024,SHOP,"2,700,000.00",80.00,80
21/08/2024,CCAF,"1,625,000,597.00",0.62,0.62
21/08/2024,PMDZ,"100,000,000.00",4.62,4.62
21/08/2024,ATEL,"104,000,000.00",43.50,43.5
21/08/2024,CECZ,"1,625,000,597.00",11.40,11.4
21/08/2024,ZABR,"546,000,000.00",7.00,7
21/08/2024,MAFS,"50,000,000.00",1.83,1.83
21/08/2024,ZMBF,"300,579,610.00",2.18,2.17
21/08/2024,SCBL,"1,666,980,000.00",3.08,3
21/08/2024,ZSUG,"316,571,385.40",34.99,34.99
21/08/2024,ZMRE,"45,000,000.00",2.80,2.7
21/08/2024,AECI,"20,406,600.00",37.98,37.98
21/08/2024,BATA,"76,107,600.00",5.00,5
21/08/2024,CHIL,"200,039,904.00",20.00,20
22/08/2024,REIZ,"56,460,198.00",1.98,1.98
22/08/2024,ZMFA,"27,090,100.00",5.01,5.01
22/08/2024,ZNCO,"1,443,750,041.28",5.93,5.8
22/08/2024,ZCCM,"160,800,286.00",54.00,54
22/08/2024,ZFCO,"400,000,000.00",2.60,2.6
22/08/2024,BATZ,"212,456,804.00",3.00,3
22/08/2024,NATB,"63,000,000.00",4.10,4.1
22/08/2024,PUMA,"500,000,000.00",6.05,6.05
22/08/2024,SHOP,"2,700,000.00",80.00,80
22/08/2024,CCAF,"1,625,000,597.00",0.62,0.62
22/08/2024,PMDZ,"100,000,000.00",4.62,4.62
22/08/2024,ATEL,"104,000,000.00",43.50,43.5
22/08/2024,CECZ,"1,625,000,597.00",11.40,11.43
22/08/2024,ZABR,"546,000,000.00",7.00,7
22/08/2024,MAFS,"50,000,000.00",1.83,1.83
22/08/2024,ZMBF,"300,579,610.00",2.17,2.17
22/08/2024,SCBL,"1,666,980,000.00",3.00,3
22/08/2024,ZSUG,"316,571,385.40",34.99,34.99
22/08/2024,ZMRE,"45,000,000.00",2.70,2.7
22/08/2024,AECI,"20,406,600.00",37.98,37.98
22/08/2024,BATA,"76,107,600.00",5.00,5
22/08/2024,CHIL,"200,039,904.00",20.00,20
23/08/2024,REIZ,"56,460,198.00",1.98,1.98
23/08/2024,ZMFA,"27,090,100.00",5.01,5.01
23/08/2024,ZNCO,"1,443,750,041.28",5.87,5.85
23/08/2024,ZCCM,"160,800,286.00",54.00,54
23/08/2024,ZFCO,"400,000,000.00",2.60,2.6
23/08/2024,BATZ,"212,456,804.00",3.00,3
23/08/2024,NATB,"63,000,000.00",4.10,4.1
23/08/2024,PUMA,"500,000,000.00",6.05,6.05
23/08/2024,SHOP,"2,700,000.00",80.00,80
23/08/2024,CCAF,"1,625,000,597.00",0.62,0.62
23/08/2024,PMDZ,"100,000,000.00",4.62,4.62
23/08/2024,ATEL,"104,000,000.00",43.50,43.5
23/08/2024,CECZ,"1,625,000,597.00",11.64,12.5
23/08/2024,ZABR,"546,000,000.00",7.00,7
23/08/2024,MAFS,"50,000,000.00",1.83,1.83
23/08/2024,ZMBF,"300,579,610.00",2.17,2.16
23/08/2024,SCBL,"1,666,980,000.00",3.00,3
23/08/2024,ZSUG,"316,571,385.40",34.99,34.99
23/08/2024,ZMRE,"45,000,000.00",2.70,2.7
23/08/2024,AECI,"20,406,600.00",37.98,37.98
23/08/2024,BATA,"76,107,600.00",5.00,6
23/08/2024,CHIL,"200,039,904.00",20.00,20
26/08/2024,REIZ,"56,460,198.00",1.98,1.98
26/08/2024,ZMFA,"27,090,100.00",5.01,5.01
26/08/2024,ZNCO,"1,443,750,041.28",5.84,5.84
26/08/2024,ZCCM,"160,800,286.00",54.00,54
26/08/2024,ZFCO,"400,000,000.00",2.60,2.53
26/08/2024,BATZ,"212,456,804.00",3.00,3
26/08/2024,NATB,"63,000,000.00",4.10,4.1
26/08/2024,PUMA,"500,000,000.00",6.05,6.05
26/08/2024,SHOP,"2,700,000.00",80.00,80
26/08/2024,CCAF,"1,625,000,597.00",0.62,0.62
26/08/2024,PMDZ,"100,000,000.00",4.62,4.62
26/08/2024,ATEL,"104,000,000.00",43.50,43.5
26/08/2024,CECZ,"1,625,000,597.00",12.50,13
26/08/2024,ZABR,"546,000,000.00",7.00,7
26/08/2024,MAFS,"50,000,000.00",1.83,1.83
26/08/2024,ZMBF,"300,579,610.00",2.16,2.17
26/08/2024,SCBL,"1,666,980,000.00",3.00,3
26/08/2024,ZSUG,"316,571,385.40",34.99,34.99
26/08/2024,ZMRE,"45,000,000.00",2.70,2.7
26/08/2024,AECI,"20,406,600.00",37.98,35
26/08/2024,BATA,"76,107,600.00",6.00,6
26/08/2024,CHIL,"200,039,904.00",20.00,20
27/08/2024,REIZ,"56,460,198.00",1.98,2
27/08/2024,ZMFA,"27,090,100.00",5.01,5.01
27/08/2024,ZNCO,"1,443,750,041.28",5.84,5.84
27/08/2024,ZCCM,"160,800,286.00",54.00,54
27/08/2024,ZFCO,"400,000,000.00",2.54,2.54
27/08/2024,BATZ,"212,456,804.00",3.00,3
27/08/2024,NATB,"63,000,000.00",4.09,4.09
27/08/2024,PUMA,"500,000,000.00",6.05,6.05
27/08/2024,SHOP,"2,700,000.00",80.00,80
27/08/2024,CCAF,"1,625,000,597.00",0.62,0.62
27/08/2024,PMDZ,"100,000,000.00",4.62,4.62
27/08/2024,ATEL,"104,000,000.00",43.50,43.5
27/08/2024,CECZ,"1,625,000,597.00",12.54,13.45
27/08/2024,ZABR,"546,000,000.00",7.00,7
27/08/2024,MAFS,"50,000,000.00",1.83,1.83
27/08/2024,ZMBF,"300,579,610.00",2.17,2.16
27/08/2024,SCBL,"1,666,980,000.00",3.00,3
27/08/2024,ZSUG,"316,571,385.40",34.99,34.99
27/08/2024,ZMRE,"45,000,000.00",2.70,2.7
27/08/2024,AECI,"20,406,600.00",35.00,35
27/08/2024,BATA,"76,107,600.00",6.00,6
27/08/2024,CHIL,"200,039,904.00",20.00,20
28/08/2024,REIZ,"56,460,198.00",2.00,2
28/08/2024,ZMFA,"27,090,100.00",5.01,5.01
28/08/2024,ZNCO,"1,443,750,041.28",5.84,5.84
28/08/2024,ZCCM,"160,800,286.00",54.00,54
28/08/2024,ZFCO,"400,000,000.00",2.54,2.54
28/08/2024,BATZ,"212,456,804.00",3.00,3
28/08/2024,NATB,"63,000,000.00",4.09,4.09
28/08/2024,PUMA,"500,000,000.00",6.05,6.05
28/08/2024,SHOP,"2,700,000.00",80.00,80
28/08/2024,CCAF,"1,625,000,597.00",0.62,0.62
28/08/2024,PMDZ,"100,000,000.00",4.62,4.62
28/08/2024,ATEL,"104,000,000.00",43.50,43.5
28/08/2024,CECZ,"1,625,000,597.00",13.16,13.21
28/08/2024,ZABR,"546,000,000.00",7.00,7
28/08/2024,MAFS,"50,000,000.00",1.83,1.83
28/08/2024,ZMBF,"300,579,610.00",2.16,2.16
28/08/2024,SCBL,"1,666,980,000.00",3.00,3
28/08/2024,ZSUG,"316,571,385.40",34.99,34
28/08/2024,ZMRE,"45,000,000.00",2.70,2.7
28/08/2024,AECI,"20,406,600.00",35.00,35
28/08/2024,BATA,"76,107,600.00",6.00,6
28/08/2024,CHIL,"200,039,904.00",20.00,20
29/08/2024,REIZ,"56,460,198.00",2.00,2
29/08/2024,ZMFA,"27,090,100.00",5.01,5.01
29/08/2024,ZNCO,"1,443,750,041.28",5.84,5.84
29/08/2024,ZCCM,"160,800,286.00",54.00,54
29/08/2024,ZFCO,"400,000,000.00",2.54,2.54
29/08/2024,BATZ,"212,456,804.00",3.00,3
29/08/2024,NATB,"63,000,000.00",4.09,4.09
29/08/2024,PUMA,"500,000,000.00",6.05,6.05
29/08/2024,SHOP,"2,700,000.00",80.00,100
29/08/2024,CCAF,"1,625,000,597.00",0.62,0.62
29/08/2024,PMDZ,"100,000,000.00",4.62,4.62
29/08/2024,ATEL,"104,000,000.00",43.50,43.5
29/08/2024,CECZ,"1,625,000,597.00",13.22,13.5
29/08/2024,ZABR,"546,000,000.00",7.00,7
29/08/2024,MAFS,"50,000,000.00",1.83,1.83
29/08/2024,ZMBF,"300,579,610.00",2.16,2.16
29/08/2024,SCBL,"1,666,980,000.00",3.00,3
29/08/2024,ZSUG,"316,571,385.40",34.00,34
29/08/2024,ZMRE,"45,000,000.00",2.70,2.7
29/08/2024,AECI,"20,406,600.00",35.00,35
29/08/2024,BATA,"76,107,600.00",6.00,6
29/08/2024,CHIL,"200,039,904.00",20.00,20
30/08/2024,REIZ,"56,460,198.00",2.00,2
30/08/2024,ZMFA,"27,090,100.00",5.01,5.01
30/08/2024,ZNCO,"1,443,750,041.28",5.84,5.84
30/08/2024,ZCCM,"160,800,286.00",54.00,54
30/08/2024,ZFCO,"400,000,000.00",2.54,2.54
30/08/2024,BATZ,"212,456,804.00",3.00,3
30/08/2024,NATB,"63,000,000.00",4.09,4.09
30/08/2024,PUMA,"500,000,000.00",5.99,6.05
30/08/2024,SHOP,"2,700,000.00",100.00,125
30/08/2024,CCAF,"1,625,000,597.00",0.62,0.62
30/08/2024,PMDZ,"100,000,000.00",4.62,4.62
30/08/2024,ATEL,"104,000,000.00",43.50,43.5
30/08/2024,CECZ,"1,625,000,597.00",13.49,13.5
30/08/2024,ZABR,"546,000,000.00",7.00,7
30/08/2024,MAFS,"50,000,000.00",1.83,1.83
30/08/2024,ZMBF,"300,579,610.00",2.16,2.16
30/08/2024,SCBL,"1,666,980,000.00",3.00,3
30/08/2024,ZSUG,"316,571,385.40",34.00,34
30/08/2024,ZMRE,"45,000,000.00",2.70,2.7
30/08/2024,AECI,"20,406,600.00",35.00,35
30/08/2024,BATA,"76,107,600.00",6.00,6
30/08/2024,CHIL,"200,039,904.00",20.00,20
02/09/2024,REIZ,"56,460,198.00",2.00,2
02/09/2024,ZMFA,"27,090,100.00",5.01,5.01
02/09/2024,ZNCO,"1,443,750,041.28",5.84,5.84
02/09/2024,ZCCM,"160,800,286.00",54.00,54
02/09/2024,ZFCO,"400,000,000.00",2.54,2.54
02/09/2024,BATZ,"212,456,804.00",3.00,3
02/09/2024,NATB,"63,000,000.00",4.09,4.09
02/09/2024,PUMA,"500,000,000.00",6.04,6.04
02/09/2024,SHOP,"2,700,000.00",125.00,125
02/09/2024,CCAF,"1,625,000,597.00",0.62,0.62
02/09/2024,PMDZ,"100,000,000.00",4.62,4.62
02/09/2024,ATEL,"104,000,000.00",43.50,43.5
02/09/2024,CECZ,"1,625,000,597.00",13.50,13.5
02/09/2024,ZABR,"546,000,000.00",7.00,7
02/09/2024,MAFS,"50,000,000.00",1.83,1.83
02/09/2024,ZMBF,"300,579,610.00",2.16,2.16
02/09/2024,SCBL,"1,666,980,000.00",3.00,3
02/09/2024,ZSUG,"316,571,385.40",34.00,34
02/09/2024,ZMRE,"45,000,000.00",2.70,2.7
02/09/2024,AECI,"20,406,600.00",35.00,35
02/09/2024,BATA,"76,107,600.00",6.00,6
02/09/2024,CHIL,"200,039,904.00",20.00,20
03/09/2024,REIZ,"56,460,198.00",2.00,2
03/09/2024,ZMFA,"27,090,100.00",5.01,5.01
03/09/2024,ZNCO,"1,443,750,041.28",5.84,5.85
03/09/2024,ZCCM,"160,800,286.00",54.00,54
03/09/2024,ZFCO,"400,000,000.00",2.54,2.54
03/09/2024,BATZ,"212,456,804.00",3.00,3
03/09/2024,NATB,"63,000,000.00",4.09,4.09
03/09/2024,PUMA,"500,000,000.00",6.04,6.05
03/09/2024,SHOP,"2,700,000.00",125.00,125
03/09/2024,CCAF,"1,625,000,597.00",0.62,0.62
03/09/2024,PMDZ,"100,000,000.00",4.62,4.62
03/09/2024,ATEL,"104,000,000.00",43.50,43.5
03/09/2024,CECZ,"1,625,000,597.00",13.50,13.5
03/09/2024,ZABR,"546,000,000.00",7.00,7
03/09/2024,MAFS,"50,000,000.00",1.83,1.83
03/09/2024,ZMBF,"300,579,610.00",2.16,2.16
03/09/2024,SCBL,"1,666,980,000.00",3.00,3
03/09/2024,ZSUG,"316,571,385.40",34.00,34
03/09/2024,ZMRE,"45,000,000.00",2.70,2.8
03/09/2024,AECI,"20,406,600.00",35.00,35
03/09/2024,BATA,"76,107,600.00",6.00,6
03/09/2024,CHIL,"200,039,904.00",20.00,20
04/09/2024,REIZ,"56,460,198.00",2.00,2
04/09/2024,ZMFA,"27,090,100.00",5.01,5.01
04/09/2024,ZNCO,"1,443,750,041.28",5.85,5.84
04/09/2024,ZCCM,"160,800,286.00",54.00,54
04/09/2024,ZFCO,"400,000,000.00",2.54,2.54
04/09/2024,BATZ,"212,456,804.00",3.00,3
04/09/2024,NATB,"63,000,000.00",4.09,4.09
04/09/2024,PUMA,"500,000,000.00",6.05,6.05
04/09/2024,SHOP,"2,700,000.00",125.00,125
04/09/2024,CCAF,"1,625,000,597.00",0.62,0.62
04/09/2024,PMDZ,"100,000,000.00",4.62,4.62
04/09/2024,ATEL,"104,000,000.00",43.50,43.5
04/09/2024,CECZ,"1,625,000,597.00",13.50,15
04/09/2024,ZABR,"546,000,000.00",7.00,7
04/09/2024,MAFS,"50,000,000.00",1.83,1.83
04/09/2024,ZMBF,"300,579,610.00",2.16,2.16
04/09/2024,SCBL,"1,666,980,000.00",3.00,3
04/09/2024,ZSUG,"316,571,385.40",34.00,34
04/09/2024,ZMRE,"45,000,000.00",2.80,2.8
04/09/2024,AECI,"20,406,600.00",35.00,35
04/09/2024,BATA,"76,107,600.00",6.00,6
04/09/2024,CHIL,"200,039,904.00",20.00,20
05/09/2024,REIZ,"56,460,198.00",2.00,2
05/09/2024,ZMFA,"27,090,100.00",5.01,5.01
05/09/2024,ZNCO,"1,443,750,041.28",5.85,5.85
05/09/2024,ZCCM,"160,800,286.00",54.00,64
05/09/2024,ZFCO,"400,000,000.00",2.54,2.54
05/09/2024,BATZ,"212,456,804.00",3.00,3
05/09/2024,NATB,"63,000,000.00",4.09,4.09
05/09/2024,PUMA,"500,000,000.00",6.05,6.05
05/09/2024,SHOP,"2,700,000.00",125.00,125
05/09/2024,CCAF,"1,625,000,597.00",0.62,0.62
05/09/2024,PMDZ,"100,000,000.00",4.62,4.62
05/09/2024,ATEL,"104,000,000.00",43.50,43.5
05/09/2024,CECZ,"1,625,000,597.00",14.07,15
05/09/2024,ZABR,"546,000,000.00",7.00,7
05/09/2024,MAFS,"50,000,000.00",1.83,1.83
05/09/2024,ZMBF,"300,579,610.00",2.16,2.16
05/09/2024,SCBL,"1,666,980,000.00",3.00,3
05/09/2024,ZSUG,"316,571,385.40",34.00,30
05/09/2024,ZMRE,"45,000,000.00",2.80,2.7
05/09/2024,AECI,"20,406,600.00",35.00,35
05/09/2024,BATA,"76,107,600.00",6.14,6
05/09/2024,CHIL,"200,039,904.00",20.00,20
06/09/2024,REIZ,"56,460,198.00",2.00,2
06/09/2024,ZMFA,"27,090,100.00",5.01,5.01
06/09/2024,ZNCO,"1,443,750,041.28",5.85,5.85
06/09/2024,ZCCM,"160,800,286.00",64.00,63.99
06/09/2024,ZFCO,"400,000,000.00",2.54,2.54
06/09/2024,BATZ,"212,456,804.00",3.00,3
06/09/2024,NATB,"63,000,000.00",4.09,4.09
06/09/2024,PUMA,"500,000,000.00",6.05,6.05
06/09/2024,SHOP,"2,700,000.00",125.00,125
06/09/2024,CCAF,"1,625,000,597.00",0.62,0.62
06/09/2024,PMDZ,"100,000,000.00",4.62,4.62
06/09/2024,ATEL,"104,000,000.00",43.50,43.5
06/09/2024,CECZ,"1,625,000,597.00",14.48,14.5
06/09/2024,ZABR,"546,000,000.00",7.00,7
06/09/2024,MAFS,"50,000,000.00",1.83,1.83
06/09/2024,ZMBF,"300,579,610.00",2.16,2.16
06/09/2024,SCBL,"1,666,980,000.00",3.00,3
06/09/2024,ZSUG,"316,571,385.40",30.00,30
06/09/2024,ZMRE,"45,000,000.00",2.70,2.7
06/09/2024,AECI,"20,406,600.00",35.00,35
06/09/2024,BATA,"76,107,600.00",6.00,6
06/09/2024,CHIL,"200,039,904.00",20.00,20
09/09/2024,REIZ,"56,460,198.00",2.00,2
09/09/2024,ZMFA,"27,090,100.00",5.01,5.01
09/09/2024,ZNCO,"1,443,750,041.28",5.85,5.84
09/09/2024,ZCCM,"160,800,286.00",63.99,63.99
09/09/2024,ZFCO,"400,000,000.00",2.54,2.8
09/09/2024,BATZ,"212,456,804.00",3.00,3
09/09/2024,NATB,"63,000,000.00",4.09,4.09
09/09/2024,PUMA,"500,000,000.00",6.05,6.05
09/09/2024,SHOP,"2,700,000.00",125.00,125
09/09/2024,CCAF,"1,625,000,597.00",0.62,0.62
09/09/2024,PMDZ,"100,000,000.00",4.62,4.62
09/09/2024,ATEL,"104,000,000.00",43.50,43.5
09/09/2024,CECZ,"1,625,000,597.00",14.73,14.5
09/09/2024,ZABR,"546,000,000.00",7.00,7
09/09/2024,MAFS,"50,000,000.00",1.83,1.83
09/09/2024,ZMBF,"300,579,610.00",2.16,2.16
09/09/2024,SCBL,"1,666,980,000.00",3.00,3
09/09/2024,ZSUG,"316,571,385.40",30.00,31.5
09/09/2024,ZMRE,"45,000,000.00",2.70,2.7
09/09/2024,AECI,"20,406,600.00",35.00,35
09/09/2024,BATA,"76,107,600.00",6.00,6
09/09/2024,CHIL,"200,039,904.00",20.00,21
10/09/2024,REIZ,"56,460,198.00",2.00,2
10/09/2024,ZMFA,"27,090,100.00",5.01,5.01
10/09/2024,ZNCO,"1,443,750,041.28",5.85,5.84
10/09/2024,ZCCM,"160,800,286.00",63.99,63.99
10/09/2024,ZFCO,"400,000,000.00",2.80,2.8
10/09/2024,BATZ,"212,456,804.00",3.00,3
10/09/2024,NATB,"63,000,000.00",4.09,4.09
10/09/2024,PUMA,"500,000,000.00",6.05,6.05
10/09/2024,SHOP,"2,700,000.00",125.00,125
10/09/2024,CCAF,"1,625,000,597.00",0.62,0.62
10/09/2024,PMDZ,"100,000,000.00",4.62,4.62
10/09/2024,ATEL,"104,000,000.00",43.50,43.5
10/09/2024,CECZ,"1,625,000,597.00",14.50,15
10/09/2024,ZABR,"546,000,000.00",7.00,7
10/09/2024,MAFS,"50,000,000.00",1.83,1.83
10/09/2024,ZMBF,"300,579,610.00",2.16,2.16
10/09/2024,SCBL,"1,666,980,000.00",3.00,3
10/09/2024,ZSUG,"316,571,385.40",31.50,34.99
10/09/2024,ZMRE,"45,000,000.00",2.70,2.7
10/09/2024,AECI,"20,406,600.00",35.00,35
10/09/2024,BATA,"76,107,600.00",6.00,6
10/09/2024,CHIL,"200,039,904.00",21.00,21
11/09/2024,REIZ,"56,460,198.00",2.00,2
11/09/2024,ZMFA,"27,090,100.00",5.01,5.01
11/09/2024,ZNCO,"1,443,750,041.28",5.85,5.84
11/09/2024,ZCCM,"160,800,286.00",63.99,63.99
11/09/2024,ZFCO,"400,000,000.00",2.80,2.8
11/09/2024,BATZ,"212,456,804.00",3.00,3
11/09/2024,NATB,"63,000,000.00",4.09,4.1
11/09/2024,PUMA,"500,000,000.00",6.05,6.05
11/09/2024,SHOP,"2,700,000.00",125.00,125
11/09/2024,CCAF,"1,625,000,597.00",0.62,0.62
11/09/2024,PMDZ,"100,000,000.00",4.62,4.62
11/09/2024,ATEL,"104,000,000.00",43.50,43.5
11/09/2024,CECZ,"1,625,000,597.00",14.52,15
11/09/2024,ZABR,"546,000,000.00",7.00,7
11/09/2024,MAFS,"50,000,000.00",1.83,1.83
11/09/2024,ZMBF,"300,579,610.00",2.16,2.16
11/09/2024,SCBL,"1,666,980,000.00",3.00,3.25
11/09/2024,ZSUG,"316,571,385.40",34.99,34.99
11/09/2024,ZMRE,"45,000,000.00",2.70,2.7
11/09/2024,AECI,"20,406,600.00",35.00,35
11/09/2024,BATA,"76,107,600.00",6.00,6
11/09/2024,CHIL,"200,039,904.00",21.00,21
12/09/2024,REIZ,"56,460,198.00",2.00,2
12/09/2024,ZMFA,"27,090,100.00",5.01,5.01
12/09/2024,ZNCO,"1,443,750,041.28",5.84,5.84
12/09/2024,ZCCM,"160,800,286.00",63.99,63.99
12/09/2024,ZFCO,"400,000,000.00",2.80,2.8
12/09/2024,BATZ,"212,456,804.00",3.00,3
12/09/2024,NATB,"63,000,000.00",4.10,4.1
12/09/2024,PUMA,"500,000,000.00",6.05,6.05
12/09/2024,SHOP,"2,700,000.00",125.00,125
12/09/2024,CCAF,"1,625,000,597.00",0.62,0.62
12/09/2024,PMDZ,"100,000,000.00",4.62,4.62
12/09/2024,ATEL,"104,000,000.00",43.50,43.5
12/09/2024,CECZ,"1,625,000,597.00",14.51,15
12/09/2024,ZABR,"546,000,000.00",7.00,7
12/09/2024,MAFS,"50,000,000.00",1.83,1.83
12/09/2024,ZMBF,"300,579,610.00",2.16,2.16
12/09/2024,SCBL,"1,666,980,000.00",3.25,3.25
12/09/2024,ZSUG,"316,571,385.40",34.99,34.99
12/09/2024,ZMRE,"45,000,000.00",2.70,2.7
12/09/2024,AECI,"20,406,600.00",35.00,35
12/09/2024,BATA,"76,107,600.00",6.00,6
12/09/2024,CHIL,"200,039,904.00",21.00,21
13/09/2024,REIZ,"56,460,198.00",2.00,2
13/09/2024,ZMFA,"27,090,100.00",5.01,5.01
13/09/2024,ZNCO,"1,443,750,041.28",5.84,5.84
13/09/2024,ZCCM,"160,800,286.00",63.99,63.99
13/09/2024,ZFCO,"400,000,000.00",2.80,2.8
13/09/2024,BATZ,"212,456,804.00",3.00,3
13/09/2024,NATB,"63,000,000.00",4.10,4.1
13/09/2024,PUMA,"500,000,000.00",6.05,6.05
13/09/2024,SHOP,"2,700,000.00",125.00,125
13/09/2024,CCAF,"1,625,000,597.00",0.62,0.62
13/09/2024,PMDZ,"100,000,000.00",4.62,4.62
13/09/2024,ATEL,"104,000,000.00",43.50,43.5
13/09/2024,CECZ,"1,625,000,597.00",14.93,15
13/09/2024,ZABR,"546,000,000.00",7.00,7
13/09/2024,MAFS,"50,000,000.00",1.83,1.83
13/09/2024,ZMBF,"300,579,610.00",2.16,2.16
13/09/2024,SCBL,"1,666,980,000.00",3.25,3.25
13/09/2024,ZSUG,"316,571,385.40",34.99,34.99
13/09/2024,ZMRE,"45,000,000.00",2.70,2.7
13/09/2024,AECI,"20,406,600.00",35.00,35
13/09/2024,BATA,"76,107,600.00",6.00,6
13/09/2024,CHIL,"200,039,904.00",21.03,21
16/09/2024,REIZ,"56,460,198.00",2.00,2
16/09/2024,ZMFA,"27,090,100.00",5.01,5.01
16/09/2024,ZNCO,"1,443,750,041.28",5.84,5.84
16/09/2024,ZCCM,"160,800,286.00",63.99,63.99
16/09/2024,ZFCO,"400,000,000.00",2.80,2.8
16/09/2024,BATZ,"212,456,804.00",3.00,3
16/09/2024,NATB,"63,000,000.00",4.10,4.09
16/09/2024,PUMA,"500,000,000.00",6.07,6.05
16/09/2024,SHOP,"2,700,000.00",125.00,125
16/09/2024,CCAF,"1,625,000,597.00",0.62,0.62
16/09/2024,PMDZ,"100,000,000.00",4.62,4.62
16/09/2024,ATEL,"104,000,000.00",43.50,43.5
16/09/2024,CECZ,"1,625,000,597.00",15.00,15
16/09/2024,ZABR,"546,000,000.00",7.00,7
16/09/2024,MAFS,"50,000,000.00",1.83,1.83
16/09/2024,ZMBF,"300,579,610.00",2.16,2.16
16/09/2024,SCBL,"1,666,980,000.00",3.18,3.18
16/09/2024,ZSUG,"316,571,385.40",34.99,34.99
16/09/2024,ZMRE,"45,000,000.00",2.70,2.7
16/09/2024,AECI,"20,406,600.00",35.00,35
16/09/2024,BATA,"76,107,600.00",6.00,6
16/09/2024,CHIL,"200,039,904.00",21.00,21.03
17/09/2024,REIZ,"56,460,198.00",2.00,2
17/09/2024,ZMFA,"27,090,100.00",5.01,5.01
17/09/2024,ZNCO,"1,443,750,041.28",5.84,5.84
17/09/2024,ZCCM,"160,800,286.00",63.99,63.99
17/09/2024,ZFCO,"400,000,000.00",2.80,2.8
17/09/2024,BATZ,"212,456,804.00",3.00,3
17/09/2024,NATB,"63,000,000.00",4.09,4.09
17/09/2024,PUMA,"500,000,000.00",6.05,6.05
17/09/2024,SHOP,"2,700,000.00",125.00,125
17/09/2024,CCAF,"1,625,000,597.00",0.62,0.62
17/09/2024,PMDZ,"100,000,000.00",4.62,4.62
17/09/2024,ATEL,"104,000,000.00",43.50,43.5
17/09/2024,CECZ,"1,625,000,597.00",15.00,15
17/09/2024,ZABR,"546,000,000.00",7.00,7
17/09/2024,MAFS,"50,000,000.00",1.83,1.83
17/09/2024,ZMBF,"300,579,610.00",2.16,2.16
17/09/2024,SCBL,"1,666,980,000.00",3.24,3.18
17/09/2024,ZSUG,"316,571,385.40",34.99,34.99
17/09/2024,ZMRE,"45,000,000.00",2.70,2.7
17/09/2024,AECI,"20,406,600.00",35.00,35
17/09/2024,BATA,"76,107,600.00",6.00,6
17/09/2024,CHIL,"200,039,904.00",21.03,21.03
18/09/2024,REIZ,"56,460,198.00",2.00,2
18/09/2024,ZMFA,"27,090,100.00",5.01,5.01
18/09/2024,ZNCO,"1,443,750,041.28",5.84,5.84
18/09/2024,ZCCM,"160,800,286.00",63.99,63.99
18/09/2024,ZFCO,"400,000,000.00",2.80,2.8
18/09/2024,BATZ,"212,456,804.00",3.00,3
18/09/2024,NATB,"63,000,000.00",4.09,4.09
18/09/2024,PUMA,"500,000,000.00",6.05,6.05
18/09/2024,SHOP,"2,700,000.00",125.00,125
18/09/2024,CCAF,"1,625,000,597.00",0.62,0.62
18/09/2024,PMDZ,"100,000,000.00",4.62,4.62
18/09/2024,ATEL,"104,000,000.00",43.50,43.5
18/09/2024,CECZ,"1,625,000,597.00",15.00,15
18/09/2024,ZABR,"546,000,000.00",7.00,7
18/09/2024,MAFS,"50,000,000.00",1.83,1.83
18/09/2024,ZMBF,"300,579,610.00",2.16,2.15
18/09/2024,SCBL,"1,666,980,000.00",3.18,3.18
18/09/2024,ZSUG,"316,571,385.40",34.99,35
18/09/2024,ZMRE,"45,000,000.00",2.70,2.7
18/09/2024,AECI,"20,406,600.00",35.00,35
18/09/2024,BATA,"76,107,600.00",6.00,6
18/09/2024,CHIL,"200,039,904.00",21.03,21.03
19/09/2024,REIZ,"56,460,198.00",2.00,2
19/09/2024,ZMFA,"27,090,100.00",5.01,5.01
19/09/2024,ZNCO,"1,443,750,041.28",5.84,5.85
19/09/2024,ZCCM,"160,800,286.00",63.99,63.99
19/09/2024,ZFCO,"400,000,000.00",2.80,2.8
19/09/2024,BATZ,"212,456,804.00",3.00,3
19/09/2024,NATB,"63,000,000.00",4.09,4.09
19/09/2024,PUMA,"500,000,000.00",6.05,6.05
19/09/2024,SHOP,"2,700,000.00",125.00,125
19/09/2024,CCAF,"1,625,000,597.00",0.62,0.62
19/09/2024,PMDZ,"100,000,000.00",4.62,4.62
19/09/2024,ATEL,"104,000,000.00",43.59,43.5
19/09/2024,CECZ,"1,625,000,597.00",15.00,15
19/09/2024,ZABR,"546,000,000.00",7.00,7
19/09/2024,MAFS,"50,000,000.00",1.83,1.83
19/09/2024,ZMBF,"300,579,610.00",2.15,2.15
19/09/2024,SCBL,"1,666,980,000.00",3.18,3.25
19/09/2024,ZSUG,"316,571,385.40",35.00,35
19/09/2024,ZMRE,"45,000,000.00",2.70,2.7
19/09/2024,AECI,"20,406,600.00",35.00,35
19/09/2024,BATA,"76,107,600.00",6.00,6
19/09/2024,CHIL,"200,039,904.00",21.03,21
20/09/2024,REIZ,"56,460,198.00",2.00,2
20/09/2024,ZMFA,"27,090,100.00",5.01,5.01
20/09/2024,ZNCO,"1,443,750,041.28",5.85,5.85
20/09/2024,ZCCM,"160,800,286.00",63.99,63.99
20/09/2024,ZFCO,"400,000,000.00",2.80,2.8
20/09/2024,BATZ,"212,456,804.00",3.00,3
20/09/2024,NATB,"63,000,000.00",4.09,4.09
20/09/2024,PUMA,"500,000,000.00",6.05,6.05
20/09/2024,SHOP,"2,700,000.00",125.00,125
20/09/2024,CCAF,"1,625,000,597.00",0.62,0.62
20/09/2024,PMDZ,"100,000,000.00",4.62,4.62
20/09/2024,ATEL,"104,000,000.00",43.51,43.74
20/09/2024,CECZ,"1,625,000,597.00",15.00,15
20/09/2024,ZABR,"546,000,000.00",7.00,7
20/09/2024,MAFS,"50,000,000.00",1.83,1.83
20/09/2024,ZMBF,"300,579,610.00",2.15,2.15
20/09/2024,SCBL,"1,666,980,000.00",3.25,3.18
20/09/2024,ZSUG,"316,571,385.40",35.00,35
20/09/2024,ZMRE,"45,000,000.00",2.70,2.7
20/09/2024,AECI,"20,406,600.00",35.00,35
20/09/2024,BATA,"76,107,600.00",6.00,6
20/09/2024,CHIL,"200,039,904.00",21.01,21
23/09/2024,REIZ,"56,460,198.00",2.00,2
23/09/2024,ZMFA,"27,090,100.00",5.01,5.01
23/09/2024,ZNCO,"1,443,750,041.28",5.85,5.85
23/09/2024,ZCCM,"160,800,286.00",63.99,63.99
23/09/2024,ZFCO,"400,000,000.00",2.80,2.8
23/09/2024,BATZ,"212,456,804.00",3.00,3.02
23/09/2024,NATB,"63,000,000.00",4.09,4.09
23/09/2024,PUMA,"500,000,000.00",6.05,6.05
23/09/2024,SHOP,"2,700,000.00",125.00,125
23/09/2024,CCAF,"1,625,000,597.00",0.62,0.62
23/09/2024,PMDZ,"100,000,000.00",4.62,4.62
23/09/2024,ATEL,"104,000,000.00",43.72,43.5
23/09/2024,CECZ,"1,625,000,597.00",15.00,15.15
23/09/2024,ZABR,"546,000,000.00",7.00,6.99
23/09/2024,MAFS,"50,000,000.00",1.83,1.83
23/09/2024,ZMBF,"300,579,610.00",2.15,2.15
23/09/2024,SCBL,"1,666,980,000.00",3.23,3.25
23/09/2024,ZSUG,"316,571,385.40",35.00,35
23/09/2024,ZMRE,"45,000,000.00",2.70,2.7
23/09/2024,AECI,"20,406,600.00",35.00,35
23/09/2024,BATA,"76,107,600.00",6.00,6
23/09/2024,CHIL,"200,039,904.00",21.00,21
24/09/2024,REIZ,"56,460,198.00",2.00,2
24/09/2024,ZMFA,"27,090,100.00",5.01,5.01
24/09/2024,ZNCO,"1,443,750,041.28",5.84,5.85
24/09/2024,ZCCM,"160,800,286.00",63.99,63.99
24/09/2024,ZFCO,"400,000,000.00",2.80,2.8
24/09/2024,BATZ,"212,456,804.00",3.02,3.02
24/09/2024,NATB,"63,000,000.00",4.09,4.09
24/09/2024,PUMA,"500,000,000.00",6.05,6.05
24/09/2024,SHOP,"2,700,000.00",125.00,125
24/09/2024,CCAF,"1,625,000,597.00",0.62,0.62
24/09/2024,PMDZ,"100,000,000.00",4.62,4.62
24/09/2024,ATEL,"104,000,000.00",43.50,43.5
24/09/2024,CECZ,"1,625,000,597.00",15.15,15.15
24/09/2024,ZABR,"546,000,000.00",6.99,6.99
24/09/2024,MAFS,"50,000,000.00",1.83,1.83
24/09/2024,ZMBF,"300,579,610.00",2.15,2.15
24/09/2024,SCBL,"1,666,980,000.00",3.25,3
24/09/2024,ZSUG,"316,571,385.40",35.00,35
24/09/2024,ZMRE,"45,000,000.00",2.70,2.7
24/09/2024,AECI,"20,406,600.00",35.00,35
24/09/2024,BATA,"76,107,600.00",6.00,6
24/09/2024,CHIL,"200,039,904.00",21.00,21
25/09/2024,REIZ,"56,460,198.00",2.00,2
25/09/2024,ZMFA,"27,090,100.00",5.01,5.01
25/09/2024,ZNCO,"1,443,750,041.28",5.85,5.85
25/09/2024,ZCCM,"160,800,286.00",63.99,64
25/09/2024,ZFCO,"400,000,000.00",2.80,2.8
25/09/2024,BATZ,"212,456,804.00",3.02,3.02
25/09/2024,NATB,"63,000,000.00",4.09,4.09
25/09/2024,PUMA,"500,000,000.00",6.05,6.05
25/09/2024,SHOP,"2,700,000.00",125.00,125
25/09/2024,CCAF,"1,625,000,597.00",0.62,0.62
25/09/2024,PMDZ,"100,000,000.00",4.62,4.62
25/09/2024,ATEL,"104,000,000.00",43.50,43.5
25/09/2024,CECZ,"1,625,000,597.00",15.03,15.15
25/09/2024,ZABR,"546,000,000.00",6.99,6.99
25/09/2024,MAFS,"50,000,000.00",1.83,1.83
25/09/2024,ZMBF,"300,579,610.00",2.10,2
25/09/2024,SCBL,"1,666,980,000.00",3.23,3.25
25/09/2024,ZSUG,"316,571,385.40",35.00,35
25/09/2024,ZMRE,"45,000,000.00",2.70,2.7
25/09/2024,AECI,"20,406,600.00",35.00,35
25/09/2024,BATA,"76,107,600.00",6.00,6
25/09/2024,CHIL,"200,039,904.00",21.00,21
26/09/2024,REIZ,"56,460,198.00",2.00,2
26/09/2024,ZMFA,"27,090,100.00",5.01,5.01
26/09/2024,ZNCO,"1,443,750,041.28",5.85,5.85
26/09/2024,ZCCM,"160,800,286.00",64.00,64
26/09/2024,ZFCO,"400,000,000.00",2.80,2.8
26/09/2024,BATZ,"212,456,804.00",3.02,3.02
26/09/2024,NATB,"63,000,000.00",4.09,4.09
26/09/2024,PUMA,"500,000,000.00",6.05,6.05
26/09/2024,SHOP,"2,700,000.00",125.00,156
26/09/2024,CCAF,"1,625,000,597.00",0.62,0.62
26/09/2024,PMDZ,"100,000,000.00",4.62,4.62
26/09/2024,ATEL,"104,000,000.00",43.50,43.5
26/09/2024,CECZ,"1,625,000,597.00",15.15,15.15
26/09/2024,ZABR,"546,000,000.00",6.99,6.99
26/09/2024,MAFS,"50,000,000.00",1.83,1.83
26/09/2024,ZMBF,"300,579,610.00",2.01,2.15
26/09/2024,SCBL,"1,666,980,000.00",3.25,3.25
26/09/2024,ZSUG,"316,571,385.40",35.00,35
26/09/2024,ZMRE,"45,000,000.00",2.70,2.7
26/09/2024,AECI,"20,406,600.00",35.00,35
26/09/2024,BATA,"76,107,600.00",6.00,6
26/09/2024,CHIL,"200,039,904.00",21.00,21
27/09/2024,REIZ,"56,460,198.00",2.00,2
27/09/2024,ZMFA,"27,090,100.00",5.01,5.01
27/09/2024,ZNCO,"1,443,750,041.28",5.85,5.85
27/09/2024,ZCCM,"160,800,286.00",64.00,64
27/09/2024,ZFCO,"400,000,000.00",2.80,2.8
27/09/2024,BATZ,"212,456,804.00",3.02,3.02
27/09/2024,NATB,"63,000,000.00",4.09,4.09
27/09/2024,PUMA,"500,000,000.00",6.05,6.05
27/09/2024,SHOP,"2,700,000.00",156.00,156
27/09/2024,CCAF,"1,625,000,597.00",0.62,0.62
27/09/2024,PMDZ,"100,000,000.00",4.62,4.62
27/09/2024,ATEL,"104,000,000.00",43.50,43.5
27/09/2024,CECZ,"1,625,000,597.00",15.12,15.14
27/09/2024,ZABR,"546,000,000.00",6.99,6.99
27/09/2024,MAFS,"50,000,000.00",1.83,1.83
27/09/2024,ZMBF,"300,579,610.00",2.15,2.14
27/09/2024,SCBL,"1,666,980,000.00",3.25,3.25
27/09/2024,ZSUG,"316,571,385.40",35.00,35
27/09/2024,ZMRE,"45,000,000.00",2.70,2.7
27/09/2024,AECI,"20,406,600.00",35.00,35
27/09/2024,BATA,"76,107,600.00",5.92,5.92
27/09/2024,CHIL,"200,039,904.00",21.00,21
30/09/2024,REIZ,"56,460,198.00",2.00,2
30/09/2024,ZMFA,"27,090,100.00",5.01,5.01
30/09/2024,ZNCO,"1,443,750,041.28",5.85,5.85
30/09/2024,ZCCM,"160,800,286.00",64.00,64
30/09/2024,ZFCO,"400,000,000.00",2.80,2.8
30/09/2024,BATZ,"212,456,804.00",3.02,3.02
30/09/2024,NATB,"63,000,000.00",4.09,4.09
30/09/2024,PUMA,"500,000,000.00",6.05,6.05
30/09/2024,SHOP,"2,700,000.00",156.00,156
30/09/2024,CCAF,"1,625,000,597.00",0.62,0.62
30/09/2024,PMDZ,"100,000,000.00",4.62,4.62
30/09/2024,ATEL,"104,000,000.00",43.50,43.5
30/09/2024,CECZ,"1,625,000,597.00",15.14,15.14
30/09/2024,ZABR,"546,000,000.00",6.99,6.99
30/09/2024,MAFS,"50,000,000.00",1.83,1.83
30/09/2024,ZMBF,"300,579,610.00",2.14,2.14
30/09/2024,SCBL,"1,666,980,000.00",3.25,3.23
30/09/2024,ZSUG,"316,571,385.40",35.00,35
30/09/2024,ZMRE,"45,000,000.00",2.70,2.7
30/09/2024,AECI,"20,406,600.00",35.00,35
30/09/2024,BATA,"76,107,600.00",5.92,5.92
30/09/2024,CHIL,"200,039,904.00",21.00,21.04
01/10/2024,REIZ,"56,460,198.00",2.00,2
01/10/2024,ZMFA,"27,090,100.00",5.01,5.01
01/10/2024,ZNCO,"1,443,750,041.28",5.85,5.84
01/10/2024,ZCCM,"160,800,286.00",64.00,64
01/10/2024,ZFCO,"400,000,000.00",2.80,2.8
01/10/2024,BATZ,"212,456,804.00",3.02,3.02
01/10/2024,NATB,"63,000,000.00",4.09,4.09
01/10/2024,PUMA,"500,000,000.00",6.05,5.8
01/10/2024,SHOP,"2,700,000.00",156.00,156
01/10/2024,CCAF,"1,625,000,597.00",0.62,0.62
01/10/2024,PMDZ,"100,000,000.00",4.62,4.62
01/10/2024,ATEL,"104,000,000.00",43.50,43.5
01/10/2024,CECZ,"1,625,000,597.00",15.14,15.14
01/10/2024,ZABR,"546,000,000.00",6.99,6.99
01/10/2024,MAFS,"50,000,000.00",1.83,1.83
01/10/2024,ZMBF,"300,579,610.00",2.14,2.14
01/10/2024,SCBL,"1,666,980,000.00",3.24,3.2
01/10/2024,ZSUG,"316,571,385.40",35.00,35
01/10/2024,ZMRE,"45,000,000.00",2.70,2.7
01/10/2024,AECI,"20,406,600.00",35.00,35
01/10/2024,BATA,"76,107,600.00",5.92,5.92
01/10/2024,CHIL,"200,039,904.00",21.04,21.04
02/10/2024,REIZ,"56,460,198.00",2.00,2
02/10/2024,ZMFA,"27,090,100.00",5.01,5.01
02/10/2024,ZNCO,"1,443,750,041.28",5.84,5.84
02/10/2024,ZCCM,"160,800,286.00",64.00,64
02/10/2024,ZFCO,"400,000,000.00",2.80,2.8
02/10/2024,BATZ,"212,456,804.00",3.02,3.02
02/10/2024,NATB,"63,000,000.00",4.09,4.09
02/10/2024,PUMA,"500,000,000.00",5.80,5.8
02/10/2024,SHOP,"2,700,000.00",156.00,156
02/10/2024,CCAF,"1,625,000,597.00",0.62,0.62
02/10/2024,PMDZ,"100,000,000.00",4.62,4.62
02/10/2024,ATEL,"104,000,000.00",43.54,43.54
02/10/2024,CECZ,"1,625,000,597.00",15.14,15.14
02/10/2024,ZABR,"546,000,000.00",6.99,6.99
02/10/2024,MAFS,"50,000,000.00",1.83,1.83
02/10/2024,ZMBF,"300,579,610.00",2.14,2.01
02/10/2024,SCBL,"1,666,980,000.00",3.20,3.2
02/10/2024,ZSUG,"316,571,385.40",35.00,35
02/10/2024,ZMRE,"45,000,000.00",2.70,2.7
02/10/2024,AECI,"20,406,600.00",35.00,35
02/10/2024,BATA,"76,107,600.00",5.92,5.92
02/10/2024,CHIL,"200,039,904.00",21.04,21
03/10/2024,REIZ,"56,460,198.00",2.00,2
03/10/2024,ZMFA,"27,090,100.00",5.01,5.01
03/10/2024,ZNCO,"1,443,750,041.28",5.84,5.8
03/10/2024,ZCCM,"160,800,286.00",64.00,64
03/10/2024,ZFCO,"400,000,000.00",2.80,2.8
03/10/2024,BATZ,"212,456,804.00",3.02,3.02
03/10/2024,NATB,"63,000,000.00",4.09,3.8
03/10/2024,PUMA,"500,000,000.00",5.80,5.8
03/10/2024,SHOP,"2,700,000.00",156.00,195
03/10/2024,CCAF,"1,625,000,597.00",0.62,0.62
03/10/2024,PMDZ,"100,000,000.00",4.62,4.62
03/10/2024,ATEL,"104,000,000.00",43.54,43.54
03/10/2024,CECZ,"1,625,000,597.00",15.14,15.14
03/10/2024,ZABR,"546,000,000.00",6.99,6.99
03/10/2024,MAFS,"50,000,000.00",1.83,1.8
03/10/2024,ZMBF,"300,579,610.00",2.06,2.14
03/10/2024,SCBL,"1,666,980,000.00",3.20,3.2
03/10/2024,ZSUG,"316,571,385.40",35.00,35
03/10/2024,ZMRE,"45,000,000.00",2.70,2.7
03/10/2024,AECI,"20,406,600.00",35.00,35
03/10/2024,BATA,"76,107,600.00",5.92,5.92
03/10/2024,CHIL,"200,039,904.00",21.01,21.01
04/10/2024,REIZ,"56,460,198.00",2.00,2
04/10/2024,ZMFA,"27,090,100.00",5.01,5.01
04/10/2024,ZNCO,"1,443,750,041.28",5.84,5.84
04/10/2024,ZCCM,"160,800,286.00",64.00,64
04/10/2024,ZFCO,"400,000,000.00",2.80,2.8
04/10/2024,BATZ,"212,456,804.00",3.02,3.02
04/10/2024,NATB,"63,000,000.00",3.80,3.8
04/10/2024,PUMA,"500,000,000.00",5.80,5.8
04/10/2024,SHOP,"2,700,000.00",195.00,195
04/10/2024,CCAF,"1,625,000,597.00",0.62,0.62
04/10/2024,PMDZ,"100,000,000.00",4.62,4.62
04/10/2024,ATEL,"104,000,000.00",43.54,43.54
04/10/2024,CECZ,"1,625,000,597.00",15.11,15.12
04/10/2024,ZABR,"546,000,000.00",6.99,6.99
04/10/2024,MAFS,"50,000,000.00",1.80,1.8
04/10/2024,ZMBF,"300,579,610.00",2.10,2.1
04/10/2024,SCBL,"1,666,980,000.00",3.20,3.2
04/10/2024,ZSUG,"316,571,385.40",35.00,35
04/10/2024,ZMRE,"45,000,000.00",2.70,2.7
04/10/2024,AECI,"20,406,600.00",35.00,35
04/10/2024,BATA,"76,107,600.00",5.92,5.92
04/10/2024,CHIL,"200,039,904.00",21.01,21.01
07/10/2024,REIZ,"56,460,198.00",2.00,2
07/10/2024,ZMFA,"27,090,100.00",5.01,5.01
07/10/2024,ZNCO,"1,443,750,041.28",5.83,5.83
07/10/2024,ZCCM,"160,800,286.00",64.00,64
07/10/2024,ZFCO,"400,000,000.00",2.80,2.8
07/10/2024,BATZ,"212,456,804.00",3.02,3.02
07/10/2024,NATB,"63,000,000.00",3.80,3.8
07/10/2024,PUMA,"500,000,000.00",5.80,5.8
07/10/2024,SHOP,"2,700,000.00",195.00,195
07/10/2024,CCAF,"1,625,000,597.00",0.62,0.62
07/10/2024,PMDZ,"100,000,000.00",4.62,4.62
07/10/2024,ATEL,"104,000,000.00",43.54,43.5
07/10/2024,CECZ,"1,625,000,597.00",15.12,15.14
07/10/2024,ZABR,"546,000,000.00",6.99,6.99
07/10/2024,MAFS,"50,000,000.00",1.80,1.8
07/10/2024,ZMBF,"300,579,610.00",2.10,2.14
07/10/2024,SCBL,"1,666,980,000.00",3.20,3.2
07/10/2024,ZSUG,"316,571,385.40",35.00,35
07/10/2024,ZMRE,"45,000,000.00",2.70,2.7
07/10/2024,AECI,"20,406,600.00",35.00,35
07/10/2024,BATA,"76,107,600.00",5.92,5.92
07/10/2024,CHIL,"200,039,904.00",21.01,21.03
08/10/2024,REIZ,"56,460,198.00",2.00,2
08/10/2024,ZMFA,"27,090,100.00",5.01,5.01
08/10/2024,ZNCO,"1,443,750,041.28",5.84,5.84
08/10/2024,ZCCM,"160,800,286.00",64.00,65
08/10/2024,ZFCO,"400,000,000.00",2.80,2.8
08/10/2024,BATZ,"212,456,804.00",3.02,3.02
08/10/2024,NATB,"63,000,000.00",3.80,3.8
08/10/2024,PUMA,"500,000,000.00",5.80,5.8
08/10/2024,SHOP,"2,700,000.00",195.00,195
08/10/2024,CCAF,"1,625,000,597.00",0.63,0.63
08/10/2024,PMDZ,"100,000,000.00",4.62,4.62
08/10/2024,ATEL,"104,000,000.00",43.51,43.55
08/10/2024,CECZ,"1,625,000,597.00",15.13,15.12
08/10/2024,ZABR,"546,000,000.00",6.99,6.98
08/10/2024,MAFS,"50,000,000.00",1.80,1.8
08/10/2024,ZMBF,"300,579,610.00",2.14,2.14
08/10/2024,SCBL,"1,666,980,000.00",3.20,3.2
08/10/2024,ZSUG,"316,571,385.40",35.00,35
08/10/2024,ZMRE,"45,000,000.00",2.70,2.7
08/10/2024,AECI,"20,406,600.00",35.00,32
08/10/2024,BATA,"76,107,600.00",5.92,5.92
08/10/2024,CHIL,"200,039,904.00",21.03,21.03
09/10/2024,REIZ,"56,460,198.00",2.00,2
09/10/2024,ZMFA,"27,090,100.00",5.01,5.01
09/10/2024,ZNCO,"1,443,750,041.28",5.84,5.85
09/10/2024,ZCCM,"160,800,286.00",65.00,65
09/10/2024,ZFCO,"400,000,000.00",2.80,2.8
09/10/2024,BATZ,"212,456,804.00",3.02,3.02
09/10/2024,NATB,"63,000,000.00",3.80,3.8
09/10/2024,PUMA,"500,000,000.00",5.80,5.8
09/10/2024,SHOP,"2,700,000.00",195.00,243
09/10/2024,CCAF,"1,625,000,597.00",0.63,0.63
09/10/2024,PMDZ,"100,000,000.00",4.62,4.62
09/10/2024,ATEL,"104,000,000.00",43.55,43.5
09/10/2024,CECZ,"1,625,000,597.00",15.12,15.11
09/10/2024,ZABR,"546,000,000.00",6.98,6.98
09/10/2024,MAFS,"50,000,000.00",1.80,1.8
09/10/2024,ZMBF,"300,579,610.00",2.14,2.14
09/10/2024,SCBL,"1,666,980,000.00",3.20,3.2
09/10/2024,ZSUG,"316,571,385.40",35.00,35
09/10/2024,ZMRE,"45,000,000.00",2.70,2.7
09/10/2024,AECI,"20,406,600.00",32.00,32
09/10/2024,BATA,"76,107,600.00",5.92,5.92
09/10/2024,CHIL,"200,039,904.00",21.03,21.03
10/10/2024,REIZ,"56,460,198.00",2.00,2
10/10/2024,ZMFA,"27,090,100.00",5.01,5.01
10/10/2024,ZNCO,"1,443,750,041.28",5.85,5.85
10/10/2024,ZCCM,"160,800,286.00",65.00,65
10/10/2024,ZFCO,"400,000,000.00",2.80,2.8
10/10/2024,BATZ,"212,456,804.00",3.02,3.02
10/10/2024,NATB,"63,000,000.00",3.80,3.8
10/10/2024,PUMA,"500,000,000.00",5.80,5.8
10/10/2024,SHOP,"2,700,000.00",223.57,223.57
10/10/2024,CCAF,"1,625,000,597.00",0.63,0.63
10/10/2024,PMDZ,"100,000,000.00",4.62,4.62
10/10/2024,ATEL,"104,000,000.00",43.50,43.5
10/10/2024,CECZ,"1,625,000,597.00",15.12,15.1
10/10/2024,ZABR,"546,000,000.00",6.98,6.98
10/10/2024,MAFS,"50,000,000.00",1.80,1.8
10/10/2024,ZMBF,"300,579,610.00",2.14,2.14
10/10/2024,SCBL,"1,666,980,000.00",3.20,3.2
10/10/2024,ZSUG,"316,571,385.40",35.00,35
10/10/2024,ZMRE,"45,000,000.00",2.70,2.7
10/10/2024,AECI,"20,406,600.00",32.00,32
10/10/2024,BATA,"76,107,600.00",5.92,5.92
10/10/2024,CHIL,"200,039,904.00",21.03,21.03
11/10/2024,REIZ,"56,460,198.00",2.00,2
11/10/2024,ZMFA,"27,090,100.00",5.01,5.01
11/10/2024,ZNCO,"1,443,750,041.28",5.85,5.85
11/10/2024,ZCCM,"160,800,286.00",65.00,65
11/10/2024,ZFCO,"400,000,000.00",2.80,2.8
11/10/2024,BATZ,"212,456,804.00",3.02,3.02
11/10/2024,NATB,"63,000,000.00",3.80,3.8
11/10/2024,PUMA,"500,000,000.00",5.80,5.8
11/10/2024,SHOP,"2,700,000.00",223.57,223.57
11/10/2024,CCAF,"1,625,000,597.00",0.63,0.62
11/10/2024,PMDZ,"100,000,000.00",4.62,4.62
11/10/2024,ATEL,"104,000,000.00",43.50,43.5
11/10/2024,CECZ,"1,625,000,597.00",15.12,15.1
11/10/2024,ZABR,"546,000,000.00",6.98,6.98
11/10/2024,MAFS,"50,000,000.00",1.80,1.8
11/10/2024,ZMBF,"300,579,610.00",2.14,2.14
11/10/2024,SCBL,"1,666,980,000.00",3.20,3.65
11/10/2024,ZSUG,"316,571,385.40",35.00,35
11/10/2024,ZMRE,"45,000,000.00",2.70,2.7
11/10/2024,AECI,"20,406,600.00",32.00,32
11/10/2024,BATA,"76,107,600.00",5.92,5.92
11/10/2024,CHIL,"200,039,904.00",21.03,21.03
14/10/2024,REIZ,"56,460,198.00",2.00,2
14/10/2024,ZMFA,"27,090,100.00",5.01,5.01
14/10/2024,ZNCO,"1,443,750,041.28",5.85,5.85
14/10/2024,ZCCM,"160,800,286.00",65.00,65
14/10/2024,ZFCO,"400,000,000.00",2.80,2.8
14/10/2024,BATZ,"212,456,804.00",3.02,3.02
14/10/2024,NATB,"63,000,000.00",3.80,3.8
14/10/2024,PUMA,"500,000,000.00",5.80,5.8
14/10/2024,SHOP,"2,700,000.00",223.57,223.57
14/10/2024,CCAF,"1,625,000,597.00",0.63,0.63
14/10/2024,PMDZ,"100,000,000.00",4.62,4.62
14/10/2024,ATEL,"104,000,000.00",43.50,43.5
14/10/2024,CECZ,"1,625,000,597.00",15.09,15.1
14/10/2024,ZABR,"546,000,000.00",6.98,6.98
14/10/2024,MAFS,"50,000,000.00",1.80,1.8
14/10/2024,ZMBF,"300,579,610.00",2.13,2.14
14/10/2024,SCBL,"1,666,980,000.00",3.31,3.65
14/10/2024,ZSUG,"316,571,385.40",35.00,35
14/10/2024,ZMRE,"45,000,000.00",2.70,2.7
14/10/2024,AECI,"20,406,600.00",32.00,32
14/10/2024,BATA,"76,107,600.00",5.92,5
14/10/2024,CHIL,"200,039,904.00",21.03,21.03
15/10/2024,REIZ,"56,460,198.00",2.00,2
15/10/2024,ZMFA,"27,090,100.00",5.01,5.01
15/10/2024,ZNCO,"1,443,750,041.28",5.85,5.85
15/10/2024,ZCCM,"160,800,286.00",65.00,65
15/10/2024,ZFCO,"400,000,000.00",2.80,2.8
15/10/2024,BATZ,"212,456,804.00",3.02,3.02
15/10/2024,NATB,"63,000,000.00",3.80,3.8
15/10/2024,PUMA,"500,000,000.00",5.80,5.8
15/10/2024,SHOP,"2,700,000.00",223.57,223.57
15/10/2024,CCAF,"1,625,000,597.00",0.63,0.63
15/10/2024,PMDZ,"100,000,000.00",4.62,4.62
15/10/2024,ATEL,"104,000,000.00",43.50,43.5
15/10/2024,CECZ,"1,625,000,597.00",15.10,15.08
15/10/2024,ZABR,"546,000,000.00",6.98,6.98
15/10/2024,MAFS,"50,000,000.00",1.80,1.8
15/10/2024,ZMBF,"300,579,610.00",2.14,2.14
15/10/2024,SCBL,"1,666,980,000.00",3.66,3.66
15/10/2024,ZSUG,"316,571,385.40",35.00,35
15/10/2024,ZMRE,"45,000,000.00",2.70,2.7
15/10/2024,AECI,"20,406,600.00",32.00,32
15/10/2024,BATA,"76,107,600.00",5.00,5
15/10/2024,CHIL,"200,039,904.00",21.03,23.5
16/10/2024,REIZ,"56,460,198.00",2.00,2
16/10/2024,ZMFA,"27,090,100.00",5.01,5.01
16/10/2024,ZNCO,"1,443,750,041.28",5.85,5.85
16/10/2024,ZCCM,"160,800,286.00",65.00,65
16/10/2024,ZFCO,"400,000,000.00",2.80,2.8
16/10/2024,BATZ,"212,456,804.00",3.02,3.02
16/10/2024,NATB,"63,000,000.00",3.80,3.8
16/10/2024,PUMA,"500,000,000.00",5.80,5.8
16/10/2024,SHOP,"2,700,000.00",223.57,223.57
16/10/2024,CCAF,"1,625,000,597.00",0.63,0.63
16/10/2024,PMDZ,"100,000,000.00",4.62,4.62
16/10/2024,ATEL,"104,000,000.00",43.50,43.5
16/10/2024,CECZ,"1,625,000,597.00",15.08,15.08
16/10/2024,ZABR,"546,000,000.00",6.98,6.98
16/10/2024,MAFS,"50,000,000.00",1.80,1.8
16/10/2024,ZMBF,"300,579,610.00",2.14,2.14
16/10/2024,SCBL,"1,666,980,000.00",3.66,3.2
16/10/2024,ZSUG,"316,571,385.40",35.00,35
16/10/2024,ZMRE,"45,000,000.00",2.70,2.7
16/10/2024,AECI,"20,406,600.00",32.00,32
16/10/2024,BATA,"76,107,600.00",5.00,5
16/10/2024,CHIL,"200,039,904.00",23.50,23.5
17/10/2024,REIZ,"56,460,198.00",2.00,2
17/10/2024,ZMFA,"27,090,100.00",5.01,5.01
17/10/2024,ZNCO,"1,443,750,041.28",5.85,5.84
17/10/2024,ZCCM,"160,800,286.00",65.00,65
17/10/2024,ZFCO,"400,000,000.00",2.80,2.8
17/10/2024,BATZ,"212,456,804.00",3.03,3.03
17/10/2024,NATB,"63,000,000.00",3.80,3.8
17/10/2024,PUMA,"500,000,000.00",5.80,5.8
17/10/2024,SHOP,"2,700,000.00",223.57,223.57
17/10/2024,CCAF,"1,625,000,597.00",0.63,0.62
17/10/2024,PMDZ,"100,000,000.00",4.62,4.62
17/10/2024,ATEL,"104,000,000.00",43.50,43.5
17/10/2024,CECZ,"1,625,000,597.00",15.09,15.08
17/10/2024,ZABR,"546,000,000.00",6.98,6.98
17/10/2024,MAFS,"50,000,000.00",1.80,1.8
17/10/2024,ZMBF,"300,579,610.00",2.14,2.13
17/10/2024,SCBL,"1,666,980,000.00",3.37,3.66
17/10/2024,ZSUG,"316,571,385.40",35.00,35
17/10/2024,ZMRE,"45,000,000.00",2.70,2.7
17/10/2024,AECI,"20,406,600.00",32.00,32
17/10/2024,BATA,"76,107,600.00",5.00,5
17/10/2024,CHIL,"200,039,904.00",23.50,23.5
21/10/2024,ZMFA,"27,090,100.00",5.01,5.01
21/10/2024,ZNCO,"1,443,750,041.28",5.84,5.85
21/10/2024,ZCCM,"160,800,286.00",65.00,65
21/10/2024,ZFCO,"400,000,000.00",2.80,2.8
21/10/2024,BATZ,"212,456,804.00",3.03,3.03
21/10/2024,NATB,"63,000,000.00",3.80,3.8
21/10/2024,PUMA,"500,000,000.00",5.80,5.8
21/10/2024,SHOP,"2,700,000.00",223.57,278.75
21/10/2024,CCAF,"1,625,000,597.00",0.62,0.62
21/10/2024,PMDZ,"100,000,000.00",4.62,4.62
21/10/2024,ATEL,"104,000,000.00",43.50,43.5
21/10/2024,CECZ,"1,625,000,597.00",15.08,15.08
21/10/2024,ZABR,"546,000,000.00",6.98,6.98
21/10/2024,MAFS,"50,000,000.00",1.80,1.83
21/10/2024,ZMBF,"300,579,610.00",2.13,2.13
21/10/2024,SCBL,"1,666,980,000.00",3.66,3.66
21/10/2024,ZSUG,"316,571,385.40",35.00,35
21/10/2024,REIZUSD,0,0.07,0
21/10/2024,ZMRE,"45,000,000.00",2.70,2.7
21/10/2024,AECI,"20,406,600.00",32.00,32
21/10/2024,BATA,"76,107,600.00",5.00,6
21/10/2024,CHIL,"200,039,904.00",24.50,25.5
22/10/2024,ZMFA,"27,090,100.00",5.01,5.01
22/10/2024,ZNCO,"1,443,750,041.28",5.85,5.85
22/10/2024,ZCCM,"160,800,286.00",65.00,65
22/10/2024,ZFCO,"400,000,000.00",2.80,2.8
22/10/2024,BATZ,"212,456,804.00",3.03,3.4
22/10/2024,NATB,"63,000,000.00",3.80,3.8
22/10/2024,PUMA,"500,000,000.00",5.80,5.8
22/10/2024,SHOP,"2,700,000.00",223.57,223.57
22/10/2024,CCAF,"1,625,000,597.00",0.62,0.62
22/10/2024,PMDZ,"100,000,000.00",4.62,4.62
22/10/2024,ATEL,"104,000,000.00",43.50,43.5
22/10/2024,CECZ,"1,625,000,597.00",15.08,15.08
22/10/2024,ZABR,"546,000,000.00",6.98,6.98
22/10/2024,MAFS,"50,000,000.00",1.80,1.8
22/10/2024,ZMBF,"300,579,610.00",2.13,2.13
22/10/2024,SCBL,"1,666,980,000.00",3.66,3.37
22/10/2024,ZSUG,"316,571,385.40",35.00,35
22/10/2024,REIZUSD,0,0.07,0.07
22/10/2024,ZMRE,"45,000,000.00",2.70,2.7
22/10/2024,AECI,"20,406,600.00",32.00,32
22/10/2024,BATA,"76,107,600.00",5.00,5.99
22/10/2024,CHIL,"200,039,904.00",25.50,25.5
23/10/2024,ZMFA,"27,090,100.00",5.01,5.01
23/10/2024,ZNCO,"1,443,750,041.28",5.85,5.85
23/10/2024,ZCCM,"160,800,286.00",65.00,65
23/10/2024,ZFCO,"400,000,000.00",2.80,2.8
23/10/2024,BATZ,"212,456,804.00",3.40,3.4
23/10/2024,NATB,"63,000,000.00",3.80,3.8
23/10/2024,PUMA,"500,000,000.00",5.80,5.8
23/10/2024,SHOP,"2,700,000.00",223.57,223.57
23/10/2024,CCAF,"1,625,000,597.00",0.63,0.63
23/10/2024,PMDZ,"100,000,000.00",4.62,4.62
23/10/2024,ATEL,"104,000,000.00",43.50,43.5
23/10/2024,CECZ,"1,625,000,597.00",15.07,15.06
23/10/2024,ZABR,"546,000,000.00",6.98,6.98
23/10/2024,MAFS,"50,000,000.00",1.80,1.8
23/10/2024,ZMBF,"300,579,610.00",2.13,2.13
23/10/2024,SCBL,"1,666,980,000.00",3.66,3.66
23/10/2024,ZSUG,"316,571,385.40",35.00,35
23/10/2024,REIZUSD,0,0.07,0.07
23/10/2024,ZMRE,"45,000,000.00",2.70,2.7
23/10/2024,AECI,"20,406,600.00",32.00,32
23/10/2024,BATA,"76,107,600.00",5.00,5
23/10/2024,CHIL,"200,039,904.00",25.50,25.5
25/10/2024,ZMFA,"27,090,100.00",5.01,5.01
25/10/2024,ZNCO,"1,443,750,041.28",5.85,5.85
25/10/2024,ZCCM,"160,800,286.00",65.00,65
25/10/2024,ZFCO,"400,000,000.00",2.87,2.87
25/10/2024,BATZ,"212,456,804.00",3.40,3.4
25/10/2024,NATB,"63,000,000.00",3.80,3.8
25/10/2024,PUMA,"500,000,000.00",5.80,5.5
25/10/2024,SHOP,"2,700,000.00",223.57,223.57
25/10/2024,CCAF,"1,625,000,597.00",0.63,0.63
25/10/2024,PMDZ,"100,000,000.00",4.62,4.62
25/10/2024,ATEL,"104,000,000.00",43.50,43.5
25/10/2024,CECZ,"1,625,000,597.00",15.06,15.06
25/10/2024,ZABR,"546,000,000.00",6.98,6.98
25/10/2024,MAFS,"50,000,000.00",1.80,1.8
25/10/2024,ZMBF,"300,579,610.00",2.13,2.14
25/10/2024,SCBL,"1,666,980,000.00",3.66,3.66
25/10/2024,ZSUG,"316,571,385.40",35.00,35
25/10/2024,REIZUSD,"864,920,876.00",0.07,0.07
25/10/2024,ZMRE,"45,000,000.00",2.70,2.7
25/10/2024,AECI,"20,406,600.00",32.00,32
25/10/2024,BATA,"76,107,600.00",5.00,5.93
25/10/2024,CHIL,"200,039,904.00",25.50,25.49
28/10/2024,ZMFA,"27,090,100.00",5.01,5.01
28/10/2024,ZNCO,"1,443,750,041.28",5.85,5.85
28/10/2024,ZCCM,"160,800,286.00",65.00,65
28/10/2024,ZFCO,"400,000,000.00",2.87,2.87
28/10/2024,BATZ,"212,456,804.00",3.40,3.4
28/10/2024,NATB,"63,000,000.00",3.80,3.8
28/10/2024,PUMA,"500,000,000.00",5.80,5.8
28/10/2024,SHOP,"2,700,000.00",223.57,223.57
28/10/2024,CCAF,"1,625,000,597.00",0.63,0.63
28/10/2024,PMDZ,"100,000,000.00",4.62,4.62
28/10/2024,ATEL,"104,000,000.00",43.50,43.5
28/10/2024,CECZ,"1,625,000,597.00",15.06,15.06
28/10/2024,ZABR,"546,000,000.00",6.98,6.98
28/10/2024,MAFS,"50,000,000.00",1.80,1.8
28/10/2024,ZMBF,"300,579,610.00",2.13,2.13
28/10/2024,SCBL,"1,666,980,000.00",3.61,3.63
28/10/2024,ZSUG,"316,571,385.40",35.00,35
28/10/2024,REIZUSD,"864,920,876.00",0.07,0.07
28/10/2024,ZMRE,"45,000,000.00",2.70,2.7
28/10/2024,AECI,"20,406,600.00",32.00,32
28/10/2024,BATA,"76,107,600.00",5.00,5
28/10/2024,CHIL,"200,039,904.00",25.49,25.4
29/10/2024,ZMFA,"27,090,100.00",5.01,5.01
29/10/2024,ZNCO,"1,443,750,041.28",5.85,5.85
29/10/2024,ZCCM,"160,800,286.00",65.00,65
29/10/2024,ZFCO,"400,000,000.00",2.87,2.87
29/10/2024,BATZ,"212,456,804.00",3.40,3.4
29/10/2024,NATB,"63,000,000.00",3.80,3.8
29/10/2024,PUMA,"500,000,000.00",5.80,5.8
29/10/2024,SHOP,"2,700,000.00",223.57,223.57
29/10/2024,CCAF,"1,625,000,597.00",0.63,0.65
29/10/2024,PMDZ,"100,000,000.00",4.62,4.62
29/10/2024,ATEL,"104,000,000.00",43.50,43.5
29/10/2024,CECZ,"1,625,000,597.00",15.06,15.06
29/10/2024,ZABR,"546,000,000.00",6.98,6.98
29/10/2024,MAFS,"50,000,000.00",1.80,1.8
29/10/2024,ZMBF,"300,579,610.00",2.13,2.14
29/10/2024,SCBL,"1,666,980,000.00",3.61,3.61
29/10/2024,ZSUG,"316,571,385.40",35.00,35
29/10/2024,REIZUSD,"864,920,876.00",0.07,0.07
29/10/2024,ZMRE,"45,000,000.00",2.70,2.7
29/10/2024,AECI,"20,406,600.00",32.00,32
29/10/2024,BATA,"76,107,600.00",5.00,5
29/10/2024,CHIL,"200,039,904.00",25.49,25.4
30/10/2024,ZMFA,"27,090,100.00",5.01,5.01
30/10/2024,ZNCO,"1,443,750,041.28",5.85,5.83
30/10/2024,ZCCM,"160,800,286.00",65.00,65
30/10/2024,ZFCO,"400,000,000.00",2.87,2.87
30/10/2024,BATZ,"212,456,804.00",3.40,3.4
30/10/2024,NATB,"63,000,000.00",3.80,3.8
30/10/2024,PUMA,"500,000,000.00",5.69,5.8
30/10/2024,SHOP,"2,700,000.00",223.57,197
30/10/2024,CCAF,"1,625,000,597.00",0.65,0.65
30/10/2024,PMDZ,"100,000,000.00",4.62,4.62
30/10/2024,ATEL,"104,000,000.00",43.50,43.5
30/10/2024,CECZ,"1,625,000,597.00",14.98,15.06
30/10/2024,ZABR,"546,000,000.00",6.98,6.99
30/10/2024,MAFS,"50,000,000.00",1.80,1.8
30/10/2024,ZMBF,"300,579,610.00",2.14,2.14
30/10/2024,SCBL,"1,666,980,000.00",3.62,3.61
30/10/2024,ZSUG,"316,571,385.40",35.00,34.99
30/10/2024,REIZUSD,"864,920,876.00",0.07,0.07
30/10/2024,ZMRE,"45,000,000.00",2.70,2.7
30/10/2024,AECI,"20,406,600.00",32.00,32
30/10/2024,BATA,"76,107,600.00",5.50,5.5
30/10/2024,CHIL,"200,039,904.00",25.40,25.5
31/10/2024,ZMFA,"27,090,100.00",5.01,5.01
31/10/2024,ZNCO,"1,443,750,041.28",5.84,5.84
31/10/2024,ZCCM,"160,800,286.00",65.00,65
31/10/2024,ZFCO,"400,000,000.00",2.87,2.87
31/10/2024,BATZ,"212,456,804.00",3.40,3.4
31/10/2024,NATB,"63,000,000.00",3.80,3.8
31/10/2024,PUMA,"500,000,000.00",5.75,5.75
31/10/2024,SHOP,"2,700,000.00",197.00,197
31/10/2024,CCAF,"1,625,000,597.00",0.65,0.65
31/10/2024,PMDZ,"100,000,000.00",4.62,4.62
31/10/2024,ATEL,"104,000,000.00",43.50,43.5
31/10/2024,CECZ,"1,625,000,597.00",15.06,15.06
31/10/2024,ZABR,"546,000,000.00",6.99,6.99
31/10/2024,MAFS,"50,000,000.00",1.80,1.8
31/10/2024,ZMBF,"300,579,610.00",2.14,2.14
31/10/2024,SCBL,"1,666,980,000.00",3.61,3.6
31/10/2024,ZSUG,"316,571,385.40",35.00,35
31/10/2024,REIZUSD,"864,920,876.00",0.07,0.07
31/10/2024,ZMRE,"45,000,000.00",2.70,2.7
31/10/2024,AECI,"20,406,600.00",32.00,32
31/10/2024,BATA,"76,107,600.00",5.02,5.5
31/10/2024,CHIL,"200,039,904.00",25.50,21
01/11/2024,ZMFA,"27,090,100.00",5.01,5.01
01/11/2024,ZNCO,"1,443,750,041.28",5.83,5.84
01/11/2024,ZCCM,"160,800,286.00",65.00,65
01/11/2024,ZFCO,"400,000,000.00",2.87,2.87
01/11/2024,BATZ,"212,456,804.00",3.40,3.4
01/11/2024,NATB,"63,000,000.00",3.80,3.8
01/11/2024,PUMA,"500,000,000.00",5.75,5.75
01/11/2024,SHOP,"2,700,000.00",197.00,197
01/11/2024,CCAF,"1,625,000,597.00",0.64,0.64
01/11/2024,PMDZ,"100,000,000.00",4.62,4.62
01/11/2024,ATEL,"104,000,000.00",43.50,43.5
01/11/2024,CECZ,"1,625,000,597.00",15.06,15.06
01/11/2024,ZABR,"546,000,000.00",6.99,6.98
01/11/2024,MAFS,"50,000,000.00",1.80,1.8
01/11/2024,ZMBF,"300,579,610.00",2.14,2.14
01/11/2024,SCBL,"1,666,980,000.00",3.61,3.59
01/11/2024,ZSUG,"316,571,385.40",35.00,35
01/11/2024,REIZUSD,"864,920,876.00",0.07,0.07
01/11/2024,ZMRE,"45,000,000.00",2.70,2.7
01/11/2024,AECI,"20,406,600.00",32.00,32
01/11/2024,BATA,"76,107,600.00",5.50,5.5
01/11/2024,CHIL,"200,039,904.00",21.16,21
04/11/2024,ZMFA,"27,090,100.00",5.01,5
04/11/2024,ZNCO,"1,443,750,041.28",5.84,5.84
04/11/2024,ZCCM,"160,800,286.00",65.00,65
04/11/2024,ZFCO,"400,000,000.00",2.87,2.87
04/11/2024,BATZ,"212,456,804.00",3.40,3.4
04/11/2024,NATB,"63,000,000.00",3.80,3.8
04/11/2024,PUMA,"500,000,000.00",5.75,5.75
04/11/2024,SHOP,"2,700,000.00",197.00,197
04/11/2024,CCAF,"1,625,000,597.00",0.64,0.65
04/11/2024,PMDZ,"100,000,000.00",4.62,4.62
04/11/2024,ATEL,"104,000,000.00",43.50,43.5
04/11/2024,CECZ,"1,625,000,597.00",15.06,15.05
04/11/2024,ZABR,"546,000,000.00",6.98,6.98
04/11/2024,MAFS,"50,000,000.00",1.80,1.8
04/11/2024,ZMBF,"300,579,610.00",2.14,2.14
04/11/2024,SCBL,"1,666,980,000.00",3.59,3.5
04/11/2024,ZSUG,"316,571,385.40",35.00,35
04/11/2024,REIZUSD,"864,920,876.00",0.07,0.07
04/11/2024,ZMRE,"45,000,000.00",2.70,2.7
04/11/2024,AECI,"20,406,600.00",32.00,32
04/11/2024,BATA,"76,107,600.00",5.50,5.5
04/11/2024,CHIL,"200,039,904.00",21.00,21
05/11/2024,ZMFA,"27,090,100.00",5.00,5
05/11/2024,ZNCO,"1,443,750,041.28",5.83,5.84
05/11/2024,ZCCM,"160,800,286.00",65.00,65
05/11/2024,ZFCO,"400,000,000.00",2.87,2.87
05/11/2024,BATZ,"212,456,804.00",3.40,3.4
05/11/2024,NATB,"63,000,000.00",3.80,3
05/11/2024,PUMA,"500,000,000.00",5.75,5.75
05/11/2024,SHOP,"2,700,000.00",197.00,197
05/11/2024,CCAF,"1,625,000,597.00",0.64,0.64
05/11/2024,PMDZ,"100,000,000.00",4.62,4.62
05/11/2024,ATEL,"104,000,000.00",43.50,43.5
05/11/2024,CECZ,"1,625,000,597.00",15.05,15.04
05/11/2024,ZABR,"546,000,000.00",6.98,6.98
05/11/2024,MAFS,"50,000,000.00",1.80,1.83
05/11/2024,ZMBF,"300,579,610.00",2.14,2.14
05/11/2024,SCBL,"1,666,980,000.00",3.55,3.5
05/11/2024,ZSUG,"316,571,385.40",35.00,35
05/11/2024,REIZUSD,"864,920,876.00",0.07,0.07
05/11/2024,ZMRE,"45,000,000.00",2.70,2.7
05/11/2024,AECI,"20,406,600.00",32.00,32
05/11/2024,BATA,"76,107,600.00",5.50,5.5
05/11/2024,CHIL,"200,039,904.00",21.00,21
06/11/2024,ZMFA,"27,090,100.00",5.00,5
06/11/2024,ZNCO,"1,443,750,041.28",5.84,5.84
06/11/2024,ZCCM,"160,800,286.00",65.00,65
06/11/2024,ZFCO,"400,000,000.00",2.87,2.87
06/11/2024,BATZ,"212,456,804.00",3.40,3.4
06/11/2024,NATB,"63,000,000.00",3.80,3.8
06/11/2024,PUMA,"500,000,000.00",5.75,5.75
06/11/2024,SHOP,"2,700,000.00",197.00,197
06/11/2024,CCAF,"1,625,000,597.00",0.64,0.64
06/11/2024,PMDZ,"100,000,000.00",4.62,4.62
06/11/2024,ATEL,"104,000,000.00",43.50,43.5
06/11/2024,CECZ,"1,625,000,597.00",15.04,15.04
06/11/2024,ZABR,"546,000,000.00",6.98,6.98
06/11/2024,MAFS,"50,000,000.00",1.80,1.83
06/11/2024,ZMBF,"300,579,610.00",2.14,2.13
06/11/2024,SCBL,"1,666,980,000.00",3.52,3.5
06/11/2024,ZSUG,"316,571,385.40",35.00,35
06/11/2024,REIZUSD,"864,920,876.00",0.07,0.07
06/11/2024,ZMRE,"45,000,000.00",2.70,2.7
06/11/2024,AECI,"20,406,600.00",32.00,32
06/11/2024,BATA,"76,107,600.00",5.50,5.5
06/11/2024,CHIL,"200,039,904.00",21.00,21
07/11/2024,ZMFA,"27,090,100.00",5.00,5
07/11/2024,ZNCO,"1,443,750,041.28",5.83,5.84
07/11/2024,ZCCM,"160,800,286.00",65.00,65
07/11/2024,ZFCO,"400,000,000.00",2.87,2.87
07/11/2024,BATZ,"212,456,804.00",3.40,3.4
07/11/2024,NATB,"63,000,000.00",3.80,3.8
07/11/2024,PUMA,"500,000,000.00",5.75,5.8
07/11/2024,SHOP,"2,700,000.00",197.00,197
07/11/2024,CCAF,"1,625,000,597.00",0.64,0.64
07/11/2024,PMDZ,"100,000,000.00",4.62,4.62
07/11/2024,ATEL,"104,000,000.00",43.50,43.75
07/11/2024,CECZ,"1,625,000,597.00",15.04,15.03
07/11/2024,ZABR,"546,000,000.00",6.98,6.98
07/11/2024,MAFS,"50,000,000.00",1.83,1.83
07/11/2024,ZMBF,"300,579,610.00",2.13,2.13
07/11/2024,SCBL,"1,666,980,000.00",3.50,3.5
07/11/2024,ZSUG,"316,571,385.40",35.00,35
07/11/2024,REIZUSD,"864,920,876.00",0.07,0.07
07/11/2024,ZMRE,"45,000,000.00",2.70,2.7
07/11/2024,AECI,"20,406,600.00",32.00,32
07/11/2024,BATA,"76,107,600.00",5.50,5.5
07/11/2024,CHIL,"200,039,904.00",21.00,21
08/11/2024,ZMFA,"27,090,100.00",5.00,5
08/11/2024,ZNCO,"1,443,750,041.28",5.84,5.84
08/11/2024,ZCCM,"160,800,286.00",65.00,65
08/11/2024,ZFCO,"400,000,000.00",2.87,2.87
08/11/2024,BATZ,"212,456,804.00",3.40,3.4
08/11/2024,NATB,"63,000,000.00",3.80,3
08/11/2024,PUMA,"500,000,000.00",5.75,5.75
08/11/2024,SHOP,"2,700,000.00",197.00,197
08/11/2024,CCAF,"1,625,000,597.00",0.64,0.64
08/11/2024,PMDZ,"100,000,000.00",4.62,4.62
08/11/2024,ATEL,"104,000,000.00",43.50,43.5
08/11/2024,CECZ,"1,625,000,597.00",15.03,15.03
08/11/2024,ZABR,"546,000,000.00",6.98,6.99
08/11/2024,MAFS,"50,000,000.00",1.83,1.83
08/11/2024,ZMBF,"300,579,610.00",2.13,2.13
08/11/2024,SCBL,"1,666,980,000.00",3.50,3.5
08/11/2024,ZSUG,"316,571,385.40",35.00,35
08/11/2024,REIZUSD,"864,920,876.00",0.07,0.07
08/11/2024,ZMRE,"45,000,000.00",2.70,2.7
08/11/2024,AECI,"20,406,600.00",32.00,32
08/11/2024,BATA,"76,107,600.00",5.50,5.5
08/11/2024,CHIL,"200,039,904.00",21.00,21
11/11/2024,ZMFA,"27,090,100.00",5.00,5
11/11/2024,ZNCO,"1,443,750,041.28",5.84,5.84
11/11/2024,ZCCM,"160,800,286.00",65.00,65
11/11/2024,ZFCO,"400,000,000.00",2.87,2.87
11/11/2024,BATZ,"212,456,804.00",3.40,3.4
11/11/2024,NATB,"63,000,000.00",3.80,3
11/11/2024,PUMA,"500,000,000.00",5.76,5.75
11/11/2024,SHOP,"2,700,000.00",197.00,197
11/11/2024,CCAF,"1,625,000,597.00",0.64,0.64
11/11/2024,PMDZ,"100,000,000.00",4.62,4.62
11/11/2024,ATEL,"104,000,000.00",43.50,43.5
11/11/2024,CECZ,"1,625,000,597.00",15.04,15.03
11/11/2024,ZABR,"546,000,000.00",6.99,6.99
11/11/2024,MAFS,"50,000,000.00",1.83,1.83
11/11/2024,ZMBF,"300,579,610.00",2.13,2.1
11/11/2024,SCBL,"1,666,980,000.00",3.50,3.5
11/11/2024,ZSUG,"316,571,385.40",35.00,35
11/11/2024,REIZUSD,"864,920,876.00",0.07,0.07
11/11/2024,ZMRE,"45,000,000.00",2.70,2.7
11/11/2024,AECI,"20,406,600.00",32.00,32
11/11/2024,BATA,"76,107,600.00",5.50,5.5
11/11/2024,CHIL,"200,039,904.00",21.00,21
12/11/2024,ZMFA,"27,090,100.00",5.00,5
12/11/2024,ZNCO,"1,443,750,041.28",5.84,5.84
12/11/2024,ZCCM,"160,800,286.00",65.00,65
12/11/2024,ZFCO,"400,000,000.00",2.87,2.87
12/11/2024,BATZ,"212,456,804.00",3.40,3.4
12/11/2024,NATB,"63,000,000.00",3.80,3
12/11/2024,PUMA,"500,000,000.00",5.75,5.75
12/11/2024,SHOP,"2,700,000.00",197.00,197
12/11/2024,CCAF,"1,625,000,597.00",0.64,0.64
12/11/2024,PMDZ,"100,000,000.00",4.62,4.62
12/11/2024,ATEL,"104,000,000.00",43.50,43.5
12/11/2024,CECZ,"1,625,000,597.00",15.03,15
12/11/2024,ZABR,"546,000,000.00",6.99,6.99
12/11/2024,MAFS,"50,000,000.00",1.83,1.83
12/11/2024,ZMBF,"300,579,610.00",2.11,2.11
12/11/2024,SCBL,"1,666,980,000.00",3.50,3.5
12/11/2024,ZSUG,"316,571,385.40",35.00,36.1
12/11/2024,REIZUSD,"864,920,876.00",0.07,0.07
12/11/2024,ZMRE,"45,000,000.00",2.70,2.7
12/11/2024,AECI,"20,406,600.00",32.00,32
12/11/2024,BATA,"76,107,600.00",5.50,5.5
12/11/2024,CHIL,"200,039,904.00",21.00,21
13/11/2024,ZMFA,"27,090,100.00",5.00,5
13/11/2024,ZNCO,"1,443,750,041.28",5.83,5.83
13/11/2024,ZCCM,"160,800,286.00",65.00,65
13/11/2024,ZFCO,"400,000,000.00",2.87,2.87
13/11/2024,BATZ,"212,456,804.00",3.40,3.4
13/11/2024,NATB,"63,000,000.00",3.00,3
13/11/2024,PUMA,"500,000,000.00",5.75,5.75
13/11/2024,SHOP,"2,700,000.00",197.00,197
13/11/2024,CCAF,"1,625,000,597.00",0.64,0.64
13/11/2024,PMDZ,"100,000,000.00",4.62,4.62
13/11/2024,ATEL,"104,000,000.00",43.50,43.5
13/11/2024,CECZ,"1,625,000,597.00",15.00,15
13/11/2024,ZABR,"546,000,000.00",6.99,6.99
13/11/2024,MAFS,"50,000,000.00",1.83,1.83
13/11/2024,ZMBF,"300,579,610.00",2.13,2.13
13/11/2024,SCBL,"1,666,980,000.00",3.50,3.5
13/11/2024,ZSUG,"316,571,385.40",36.02,36.1
13/11/2024,REIZUSD,"864,920,876.00",0.07,0.07
13/11/2024,ZMRE,"45,000,000.00",2.70,2.7
13/11/2024,AECI,"20,406,600.00",32.00,32
13/11/2024,BATA,"76,107,600.00",5.50,5.5
13/11/2024,CHIL,"200,039,904.00",21.00,21
14/11/2024,ZMFA,"27,090,100.00",5.00,5
14/11/2024,ZNCO,"1,443,750,041.28",5.83,5.8
14/11/2024,ZCCM,"160,800,286.00",65.00,65
14/11/2024,ZFCO,"400,000,000.00",2.87,2.87
14/11/2024,BATZ,"212,456,804.00",3.40,3.4
14/11/2024,NATB,"63,000,000.00",3.00,3
14/11/2024,PUMA,"500,000,000.00",5.75,5.75
14/11/2024,SHOP,"2,700,000.00",197.00,197
14/11/2024,CCAF,"1,625,000,597.00",0.64,0.64
14/11/2024,PMDZ,"100,000,000.00",4.62,4.62
14/11/2024,ATEL,"104,000,000.00",43.50,43.5
14/11/2024,CECZ,"1,625,000,597.00",15.00,14.9
14/11/2024,ZABR,"546,000,000.00",6.99,6.99
14/11/2024,MAFS,"50,000,000.00",1.83,1.83
14/11/2024,ZMBF,"300,579,610.00",2.13,2.13
14/11/2024,SCBL,"1,666,980,000.00",3.49,3.5
14/11/2024,ZSUG,"316,571,385.40",36.10,36.1
14/11/2024,REIZUSD,"864,920,876.00",0.07,0.07
14/11/2024,ZMRE,"45,000,000.00",2.70,2.7
14/11/2024,AECI,"20,406,600.00",32.00,32
14/11/2024,BATA,"76,107,600.00",5.50,5.5
14/11/2024,CHIL,"200,039,904.00",21.00,21
15/11/2024,ZMFA,"27,090,100.00",5.00,5
15/11/2024,ZNCO,"1,443,750,041.28",5.83,5.8
15/11/2024,ZCCM,"160,800,286.00",65.00,65
15/11/2024,ZFCO,"400,000,000.00",2.87,2.87
15/11/2024,BATZ,"212,456,804.00",3.40,3.4
15/11/2024,NATB,"63,000,000.00",3.00,3
15/11/2024,PUMA,"500,000,000.00",5.75,5.75
15/11/2024,SHOP,"2,700,000.00",197.00,230
15/11/2024,CCAF,"1,625,000,597.00",0.64,0.64
15/11/2024,PMDZ,"100,000,000.00",4.62,4.62
15/11/2024,ATEL,"104,000,000.00",43.50,43.5
15/11/2024,CECZ,"1,625,000,597.00",14.99,14.4
15/11/2024,ZABR,"546,000,000.00",6.99,6.99
15/11/2024,MAFS,"50,000,000.00",1.83,1.83
15/11/2024,ZMBF,"300,579,610.00",2.13,2.13
15/11/2024,SCBL,"1,666,980,000.00",3.50,3.5
15/11/2024,ZSUG,"316,571,385.40",36.10,36.1
15/11/2024,REIZUSD,"864,920,876.00",0.07,0.07
15/11/2024,ZMRE,"45,000,000.00",2.70,2.7
15/11/2024,AECI,"20,406,600.00",32.00,32
15/11/2024,BATA,"76,107,600.00",5.50,5.5
15/11/2024,CHIL,"200,039,904.00",21.00,21
18/11/2024,ZMFA,"27,090,100.00",5.00,5.01
18/11/2024,ZNCO,"1,443,750,041.28",5.80,5.78
18/11/2024,ZCCM,"160,800,286.00",65.00,65
18/11/2024,ZFCO,"400,000,000.00",2.87,2.87
18/11/2024,BATZ,"212,456,804.00",3.40,3.4
18/11/2024,NATB,"63,000,000.00",3.00,3
18/11/2024,PUMA,"500,000,000.00",5.75,5.75
18/11/2024,SHOP,"2,700,000.00",230.00,230
18/11/2024,CCAF,"1,625,000,597.00",0.64,0.64
18/11/2024,PMDZ,"100,000,000.00",4.62,4.62
18/11/2024,ATEL,"104,000,000.00",43.50,43.5
18/11/2024,CECZ,"1,625,000,597.00",14.87,14.25
18/11/2024,ZABR,"546,000,000.00",6.99,6.99
18/11/2024,MAFS,"50,000,000.00",1.83,1.83
18/11/2024,ZMBF,"300,579,610.00",2.13,2.13
18/11/2024,SCBL,"1,666,980,000.00",3.50,3.5
18/11/2024,ZSUG,"316,571,385.40",36.10,36.1
18/11/2024,REIZUSD,"864,920,876.00",0.07,0.07
18/11/2024,ZMRE,"45,000,000.00",2.70,2.7
18/11/2024,AECI,"20,406,600.00",32.00,31.5
18/11/2024,BATA,"76,107,600.00",5.50,5.5
18/11/2024,CHIL,"200,039,904.00",21.00,21
19/11/2024,ZMFA,"27,090,100.00",5.00,5.01
19/11/2024,ZNCO,"1,443,750,041.28",5.79,5.79
19/11/2024,ZCCM,"160,800,286.00",65.00,65
19/11/2024,ZFCO,"400,000,000.00",2.87,2.87
19/11/2024,BATZ,"212,456,804.00",3.40,3.4
19/11/2024,NATB,"63,000,000.00",3.00,3
19/11/2024,PUMA,"500,000,000.00",5.75,5.75
19/11/2024,SHOP,"2,700,000.00",230.00,230
19/11/2024,CCAF,"1,625,000,597.00",0.64,0.64
19/11/2024,PMDZ,"100,000,000.00",4.62,4.62
19/11/2024,ATEL,"104,000,000.00",43.50,43.5
19/11/2024,CECZ,"1,625,000,597.00",14.25,14
19/11/2024,ZABR,"546,000,000.00",6.99,6.99
19/11/2024,MAFS,"50,000,000.00",1.83,1.83
19/11/2024,ZMBF,"300,579,610.00",2.13,2.13
19/11/2024,SCBL,"1,666,980,000.00",3.50,3.49
19/11/2024,ZSUG,"316,571,385.40",36.10,36.1
19/11/2024,REIZUSD,"864,920,876.00",0.07,0.07
19/11/2024,ZMRE,"45,000,000.00",2.70,2.7
19/11/2024,AECI,"20,406,600.00",31.50,31.5
19/11/2024,BATA,"76,107,600.00",5.50,5.5
19/11/2024,CHIL,"200,039,904.00",21.00,25.5
20/11/2024,ZMFA,"27,090,100.00",5.01,5.01
20/11/2024,ZNCO,"1,443,750,041.28",5.79,5.78
20/11/2024,ZCCM,"160,800,286.00",65.00,65
20/11/2024,ZFCO,"400,000,000.00",2.97,2.87
20/11/2024,BATZ,"212,456,804.00",3.40,3.4
20/11/2024,NATB,"63,000,000.00",3.00,3
20/11/2024,PUMA,"500,000,000.00",5.75,5.75
20/11/2024,SHOP,"2,700,000.00",230.00,230
20/11/2024,CCAF,"1,625,000,597.00",0.64,0.64
20/11/2024,PMDZ,"100,000,000.00",4.62,4.62
20/11/2024,ATEL,"104,000,000.00",43.50,43.5
20/11/2024,CECZ,"1,625,000,597.00",14.02,13.99
20/11/2024,ZABR,"546,000,000.00",6.99,6.98
20/11/2024,MAFS,"50,000,000.00",1.83,1.83
20/11/2024,ZMBF,"300,579,610.00",2.13,2.13
20/11/2024,SCBL,"1,666,980,000.00",3.49,3.47
20/11/2024,ZSUG,"316,571,385.40",36.10,36.02
20/11/2024,REIZUSD,"864,920,876.00",0.07,0.07
20/11/2024,ZMRE,"45,000,000.00",2.70,2.7
20/11/2024,AECI,"20,406,600.00",31.50,31.5
20/11/2024,BATA,"76,107,600.00",5.50,5.5
20/11/2024,CHIL,"200,039,904.00",25.50,25.5
21/11/2024,ZMFA,"27,090,100.00",5.01,5.01
21/11/2024,ZNCO,"1,443,750,041.28",5.79,5.78
21/11/2024,ZCCM,"160,800,286.00",65.00,65
21/11/2024,ZFCO,"400,000,000.00",2.97,2.97
21/11/2024,BATZ,"212,456,804.00",3.40,3.4
21/11/2024,NATB,"63,000,000.00",3.00,3
21/11/2024,PUMA,"500,000,000.00",5.75,5.75
21/11/2024,SHOP,"2,700,000.00",230.00,230
21/11/2024,CCAF,"1,625,000,597.00",0.64,0.64
21/11/2024,PMDZ,"100,000,000.00",4.62,4.62
21/11/2024,ATEL,"104,000,000.00",43.50,43.5
21/11/2024,CECZ,"1,625,000,597.00",13.97,13.93
21/11/2024,ZABR,"546,000,000.00",6.99,6.9
21/11/2024,MAFS,"50,000,000.00",1.83,1.83
21/11/2024,ZMBF,"300,579,610.00",2.13,2.13
21/11/2024,SCBL,"1,666,980,000.00",3.49,3.49
21/11/2024,ZSUG,"316,571,385.40",36.10,36.1
21/11/2024,REIZUSD,"864,920,876.00",0.07,0.07
21/11/2024,ZMRE,"45,000,000.00",2.70,2.7
21/11/2024,AECI,"20,406,600.00",31.50,31.5
21/11/2024,BATA,"76,107,600.00",5.50,5.5
21/11/2024,CHIL,"200,039,904.00",25.50,25.49
22/11/2024,ZMFA,"27,090,100.00",5.01,5.01
22/11/2024,ZNCO,"1,443,750,041.28",5.78,5.78
22/11/2024,ZCCM,"160,800,286.00",65.00,65
22/11/2024,ZFCO,"400,000,000.00",2.97,2.97
22/11/2024,BATZ,"212,456,804.00",3.40,3.4
22/11/2024,NATB,"63,000,000.00",3.00,3
22/11/2024,PUMA,"500,000,000.00",5.75,5.75
22/11/2024,SHOP,"2,700,000.00",230.00,230
22/11/2024,CCAF,"1,625,000,597.00",0.64,0.64
22/11/2024,PMDZ,"100,000,000.00",4.62,4.62
22/11/2024,ATEL,"104,000,000.00",43.51,43.5
22/11/2024,CECZ,"1,625,000,597.00",13.94,13.93
22/11/2024,ZABR,"546,000,000.00",6.90,6.9
22/11/2024,MAFS,"50,000,000.00",1.83,1.83
22/11/2024,ZMBF,"300,579,610.00",2.13,2.13
22/11/2024,SCBL,"1,666,980,000.00",3.49,3.49
22/11/2024,ZSUG,"316,571,385.40",36.04,36.1
22/11/2024,REIZUSD,"864,920,876.00",0.07,0.07
22/11/2024,ZMRE,"45,000,000.00",2.70,2.7
22/11/2024,AECI,"20,406,600.00",31.50,31.5
22/11/2024,BATA,"76,107,600.00",5.50,5.5
22/11/2024,CHIL,"200,039,904.00",25.49,25.5
25/11/2024,ZMFA,"27,090,100.00",5.01,5.01
25/11/2024,ZNCO,"1,443,750,041.28",5.78,5.79
25/11/2024,ZCCM,"160,800,286.00",65.00,65
25/11/2024,ZFCO,"400,000,000.00",2.97,2.97
25/11/2024,BATZ,"212,456,804.00",3.40,3.4
25/11/2024,NATB,"63,000,000.00",3.00,3
25/11/2024,PUMA,"500,000,000.00",5.75,5.75
25/11/2024,SHOP,"2,700,000.00",230.00,230
25/11/2024,CCAF,"1,625,000,597.00",0.64,0.7
25/11/2024,PMDZ,"100,000,000.00",4.62,4.62
25/11/2024,ATEL,"104,000,000.00",43.50,43.5
25/11/2024,CECZ,"1,625,000,597.00",13.93,13.93
25/11/2024,ZABR,"546,000,000.00",6.90,6.9
25/11/2024,MAFS,"50,000,000.00",1.83,1.83
25/11/2024,ZMBF,"300,579,610.00",2.13,2.13
25/11/2024,SCBL,"1,666,980,000.00",3.49,3.49
25/11/2024,ZSUG,"316,571,385.40",36.10,36.1
25/11/2024,REIZUSD,"864,920,876.00",0.07,0.07
25/11/2024,ZMRE,"45,000,000.00",2.70,2.7
25/11/2024,AECI,"20,406,600.00",31.50,31.5
25/11/2024,BATA,"76,107,600.00",5.50,6
25/11/2024,CHIL,"200,039,904.00",25.49,25.5
26/11/2024,ZMFA,"27,090,100.00",5.01,5.01
26/11/2024,ZNCO,"1,443,750,041.28",5.79,5.78
26/11/2024,ZCCM,"160,800,286.00",65.00,67
26/11/2024,ZFCO,"400,000,000.00",2.97,2.97
26/11/2024,BATZ,"212,456,804.00",3.40,3.4
26/11/2024,NATB,"63,000,000.00",3.00,3
26/11/2024,PUMA,"500,000,000.00",5.75,5.75
26/11/2024,SHOP,"2,700,000.00",230.00,230
26/11/2024,CCAF,"1,625,000,597.00",0.64,0.64
26/11/2024,PMDZ,"100,000,000.00",4.62,4.62
26/11/2024,ATEL,"104,000,000.00",43.50,43.5
26/11/2024,CECZ,"1,625,000,597.00",13.93,13.93
26/11/2024,ZABR,"546,000,000.00",6.90,6.9
26/11/2024,MAFS,"50,000,000.00",1.83,1.83
26/11/2024,ZMBF,"300,579,610.00",2.13,2.13
26/11/2024,SCBL,"1,666,980,000.00",3.49,3.49
26/11/2024,ZSUG,"316,571,385.40",36.09,36.1
26/11/2024,REIZUSD,"864,920,876.00",0.07,0.07
26/11/2024,ZMRE,"45,000,000.00",2.70,2.7
26/11/2024,AECI,"20,406,600.00",31.50,31.5
26/11/2024,BATA,"76,107,600.00",6.00,6
26/11/2024,CHIL,"200,039,904.00",25.50,25.5
27/11/2024,ZMFA,"27,090,100.00",5.01,5.01
27/11/2024,ZNCO,"1,443,750,041.28",5.78,5.78
27/11/2024,ZCCM,"160,800,286.00",65.00,65
27/11/2024,ZFCO,"400,000,000.00",2.97,2.97
27/11/2024,BATZ,"212,456,804.00",3.40,3.4
27/11/2024,NATB,"63,000,000.00",3.00,3
27/11/2024,PUMA,"500,000,000.00",5.75,5.75
27/11/2024,SHOP,"2,700,000.00",230.00,230
27/11/2024,CCAF,"1,625,000,597.00",0.64,0.72
27/11/2024,PMDZ,"100,000,000.00",4.62,4.62
27/11/2024,ATEL,"104,000,000.00",43.50,43.5
27/11/2024,CECZ,"1,625,000,597.00",13.93,13.93
27/11/2024,ZABR,"546,000,000.00",6.90,6.9
27/11/2024,MAFS,"50,000,000.00",1.83,1.83
27/11/2024,ZMBF,"300,579,610.00",2.13,2.13
27/11/2024,SCBL,"1,666,980,000.00",3.49,3.49
27/11/2024,ZSUG,"316,571,385.40",36.10,36.1
27/11/2024,REIZUSD,"864,920,876.00",0.07,0.07
27/11/2024,ZMRE,"45,000,000.00",2.70,2.7
27/11/2024,AECI,"20,406,600.00",31.50,31.5
27/11/2024,BATA,"76,107,600.00",6.00,6
27/11/2024,CHIL,"200,039,904.00",25.50,25.5
28/11/2024,ZMFA,"27,090,100.00",5.01,5.01
28/11/2024,ZNCO,"1,443,750,041.28",5.78,5.79
28/11/2024,ZCCM,"160,800,286.00",65.00,65
28/11/2024,ZFCO,"400,000,000.00",2.97,2.97
28/11/2024,BATZ,"212,456,804.00",3.40,3.4
28/11/2024,NATB,"63,000,000.00",3.00,3
28/11/2024,PUMA,"500,000,000.00",5.75,5.75
28/11/2024,SHOP,"2,700,000.00",230.00,230
28/11/2024,CCAF,"1,625,000,597.00",0.64,0.64
28/11/2024,PMDZ,"100,000,000.00",4.62,4.62
28/11/2024,ATEL,"104,000,000.00",43.50,43.5
28/11/2024,CECZ,"1,625,000,597.00",13.93,13.93
28/11/2024,ZABR,"546,000,000.00",6.90,6.9
28/11/2024,MAFS,"50,000,000.00",1.83,1.83
28/11/2024,ZMBF,"300,579,610.00",2.13,2.13
28/11/2024,SCBL,"1,666,980,000.00",3.49,3.48
28/11/2024,ZSUG,"316,571,385.40",36.10,36.1
28/11/2024,REIZUSD,"864,920,876.00",0.07,0.07
28/11/2024,ZMRE,"45,000,000.00",2.70,2.7
28/11/2024,AECI,"20,406,600.00",31.50,31.5
28/11/2024,BATA,"76,107,600.00",6.00,6
28/11/2024,CHIL,"200,039,904.00",25.50,25.5
29/11/2024,ZMFA,"27,090,100.00",5.01,5.01
29/11/2024,ZNCO,"1,443,750,041.28",5.79,5.79
29/11/2024,ZCCM,"160,800,286.00",65.00,65
29/11/2024,ZFCO,"400,000,000.00",2.97,2.97
29/11/2024,BATZ,"212,456,804.00",3.40,3.4
29/11/2024,NATB,"63,000,000.00",3.00,3
29/11/2024,PUMA,"500,000,000.00",5.75,5.8
29/11/2024,SHOP,"2,700,000.00",230.00,250
29/11/2024,CCAF,"1,625,000,597.00",0.64,0.64
29/11/2024,PMDZ,"100,000,000.00",4.62,4.62
29/11/2024,ATEL,"104,000,000.00",43.50,43.5
29/11/2024,CECZ,"1,625,000,597.00",13.93,13.93
29/11/2024,ZABR,"546,000,000.00",6.90,6.9
29/11/2024,MAFS,"50,000,000.00",1.83,1.83
29/11/2024,ZMBF,"300,579,610.00",2.13,2.13
29/11/2024,SCBL,"1,666,980,000.00",3.49,3.48
29/11/2024,ZSUG,"316,571,385.40",36.10,36.1
29/11/2024,REIZUSD,"864,920,876.00",0.07,0.07
29/11/2024,ZMRE,"45,000,000.00",2.70,2.7
29/11/2024,AECI,"20,406,600.00",31.50,31.5
29/11/2024,BATA,"76,107,600.00",6.00,6
29/11/2024,CHIL,"200,039,904.00",25.50,25.5
02/12/2024,ZMRE,"5,000,000,000.00",1.00,1
02/12/2024,ZABR,0,1,1
02/12/2024,PUMA,0,1,1
02/12/2024,REIZ,"56,460,198.00",5.50,5.5
02/12/2024,ZMFA,"27,090,100.00",5.01,5.01
02/12/2024,ZNCO,"1,443,750,041.28",5.79,5.79
02/12/2024,ZCCM,"160,800,286.00",65.00,65
02/12/2024,ZFCO,"400,000,000.00",2.97,2.97
02/12/2024,BATZ,"212,456,804.00",3.40,3.4
02/12/2024,NATB,"63,000,000.00",3.00,3
02/12/2024,PUMA,"500,000,000.00",5.80,5.8
02/12/2024,SHOP,"2,700,000.00",250.00,250
02/12/2024,CCAF,"1,625,000,597.00",0.64,0.64
02/12/2024,PMDZ,"100,000,000.00",4.62,4.62
02/12/2024,ATEL,"104,000,000.00",43.50,43.5
02/12/2024,CECZ,"1,625,000,597.00",13.95,13.95
02/12/2024,ZABR,"546,000,000.00",6.90,6.9
02/12/2024,MAFS,"50,000,000.00",1.83,1.83
02/12/2024,ZMBF,"300,579,610.00",2.13,2.13
02/12/2024,SCBL,"1,666,980,000.00",3.48,3.48
02/12/2024,ZSUG,"316,571,385.40",36.10,36.1
02/12/2024,REIZUSD,"864,920,876.00",0.07,0.07
02/12/2024,ZMRE,"45,000,000.00",2.70,2.7
02/12/2024,AECI,"20,406,600.00",31.50,31.5
02/12/2024,BATA,"76,107,600.00",6.00,6
02/12/2024,CHIL,"200,039,904.00",25.21,25.5
03/12/2024,ZMFA,"27,090,100.00",5.01,5.01
03/12/2024,ZNCO,"1,443,750,041.28",5.79,5.79
03/12/2024,ZCCM,"160,800,286.00",65.00,65
03/12/2024,ZFCO,"400,000,000.00",2.97,2.97
03/12/2024,BATZ,"212,456,804.00",3.40,3.4
03/12/2024,NATB,"63,000,000.00",3.00,3
03/12/2024,PUMA,"500,000,000.00",5.80,5.8
03/12/2024,SHOP,"2,700,000.00",250.00,278.75
03/12/2024,CCAF,"1,625,000,597.00",0.64,0.64
03/12/2024,PMDZ,"100,000,000.00",4.62,4.62
03/12/2024,ATEL,"104,000,000.00",43.50,43.5
03/12/2024,CECZ,"1,625,000,597.00",13.93,13.93
03/12/2024,ZABR,"546,000,000.00",6.90,6.9
03/12/2024,MAFS,"50,000,000.00",1.83,1.83
03/12/2024,ZMBF,"300,579,610.00",2.13,2.13
03/12/2024,SCBL,"1,666,980,000.00",3.48,3.4
03/12/2024,ZSUG,"316,571,385.40",36.10,36.1
03/12/2024,REIZUSD,"864,920,876.00",0.07,0.07
03/12/2024,ZMRE,"45,000,000.00",2.70,2.7
03/12/2024,AECI,"20,406,600.00",31.50,31.5
03/12/2024,BATA,"76,107,600.00",6.00,6
03/12/2024,CHIL,"200,039,904.00",25.50,25.5
04/12/2024,ZMFA,"27,090,100.00",5.01,5.01
04/12/2024,ZNCO,"1,443,750,041.28",5.79,5.78
04/12/2024,ZCCM,"160,800,286.00",65.00,65
04/12/2024,ZFCO,"400,000,000.00",2.97,2.97
04/12/2024,BATZ,"212,456,804.00",3.40,3.4
04/12/2024,NATB,"63,000,000.00",3.00,3
04/12/2024,PUMA,"500,000,000.00",5.80,5.8
04/12/2024,SHOP,"2,700,000.00",250.00,250
04/12/2024,CCAF,"1,625,000,597.00",0.64,0.64
04/12/2024,PMDZ,"100,000,000.00",4.62,4.62
04/12/2024,ATEL,"104,000,000.00",43.50,43.5
04/12/2024,CECZ,"1,625,000,597.00",13.93,13.93
04/12/2024,ZABR,"546,000,000.00",6.90,6.9
04/12/2024,MAFS,"50,000,000.00",1.83,1.83
04/12/2024,ZMBF,"300,579,610.00",2.13,2.13
04/12/2024,SCBL,"1,666,980,000.00",3.47,3.47
04/12/2024,ZSUG,"316,571,385.40",36.10,36.1
04/12/2024,REIZUSD,"864,920,876.00",0.07,0.07
04/12/2024,ZMRE,"45,000,000.00",2.70,2.7
04/12/2024,AECI,"20,406,600.00",31.50,31.5
04/12/2024,BATA,"76,107,600.00",6.00,6
04/12/2024,CHIL,"200,039,904.00",25.50,25.21
05/12/2024,ZMFA,"27,090,100.00",5.01,5.01
05/12/2024,ZNCO,"1,443,750,041.28",5.78,5.79
05/12/2024,ZCCM,"160,800,286.00",65.00,65
05/12/2024,ZFCO,"400,000,000.00",2.97,2.97
05/12/2024,BATZ,"212,456,804.00",3.40,3.4
05/12/2024,NATB,"63,000,000.00",3.00,3
05/12/2024,PUMA,"500,000,000.00",5.75,5.8
05/12/2024,SHOP,"2,700,000.00",250.00,270
05/12/2024,CCAF,"1,625,000,597.00",0.64,0.64
05/12/2024,PMDZ,"100,000,000.00",4.62,4.62
05/12/2024,ATEL,"104,000,000.00",43.50,43.5
05/12/2024,CECZ,"1,625,000,597.00",13.92,13.92
05/12/2024,ZABR,"546,000,000.00",6.90,6.9
05/12/2024,MAFS,"50,000,000.00",1.83,1.83
05/12/2024,ZMBF,"300,579,610.00",2.13,2.13
05/12/2024,SCBL,"1,666,980,000.00",3.47,3.47
05/12/2024,ZSUG,"316,571,385.40",36.10,36.1
05/12/2024,REIZUSD,"864,920,876.00",0.07,0.07
05/12/2024,ZMRE,"45,000,000.00",2.70,2.7
05/12/2024,AECI,"20,406,600.00",31.50,31.5
05/12/2024,BATA,"76,107,600.00",6.00,6
05/12/2024,CHIL,"200,039,904.00",25.21,25.21
06/12/2024,ZMFA,"27,090,100.00",5.01,5.01
06/12/2024,ZNCO,"1,443,750,041.28",5.79,5.79
06/12/2024,ZCCM,"160,800,286.00",65.00,64
06/12/2024,ZFCO,"400,000,000.00",2.97,2.97
06/12/2024,BATZ,"212,456,804.00",3.40,3.4
06/12/2024,NATB,"63,000,000.00",3.00,3
06/12/2024,PUMA,"500,000,000.00",5.80,5.8
06/12/2024,SHOP,"2,700,000.00",250.00,250
06/12/2024,CCAF,"1,625,000,597.00",0.64,0.64
06/12/2024,PMDZ,"100,000,000.00",4.62,4.62
06/12/2024,ATEL,"104,000,000.00",43.50,43.5
06/12/2024,CECZ,"1,625,000,597.00",13.93,13.92
06/12/2024,ZABR,"546,000,000.00",6.90,6.9
06/12/2024,MAFS,"50,000,000.00",1.83,1.83
06/12/2024,ZMBF,"300,579,610.00",2.13,2.13
06/12/2024,SCBL,"1,666,980,000.00",3.47,3.47
06/12/2024,ZSUG,"316,571,385.40",36.10,36.1
06/12/2024,REIZUSD,"864,920,876.00",0.07,0.07
06/12/2024,ZMRE,"45,000,000.00",2.70,2.7
06/12/2024,AECI,"20,406,600.00",31.50,31.5
06/12/2024,BATA,"76,107,600.00",6.00,6
06/12/2024,CHIL,"200,039,904.00",25.21,25.5
09/12/2024,ZMFA,"27,090,100.00",5.01,5.01
09/12/2024,ZNCO,"1,443,750,041.28",5.79,5.79
09/12/2024,ZCCM,"160,800,286.00",65.00,64
09/12/2024,ZFCO,"400,000,000.00",2.97,2.97
09/12/2024,BATZ,"212,456,804.00",3.40,3.91
09/12/2024,NATB,"63,000,000.00",3.00,3
09/12/2024,PUMA,"500,000,000.00",5.80,5.81
09/12/2024,SHOP,"2,700,000.00",250.00,250
09/12/2024,CCAF,"1,625,000,597.00",0.64,0.64
09/12/2024,PMDZ,"100,000,000.00",4.62,4.62
09/12/2024,ATEL,"104,000,000.00",43.50,43.5
09/12/2024,CECZ,"1,625,000,597.00",13.90,13.88
09/12/2024,ZABR,"546,000,000.00",6.90,6.9
09/12/2024,MAFS,"50,000,000.00",1.83,1.83
09/12/2024,ZMBF,"300,579,610.00",2.13,2.13
09/12/2024,SCBL,"1,666,980,000.00",3.47,3.39
09/12/2024,ZSUG,"316,571,385.40",36.10,36.11
09/12/2024,REIZUSD,"864,920,876.00",0.07,0.07
09/12/2024,ZMRE,"45,000,000.00",2.70,2.7
09/12/2024,AECI,"20,406,600.00",31.50,31.5
09/12/2024,BATA,"76,107,600.00",6.00,6
09/12/2024,CHIL,"200,039,904.00",25.47,25.5
10/12/2024,ZMFA,"27,090,100.00",5.01,5.01
10/12/2024,ZNCO,"1,443,750,041.28",5.79,5.79
10/12/2024,ZCCM,"160,800,286.00",65.00,65
10/12/2024,ZFCO,"400,000,000.00",2.97,2.97
10/12/2024,BATZ,"212,456,804.00",3.91,3.91
10/12/2024,NATB,"63,000,000.00",3.00,3
10/12/2024,PUMA,"500,000,000.00",5.81,5.8
10/12/2024,SHOP,"2,700,000.00",250.00,250
10/12/2024,CCAF,"1,625,000,597.00",0.64,0.64
10/12/2024,PMDZ,"100,000,000.00",4.62,4.62
10/12/2024,ATEL,"104,000,000.00",43.50,43.5
10/12/2024,CECZ,"1,625,000,597.00",13.89,13.88
10/12/2024,ZABR,"546,000,000.00",6.89,6.89
10/12/2024,MAFS,"50,000,000.00",1.83,1.83
10/12/2024,ZMBF,"300,579,610.00",2.13,2.13
10/12/2024,SCBL,"1,666,980,000.00",3.39,3.39
10/12/2024,ZSUG,"316,571,385.40",36.11,36.1
10/12/2024,REIZUSD,"864,920,876.00",0.07,0.07
10/12/2024,ZMRE,"45,000,000.00",2.70,2.7
10/12/2024,AECI,"20,406,600.00",31.50,31.5
10/12/2024,BATA,"76,107,600.00",6.00,6
10/12/2024,CHIL,"200,039,904.00",25.47,25.21
11/12/2024,ZMFA,"27,090,100.00",5.01,5.01
11/12/2024,ZNCO,"1,443,750,041.28",5.79,5.85
11/12/2024,ZCCM,"160,800,286.00",65.00,65
11/12/2024,ZFCO,"400,000,000.00",2.97,2.97
11/12/2024,BATZ,"212,456,804.00",3.91,3.91
11/12/2024,NATB,"63,000,000.00",3.00,3
11/12/2024,PUMA,"500,000,000.00",5.80,5.8
11/12/2024,SHOP,"2,700,000.00",250.00,250
11/12/2024,CCAF,"1,625,000,597.00",0.64,0.64
11/12/2024,PMDZ,"100,000,000.00",4.62,4.62
11/12/2024,ATEL,"104,000,000.00",43.50,43.5
11/12/2024,CECZ,"1,625,000,597.00",13.88,13.88
11/12/2024,ZABR,"546,000,000.00",6.89,6.89
11/12/2024,MAFS,"50,000,000.00",1.83,1.8
11/12/2024,ZMBF,"300,579,610.00",2.13,2.13
11/12/2024,SCBL,"1,666,980,000.00",3.39,3.36
11/12/2024,ZSUG,"316,571,385.40",36.10,36.1
11/12/2024,REIZUSD,"864,920,876.00",0.07,0.07
11/12/2024,ZMRE,"45,000,000.00",2.70,2.7
11/12/2024,AECI,"20,406,600.00",31.50,31.5
11/12/2024,BATA,"76,107,600.00",6.00,6
11/12/2024,CHIL,"200,039,904.00",25.50,25.47
12/12/2024,ZMFA,"27,090,100.00",5.01,5.01
12/12/2024,ZNCO,"1,443,750,041.28",5.57,5.79
12/12/2024,ZCCM,"160,800,286.00",65.00,65
12/12/2024,ZFCO,"400,000,000.00",2.97,2.97
12/12/2024,BATZ,"212,456,804.00",3.91,3.91
12/12/2024,NATB,"63,000,000.00",3.00,3
12/12/2024,PUMA,"500,000,000.00",5.80,5.8
12/12/2024,SHOP,"2,700,000.00",250.00,250
12/12/2024,CCAF,"1,625,000,597.00",0.64,0.72
12/12/2024,PMDZ,"100,000,000.00",4.62,4.62
12/12/2024,ATEL,"104,000,000.00",43.50,43.5
12/12/2024,CECZ,"1,625,000,597.00",13.86,13.86
12/12/2024,ZABR,"546,000,000.00",6.89,6.89
12/12/2024,MAFS,"50,000,000.00",1.80,1.8
12/12/2024,ZMBF,"300,579,610.00",2.13,2.13
12/12/2024,SCBL,"1,666,980,000.00",3.36,3.36
12/12/2024,ZSUG,"316,571,385.40",36.10,36.1
12/12/2024,REIZUSD,"864,920,876.00",0.07,0.07
12/12/2024,ZMRE,"45,000,000.00",2.70,2.7
12/12/2024,AECI,"20,406,600.00",31.50,31.5
12/12/2024,BATA,"76,107,600.00",6.00,5.99
12/12/2024,CHIL,"200,039,904.00",25.49,25.47
13/12/2024,ZMFA,"27,090,100.00",5.01,5.01
13/12/2024,ZNCO,"1,443,750,041.28",5.79,5.79
13/12/2024,ZCCM,"160,800,286.00",65.00,65
13/12/2024,ZFCO,"400,000,000.00",2.97,2.97
13/12/2024,BATZ,"212,456,804.00",3.91,3.91
13/12/2024,NATB,"63,000,000.00",3.00,3
13/12/2024,PUMA,"500,000,000.00",5.78,5.78
13/12/2024,SHOP,"2,700,000.00",250.00,250
13/12/2024,CCAF,"1,625,000,597.00",0.64,0.64
13/12/2024,PMDZ,"100,000,000.00",4.62,4.62
13/12/2024,ATEL,"104,000,000.00",43.50,43.5
13/12/2024,CECZ,"1,625,000,597.00",13.86,13.86
13/12/2024,ZABR,"546,000,000.00",6.89,6.89
13/12/2024,MAFS,"50,000,000.00",1.80,1.8
13/12/2024,ZMBF,"300,579,610.00",2.13,2.13
13/12/2024,SCBL,"1,666,980,000.00",3.36,3.36
13/12/2024,ZSUG,"316,571,385.40",36.10,36.1
13/12/2024,REIZUSD,"864,920,876.00",0.07,0.07
13/12/2024,ZMRE,"45,000,000.00",2.70,2.7
13/12/2024,AECI,"20,406,600.00",31.50,31.5
13/12/2024,BATA,"76,107,600.00",6.00,6
13/12/2024,CHIL,"200,039,904.00",25.47,25.5
16/12/2024,ZMFA,"27,090,100.00",5.01,5.01
16/12/2024,ZNCO,"1,443,750,041.28",5.79,5.85
16/12/2024,ZCCM,"160,800,286.00",65.00,65
16/12/2024,ZFCO,"400,000,000.00",2.97,2.97
16/12/2024,BATZ,"212,456,804.00",3.91,3.91
16/12/2024,NATB,"63,000,000.00",3.00,3
16/12/2024,PUMA,"500,000,000.00",5.78,5.8
16/12/2024,SHOP,"2,700,000.00",250.00,250
16/12/2024,CCAF,"1,625,000,597.00",0.64,0.64
16/12/2024,PMDZ,"100,000,000.00",4.62,4.62
16/12/2024,ATEL,"104,000,000.00",43.50,43.5
16/12/2024,CECZ,"1,625,000,597.00",13.84,13.84
16/12/2024,ZABR,"546,000,000.00",6.89,6.89
16/12/2024,MAFS,"50,000,000.00",1.80,1.8
16/12/2024,ZMBF,"300,579,610.00",2.13,2.13
16/12/2024,SCBL,"1,666,980,000.00",3.36,3.35
16/12/2024,ZSUG,"316,571,385.40",36.10,36.1
16/12/2024,REIZUSD,"864,920,876.00",0.07,0.07
16/12/2024,ZMRE,"45,000,000.00",2.70,2.7
16/12/2024,AECI,"20,406,600.00",31.50,31.5
16/12/2024,BATA,"76,107,600.00",6.00,6
16/12/2024,CHIL,"200,039,904.00",25.48,25.5
17/12/2024,ZMFA,"27,090,100.00",5.01,5.01
17/12/2024,ZNCO,"1,443,750,041.28",5.79,5.79
17/12/2024,ZCCM,"160,800,286.00",65.00,65
17/12/2024,ZFCO,"400,000,000.00",2.97,2.97
17/12/2024,BATZ,"212,456,804.00",3.91,3.91
17/12/2024,NATB,"63,000,000.00",3.00,3
17/12/2024,PUMA,"500,000,000.00",5.78,5.78
17/12/2024,SHOP,"2,700,000.00",250.00,250
17/12/2024,CCAF,"1,625,000,597.00",0.64,0.64
17/12/2024,PMDZ,"100,000,000.00",4.62,4.62
17/12/2024,ATEL,"104,000,000.00",43.50,43.5
17/12/2024,CECZ,"1,625,000,597.00",13.86,13.85
17/12/2024,ZABR,"546,000,000.00",6.89,6.89
17/12/2024,MAFS,"50,000,000.00",1.80,1.8
17/12/2024,ZMBF,"300,579,610.00",2.13,2.13
17/12/2024,SCBL,"1,666,980,000.00",3.35,3.35
17/12/2024,ZSUG,"316,571,385.40",36.10,36.1
17/12/2024,REIZUSD,"864,920,876.00",0.07,0.07
17/12/2024,ZMRE,"45,000,000.00",2.70,2.7
17/12/2024,AECI,"20,406,600.00",31.50,31.5
17/12/2024,BATA,"76,107,600.00",6.00,6
17/12/2024,CHIL,"200,039,904.00",25.49,25.5
18/12/2024,ZMFA,"27,090,100.00",5.01,5.01
18/12/2024,ZNCO,"1,443,750,041.28",5.79,5.79
18/12/2024,ZCCM,"160,800,286.00",65.00,65
18/12/2024,ZFCO,"400,000,000.00",2.97,2.97
18/12/2024,BATZ,"212,456,804.00",3.91,3.91
18/12/2024,NATB,"63,000,000.00",3.00,3
18/12/2024,PUMA,"500,000,000.00",5.78,5.8
18/12/2024,SHOP,"2,700,000.00",250.00,250
18/12/2024,CCAF,"1,625,000,597.00",0.64,0.64
18/12/2024,PMDZ,"100,000,000.00",4.62,4.62
18/12/2024,ATEL,"104,000,000.00",43.50,43.5
18/12/2024,CECZ,"1,625,000,597.00",13.85,13.84
18/12/2024,ZABR,"546,000,000.00",6.89,6.89
18/12/2024,MAFS,"50,000,000.00",1.80,1.8
18/12/2024,ZMBF,"300,579,610.00",2.13,2.13
18/12/2024,SCBL,"1,666,980,000.00",3.35,3
18/12/2024,ZSUG,"316,571,385.40",36.10,36.1
18/12/2024,REIZUSD,"864,920,876.00",0.07,0.07
18/12/2024,ZMRE,"45,000,000.00",2.70,2.7
18/12/2024,AECI,"20,406,600.00",31.50,31.5
18/12/2024,BATA,"76,107,600.00",6.00,6
18/12/2024,CHIL,"200,039,904.00",25.50,25.5
19/12/2024,ZMFA,"27,090,100.00",5.01,5.01
19/12/2024,ZNCO,"1,443,750,041.28",5.79,5.55
19/12/2024,ZCCM,"160,800,286.00",65.00,65
19/12/2024,ZFCO,"400,000,000.00",2.97,2.97
19/12/2024,BATZ,"212,456,804.00",3.91,3.91
19/12/2024,NATB,"63,000,000.00",3.00,3
19/12/2024,PUMA,"500,000,000.00",5.80,5.8
19/12/2024,SHOP,"2,700,000.00",250.00,250
19/12/2024,CCAF,"1,625,000,597.00",0.64,0.64
19/12/2024,PMDZ,"100,000,000.00",4.62,4.62
19/12/2024,ATEL,"104,000,000.00",43.50,43.5
19/12/2024,CECZ,"1,625,000,597.00",13.84,13.84
19/12/2024,ZABR,"546,000,000.00",6.89,6.89
19/12/2024,MAFS,"50,000,000.00",1.80,1.8
19/12/2024,ZMBF,"300,579,610.00",2.13,2.13
19/12/2024,SCBL,"1,666,980,000.00",3.21,3
19/12/2024,ZSUG,"316,571,385.40",36.10,36.1
19/12/2024,REIZUSD,"864,920,876.00",0.07,0.07
19/12/2024,ZMRE,"45,000,000.00",2.70,2.7
19/12/2024,AECI,"20,406,600.00",31.50,31.5
19/12/2024,BATA,"76,107,600.00",6.00,6
19/12/2024,CHIL,"200,039,904.00",25.50,25.5
20/12/2024,ZMFA,"27,090,100.00",5.01,5.01
20/12/2024,ZNCO,"1,443,750,041.28",5.58,5.55
20/12/2024,ZCCM,"160,800,286.00",65.00,65
20/12/2024,ZFCO,"400,000,000.00",2.97,2.97
20/12/2024,BATZ,"212,456,804.00",3.91,3.91
20/12/2024,NATB,"63,000,000.00",3.00,3
20/12/2024,PUMA,"500,000,000.00",5.80,5.8
20/12/2024,SHOP,"2,700,000.00",250.00,250
20/12/2024,CCAF,"1,625,000,597.00",0.64,0.64
20/12/2024,PMDZ,"100,000,000.00",4.62,4.62
20/12/2024,ATEL,"104,000,000.00",43.50,43.5
20/12/2024,CECZ,"1,625,000,597.00",13.84,13.84
20/12/2024,ZABR,"546,000,000.00",6.89,6.89
20/12/2024,MAFS,"50,000,000.00",1.80,1.8
20/12/2024,ZMBF,"300,579,610.00",2.13,2.13
20/12/2024,SCBL,"1,666,980,000.00",3.00,3
20/12/2024,ZSUG,"316,571,385.40",36.10,36.1
20/12/2024,REIZUSD,"864,920,876.00",0.07,0.07
20/12/2024,ZMRE,"45,000,000.00",2.70,2.7
20/12/2024,AECI,"20,406,600.00",31.50,31.5
20/12/2024,BATA,"76,107,600.00",6.00,6
20/12/2024,CHIL,"200,039,904.00",25.50,25.5
23/12/2024,ZMFA,"27,090,100.00",5.01,5.01
23/12/2024,ZNCO,"1,443,750,041.28",5.55,5.55
23/12/2024,ZCCM,"160,800,286.00",65.00,65
23/12/2024,ZFCO,"400,000,000.00",2.97,2.97
23/12/2024,BATZ,"212,456,804.00",3.91,3.91
23/12/2024,NATB,"63,000,000.00",3.00,3
23/12/2024,PUMA,"500,000,000.00",5.80,5.9
23/12/2024,SHOP,"2,700,000.00",250.00,250
23/12/2024,CCAF,"1,625,000,597.00",0.64,0.72
23/12/2024,PMDZ,"100,000,000.00",4.62,4.62
23/12/2024,ATEL,"104,000,000.00",43.50,43.5
23/12/2024,CECZ,"1,625,000,597.00",13.84,13.84
23/12/2024,ZABR,"546,000,000.00",6.89,6.89
23/12/2024,MAFS,"50,000,000.00",1.80,1.8
23/12/2024,ZMBF,"300,579,610.00",2.13,2.13
23/12/2024,SCBL,"1,666,980,000.00",2.99,2.95
23/12/2024,ZSUG,"316,571,385.40",36.10,36.1
23/12/2024,REIZUSD,"864,920,876.00",0.07,0.07
23/12/2024,ZMRE,"45,000,000.00",2.70,2.7
23/12/2024,AECI,"20,406,600.00",31.50,31.55
23/12/2024,BATA,"76,107,600.00",6.00,6
23/12/2024,CHIL,"200,039,904.00",25.50,25.5
24/12/2024,ZMFA,"27,090,100.00",5.01,5.01
24/12/2024,ZNCO,"1,443,750,041.28",5.55,5.55
24/12/2024,ZCCM,"160,800,286.00",65.00,65
24/12/2024,ZFCO,"400,000,000.00",2.97,2.97
24/12/2024,BATZ,"212,456,804.00",3.91,3.91
24/12/2024,NATB,"63,000,000.00",3.00,3
24/12/2024,PUMA,"500,000,000.00",5.80,5.8
24/12/2024,SHOP,"2,700,000.00",250.00,252
24/12/2024,CCAF,"1,625,000,597.00",0.72,0.72
24/12/2024,PMDZ,"100,000,000.00",4.62,4.62
24/12/2024,ATEL,"104,000,000.00",43.50,43.5
24/12/2024,CECZ,"1,625,000,597.00",13.81,13.84
24/12/2024,ZABR,"546,000,000.00",6.90,6.9
24/12/2024,MAFS,"50,000,000.00",1.80,1.8
24/12/2024,ZMBF,"300,579,610.00",2.13,2.13
24/12/2024,SCBL,"1,666,980,000.00",2.95,2.95
24/12/2024,ZSUG,"316,571,385.40",36.10,36.1
24/12/2024,REIZUSD,"864,920,876.00",0.07,0.07
24/12/2024,ZMRE,"45,000,000.00",2.70,2.7
24/12/2024,AECI,"20,406,600.00",31.55,31.5
24/12/2024,BATA,"76,107,600.00",6.00,6
24/12/2024,CHIL,"200,039,904.00",25.50,25.5
26/12/2024,ZMFA,"27,090,100.00",5.01,5.01
26/12/2024,ZNCO,"1,443,750,041.28",5.55,5.55
26/12/2024,ZCCM,"160,800,286.00",65.00,65
26/12/2024,ZFCO,"400,000,000.00",2.97,2.97
26/12/2024,BATZ,"212,456,804.00",3.91,3.91
26/12/2024,NATB,"63,000,000.00",3.00,3
26/12/2024,PUMA,"500,000,000.00",5.80,5.8
26/12/2024,SHOP,"2,700,000.00",252.00,252
26/12/2024,CCAF,"1,625,000,597.00",0.72,0.72
26/12/2024,PMDZ,"100,000,000.00",4.62,4.62
26/12/2024,ATEL,"104,000,000.00",43.50,43.5
26/12/2024,CECZ,"1,625,000,597.00",13.84,13.85
26/12/2024,ZABR,"546,000,000.00",6.90,6.9
26/12/2024,MAFS,"50,000,000.00",1.80,1.8
26/12/2024,ZMBF,"300,579,610.00",2.13,2.13
26/12/2024,SCBL,"1,666,980,000.00",2.65,2.65
26/12/2024,ZSUG,"316,571,385.40",36.10,36
26/12/2024,REIZUSD,"864,920,876.00",0.07,0.07
26/12/2024,ZMRE,"45,000,000.00",2.70,2.7
26/12/2024,AECI,"20,406,600.00",31.55,31.5
26/12/2024,BATA,"76,107,600.00",6.00,6
26/12/2024,CHIL,"200,039,904.00",25.50,25.5
27/12/2024,ZMFA,"27,090,100.00",5.01,5.01
27/12/2024,ZNCO,"1,443,750,041.28",5.55,5.54
27/12/2024,ZCCM,"160,800,286.00",65.00,65
27/12/2024,ZFCO,"400,000,000.00",2.97,2.97
27/12/2024,BATZ,"212,456,804.00",3.91,3.91
27/12/2024,NATB,"63,000,000.00",3.00,3
27/12/2024,PUMA,"500,000,000.00",5.80,5.8
27/12/2024,SHOP,"2,700,000.00",252.00,252
27/12/2024,CCAF,"1,625,000,597.00",0.72,0.72
27/12/2024,PMDZ,"100,000,000.00",4.62,4.62
27/12/2024,ATEL,"104,000,000.00",43.50,43.5
27/12/2024,CECZ,"1,625,000,597.00",13.84,13.85
27/12/2024,ZABR,"546,000,000.00",6.90,6.9
27/12/2024,MAFS,"50,000,000.00",1.80,1.8
27/12/2024,ZMBF,"300,579,610.00",2.13,2.13
27/12/2024,SCBL,"1,666,980,000.00",2.65,2.95
27/12/2024,ZSUG,"316,571,385.40",36.01,36
27/12/2024,REIZUSD,"864,920,876.00",0.07,0.07
27/12/2024,ZMRE,"45,000,000.00",2.70,2.7
27/12/2024,AECI,"20,406,600.00",31.55,31.5
27/12/2024,BATA,"76,107,600.00",6.00,6
27/12/2024,CHIL,"200,039,904.00",25.50,25.5
30/12/2024,ZMFA,"27,090,100.00",5.01,5.01
30/12/2024,ZNCO,"1,443,750,041.28",5.54,5.54
30/12/2024,ZCCM,"160,800,286.00",65.00,65
30/12/2024,ZFCO,"400,000,000.00",2.97,3
30/12/2024,BATZ,"212,456,804.00",3.91,3.91
30/12/2024,NATB,"63,000,000.00",3.00,3
30/12/2024,PUMA,"500,000,000.00",5.80,5.8
30/12/2024,SHOP,"2,700,000.00",252.00,252
30/12/2024,CCAF,"1,625,000,597.00",0.72,0.72
30/12/2024,PMDZ,"100,000,000.00",4.62,4.62
30/12/2024,ATEL,"104,000,000.00",43.50,43.5
30/12/2024,CECZ,"1,625,000,597.00",13.85,13.84
30/12/2024,ZABR,"546,000,000.00",6.90,6.9
30/12/2024,MAFS,"50,000,000.00",1.80,1.8
30/12/2024,ZMBF,"300,579,610.00",2.13,2.13
30/12/2024,SCBL,"1,666,980,000.00",2.65,2.65
30/12/2024,ZSUG,"316,571,385.40",36.01,36
30/12/2024,REIZUSD,"864,920,876.00",0.07,0.07
30/12/2024,ZMRE,"45,000,000.00",2.70,2.7
30/12/2024,AECI,"20,406,600.00",31.55,31.55
30/12/2024,BATA,"76,107,600.00",6.00,6
30/12/2024,CHIL,"200,039,904.00",25.50,25.5
31/12/2024,ZMFA,"27,090,100.00",5.01,5.01
31/12/2024,ZNCO,"1,443,750,041.28",5.54,5.54
31/12/2024,ZCCM,"160,800,286.00",65.00,65
31/12/2024,ZFCO,"400,000,000.00",3.00,3
31/12/2024,BATZ,"212,456,804.00",3.91,3.91
31/12/2024,NATB,"63,000,000.00",3.00,3
31/12/2024,PUMA,"500,000,000.00",5.80,5.8
31/12/2024,SHOP,"2,700,000.00",252.00,252
31/12/2024,CCAF,"1,625,000,597.00",0.72,0.72
31/12/2024,PMDZ,"100,000,000.00",4.62,4.62
31/12/2024,ATEL,"104,000,000.00",43.50,43.5
31/12/2024,CECZ,"1,625,000,597.00",13.84,13.84
31/12/2024,ZABR,"546,000,000.00",6.90,6.9
31/12/2024,MAFS,"50,000,000.00",1.80,1.8
31/12/2024,ZMBF,"300,579,610.00",2.13,2.13
31/12/2024,SCBL,"1,666,980,000.00",2.65,2.65
31/12/2024,ZSUG,"316,571,385.40",36.01,36.1
31/12/2024,REIZUSD,"864,920,876.00",0.07,0.07
31/12/2024,ZMRE,"45,000,000.00",2.70,2.7
31/12/2024,AECI,"20,406,600.00",31.55,31.5
31/12/2024,BATA,"76,107,600.00",6.00,6
31/12/2024,CHIL,"200,039,904.00",25.50,25.5
02/01/2025,ZMFA,"27,090,100.00",5.01,5.01
02/01/2025,ZNCO,"1,443,750,041.28",5.54,5.54
02/01/2025,ZCCM,"160,800,286.00",65.00,65
02/01/2025,ZFCO,"400,000,000.00",3.00,3
02/01/2025,BATZ,"212,456,804.00",3.91,3.91
02/01/2025,NATB,"63,000,000.00",3.00,3
02/01/2025,PUMA,"500,000,000.00",5.80,5.8
02/01/2025,SHOP,"2,700,000.00",252.00,252
02/01/2025,CCAF,"1,625,000,597.00",0.72,0.72
02/01/2025,PMDZ,"100,000,000.00",4.62,4.62
02/01/2025,ATEL,"104,000,000.00",43.50,43.5
02/01/2025,CECZ,"1,625,000,597.00",13.84,13.86
02/01/2025,ZABR,"546,000,000.00",6.90,6.8
02/01/2025,MAFS,"50,000,000.00",1.80,1.8
02/01/2025,ZMBF,"300,579,610.00",2.13,2.13
02/01/2025,SCBL,"1,666,980,000.00",2.65,2.65
02/01/2025,ZSUG,"316,571,385.40",36.05,36.1
02/01/2025,REIZUSD,"864,920,876.00",0.07,0.07
02/01/2025,ZMRE,"45,000,000.00",2.70,2.7
02/01/2025,AECI,"20,406,600.00",31.55,31.55
02/01/2025,BATA,"76,107,600.00",6.00,6
02/01/2025,CHIL,"200,039,904.00",25.50,25.5
03/01/2025,ZMFA,"27,090,100.00",5.01,5.01
03/01/2025,ZNCO,"1,443,750,041.28",5.54,5.54
03/01/2025,ZCCM,"160,800,286.00",65.00,65
03/01/2025,ZFCO,"400,000,000.00",3.00,3
03/01/2025,BATZ,"212,456,804.00",3.91,3.91
03/01/2025,NATB,"63,000,000.00",3.00,3
03/01/2025,PUMA,"500,000,000.00",5.80,5.8
03/01/2025,SHOP,"2,700,000.00",252.00,252
03/01/2025,CCAF,"1,625,000,597.00",0.67,0.67
03/01/2025,PMDZ,"100,000,000.00",4.62,4.62
03/01/2025,ATEL,"104,000,000.00",43.50,43.5
03/01/2025,CECZ,"1,625,000,597.00",13.85,13.84
03/01/2025,ZABR,"546,000,000.00",6.90,6.9
03/01/2025,MAFS,"50,000,000.00",1.80,1.8
03/01/2025,ZMBF,"300,579,610.00",2.13,2.13
03/01/2025,SCBL,"1,666,980,000.00",2.65,2.5
03/01/2025,ZSUG,"316,571,385.40",36.10,36.1
03/01/2025,REIZUSD,"864,920,876.00",0.07,0.07
03/01/2025,ZMRE,"45,000,000.00",2.70,2.7
03/01/2025,AECI,"20,406,600.00",31.55,31.5
03/01/2025,BATA,"76,107,600.00",6.00,6
03/01/2025,CHIL,"200,039,904.00",25.50,25.5
06/01/2025,ZMRE,"5,000,000,000.00",1.00,1
06/01/2025,ZABR,0,1,1
06/01/2025,PUMA,0,1,1
06/01/2025,REIZ,"56,460,198.00",5.50,5.5
06/01/2025,ZMFA,"27,090,100.00",5.01,5.01
06/01/2025,ZNCO,"1,443,750,041.28",5.54,5.54
06/01/2025,ZCCM,"160,800,286.00",65.00,65
06/01/2025,ZFCO,"400,000,000.00",3.00,3
06/01/2025,BATZ,"212,456,804.00",3.91,3.91
06/01/2025,NATB,"63,000,000.00",3.00,3
06/01/2025,PUMA,"500,000,000.00",5.80,5.8
06/01/2025,SHOP,"2,700,000.00",252.00,252
06/01/2025,CCAF,"1,625,000,597.00",0.67,0.67
06/01/2025,PMDZ,"100,000,000.00",4.62,4.62
06/01/2025,ATEL,"104,000,000.00",43.50,43.5
06/01/2025,CECZ,"1,625,000,597.00",13.84,13.84
06/01/2025,ZABR,"546,000,000.00",6.90,6.9
06/01/2025,MAFS,"50,000,000.00",1.80,1.8
06/01/2025,ZMBF,"300,579,610.00",2.12,2.25
06/01/2025,SCBL,"1,666,980,000.00",2.50,2.5
06/01/2025,ZSUG,"316,571,385.40",36.10,35.9
06/01/2025,REIZUSD,"864,920,876.00",0.07,0.07
06/01/2025,ZMRE,"45,000,000.00",2.70,2.7
06/01/2025,AECI,"20,406,600.00",31.55,31.55
06/01/2025,BATA,"76,107,600.00",6.00,6
06/01/2025,CHIL,"200,039,904.00",25.50,25.49
07/01/2025,ZMRE,"5,000,000,000.00",1.00,1
07/01/2025,ZMFA,"27,090,100.00",5.01,5.01
07/01/2025,ZNCO,"1,443,750,041.28",5.54,5.54
07/01/2025,ZCCM,"160,800,286.00",65.00,65
07/01/2025,ZFCO,"400,000,000.00",3.00,3
07/01/2025,BATZ,"212,456,804.00",3.91,3.91
07/01/2025,NATB,"63,000,000.00",3.00,3
07/01/2025,PUMA,"500,000,000.00",5.80,5.8
07/01/2025,SHOP,"2,700,000.00",252.00,252
07/01/2025,CCAF,"1,625,000,597.00",0.67,0.67
07/01/2025,PMDZ,"100,000,000.00",4.62,4.62
07/01/2025,ATEL,"104,000,000.00",43.50,43.5
07/01/2025,CECZ,"1,625,000,597.00",13.84,13.84
07/01/2025,ZABR,"546,000,000.00",6.90,6.9
07/01/2025,MAFS,"50,000,000.00",1.80,1.8
07/01/2025,ZMBF,"300,579,610.00",2.13,2.1
07/01/2025,SCBL,"1,666,980,000.00",2.54,2.55
07/01/2025,ZSUG,"316,571,385.40",36.10,35.85
07/01/2025,REIZUSD,"864,920,876.00",0.07,0.07
07/01/2025,ZMRE,"45,000,000.00",2.70,2.7
07/01/2025,AECI,"20,406,600.00",31.55,31.55
07/01/2025,BATA,"76,107,600.00",6.00,6
07/01/2025,CHIL,"200,039,904.00",25.49,25.49
08/01/2025,ZMFA,"27,090,100.00",5.01,5.01
08/01/2025,ZNCO,"1,443,750,041.28",5.54,5.54
08/01/2025,ZCCM,"160,800,286.00",65.00,65
08/01/2025,ZFCO,"400,000,000.00",3.00,3
08/01/2025,BATZ,"212,456,804.00",3.91,3.91
08/01/2025,NATB,"63,000,000.00",3.00,3
08/01/2025,PUMA,"500,000,000.00",5.80,5.8
08/01/2025,SHOP,"2,700,000.00",252.00,252
08/01/2025,CCAF,"1,625,000,597.00",0.67,0.67
08/01/2025,PMDZ,"100,000,000.00",4.62,4.62
08/01/2025,ATEL,"104,000,000.00",43.50,43.5
08/01/2025,CECZ,"1,625,000,597.00",13.84,13.84
08/01/2025,ZABR,"546,000,000.00",6.90,6.9
08/01/2025,MAFS,"50,000,000.00",1.80,1.8
08/01/2025,ZMBF,"300,579,610.00",2.12,2.05
08/01/2025,SCBL,"1,666,980,000.00",2.65,2.54
08/01/2025,ZSUG,"316,571,385.40",35.90,35.85
08/01/2025,REIZUSD,"864,920,876.00",0.07,0.07
08/01/2025,ZMRE,"45,000,000.00",2.70,2.7
08/01/2025,AECI,"20,406,600.00",31.55,31.55
08/01/2025,BATA,"76,107,600.00",6.00,6
08/01/2025,CHIL,"200,039,904.00",25.49,25.49
09/01/2025,ZMFA,"27,090,100.00",5.01,5.01
09/01/2025,ZNCO,"1,443,750,041.28",5.54,5.54
09/01/2025,ZCCM,"160,800,286.00",65.00,65
09/01/2025,ZFCO,"400,000,000.00",3.00,3
09/01/2025,BATZ,"212,456,804.00",3.91,3.91
09/01/2025,NATB,"63,000,000.00",3.00,3
09/01/2025,PUMA,"500,000,000.00",5.80,5.8
09/01/2025,SHOP,"2,700,000.00",252.00,252
09/01/2025,CCAF,"1,625,000,597.00",0.67,0.67
09/01/2025,PMDZ,"100,000,000.00",4.62,4.62
09/01/2025,ATEL,"104,000,000.00",43.50,43.5
09/01/2025,CECZ,"1,625,000,597.00",13.84,13.84
09/01/2025,ZABR,"546,000,000.00",6.90,6.9
09/01/2025,MAFS,"50,000,000.00",1.80,1.8
09/01/2025,ZMBF,"300,579,610.00",2.06,2.04
09/01/2025,SCBL,"1,666,980,000.00",2.65,2.65
09/01/2025,ZSUG,"316,571,385.40",35.85,35.85
09/01/2025,REIZUSD,"864,920,876.00",0.07,0.07
09/01/2025,ZMRE,"45,000,000.00",2.70,2.7
09/01/2025,AECI,"20,406,600.00",31.55,31.5
09/01/2025,BATA,"76,107,600.00",6.00,6
09/01/2025,CHIL,"200,039,904.00",25.49,25.49
10/01/2025,ZMFA,"27,090,100.00",5.01,5.01
10/01/2025,ZNCO,"1,443,750,041.28",5.54,5.54
10/01/2025,ZCCM,"160,800,286.00",65.00,65
10/01/2025,ZFCO,"400,000,000.00",3.00,3
10/01/2025,BATZ,"212,456,804.00",3.91,3.91
10/01/2025,NATB,"63,000,000.00",3.00,3
10/01/2025,PUMA,"500,000,000.00",5.80,5.8
10/01/2025,SHOP,"2,700,000.00",252.00,252
10/01/2025,CCAF,"1,625,000,597.00",0.67,0.67
10/01/2025,PMDZ,"100,000,000.00",4.62,4.62
10/01/2025,ATEL,"104,000,000.00",43.50,43.5
10/01/2025,CECZ,"1,625,000,597.00",13.85,13.86
10/01/2025,ZABR,"546,000,000.00",6.90,6.9
10/01/2025,MAFS,"50,000,000.00",1.80,1.8
10/01/2025,ZMBF,"300,579,610.00",2.04,2
10/01/2025,SCBL,"1,666,980,000.00",2.65,2.54
10/01/2025,ZSUG,"316,571,385.40",35.85,35.85
10/01/2025,REIZUSD,"864,920,876.00",0.07,0.07
10/01/2025,ZMRE,"45,000,000.00",2.70,2.7
10/01/2025,AECI,"20,406,600.00",31.55,31.5
10/01/2025,BATA,"76,107,600.00",6.00,6
10/01/2025,CHIL,"200,039,904.00",25.49,25.49